date,month,us_m2_usd_bn,cn_m2_cny_bn,ea_m2_eur_bn,usd_per_cny,usd_per_eur,cny_fx_date,eur_fx_date,us_period_basis,cn_period_basis,ea_period_basis,m2_current_fx_usd_bn,m2_fixed_2020_12_fx_usd_bn,us_share_current_fx_pct,cn_share_current_fx_pct,ea_share_current_fx_pct,m2_current_fx_yoy_pct,m2_fixed_fx_yoy_pct,money_balance_contribution_yoy_pp,fx_translation_contribution_yoy_pp,us_m2_yoy_pct,cn_m2_yoy_pct,ea_m2_yoy_pct,total_usd_bn,total_fixed_usd_bn,local_contribution_pct,fx_contribution_pct
2000-01-31,2000-01,4674.0,12122.04,4137.751,0.12080650422218733,0.9757,2000-01-31,2000-01-31,monthly average,month end,month end,10175.624927141525,11592.253381045979,45.93329680944708,14.391462803777891,39.675240386775016,,,,,,,,10175.624927141525,11592.253381045979,,
2000-02-29,2000-02,4675.9,12158.34,4133.651,0.1207933708598072,0.9643,2000-02-29,2000-02-29,monthly average,month end,month end,10130.626531959628,11594.702299436782,46.15607914524031,14.49709816097168,39.34682269378801,,,,,,,,10130.626531959628,11594.702299436782,,
2000-03-31,2000-03,4737.6,12260.681999999999,4143.894,0.12079191177358763,0.9574,2000-03-31,2000-03-31,monthly average,month end,month end,10185.955334028014,11684.614086137932,46.51110126286531,14.539541651832073,38.949357085302616,,,,,,,,10185.955334028014,11684.614086137932,,
2000-04-30,2000-04,4807.7,12412.187,4186.038,0.120774405487989,0.9089,2000-04-28,2000-04-28,monthly average,month end,month end,10111.464443930745,11829.475355226054,47.54701978787801,14.825493518206878,37.627486693915124,,,,,,,,10111.464443930745,11829.475355226054,,
2000-05-31,2000-05,4734.1,12405.325,4177.617,0.12081234218887801,0.9328,2000-05-31,2000-05-31,monthly average,month end,month end,10129.697506464243,11744.524824716475,46.734860512655445,14.795272691093103,38.46986679625146,,,,,,,,10129.697506464243,11744.524824716475,,
2000-06-30,2000-06,4759.5,12660.533,4186.421,0.12079920755719842,0.9545,2000-06-30,2000-06-30,monthly average,month end,month end,10284.82119815176,11819.804453881226,46.27693479839308,14.870286261530715,38.852778940076206,,,,,,,,10284.82119815176,11819.804453881226,,
2000-07-31,2000-07,4775.7,12632.392,4184.938,0.1207846168711953,0.9266,2000-07-31,2000-07-31,monthly average,month end,month end,10179.262178686753,11829.877947946361,46.91597402805203,14.989285088672299,38.09474088327567,,,,,,,,10179.262178686753,11829.877947946361,,
2000-08-31,2000-08,4806.4,12779.029999999999,4176.869,0.1207933708598072,0.8878,2000-08-31,2000-08-31,monthly average,month end,month end,10058.246408218602,11873.18281765134,47.78566566109065,15.346831319993383,36.86750301891597,,,,,,,,10058.246408218602,11873.18281765134,,
2000-09-30,2000-09,4842.0,13047.384,4182.5,0.120775864151308,0.8837,2000-09-29,2000-09-29,monthly average,month end,month end,10113.88432751395,11956.79658045977,47.87478127298487,15.580651572483353,36.54456715453178,,,,,,,,10113.88432751395,11956.79658045977,,
2000-10-31,2000-10,4855.9,12952.244,4187.284,0.12080942313500453,0.8486,2000-10-31,2000-10-31,monthly average,month end,month end,9973.982328343824,11961.966569547893,48.685668774453504,15.688348689942492,35.625982535604,,,,,,,,9973.982328343824,11961.966569547893,,
2000-11-30,2000-11,4884.4,13099.407000000001,4210.799,0.12080650422218733,0.8694,2000-11-30,2000-11-30,monthly average,month end,month end,10127.76221765365,12041.779131022988,48.22783054173633,15.62530333004081,36.14686612822286,,,,,,,,10127.76221765365,12041.779131022988,,
2000-12-31,2000-12,4955.5,13461.026000000002,4299.63,0.1208108826443086,0.9388,2000-12-29,2000-12-29,monthly average,month end,month end,10618.231076357988,12276.939980421455,46.66973212735654,15.315530625236502,38.01473724740695,,,,,,,,10618.231076357988,12276.939980421455,,
2001-01-31,2001-01,4981.6,13568.599000000002,4348.576,0.12080066681968084,0.9308,2001-01-31,2001-01-31,monthly average,month end,month end,10668.350347808855,12379.387221946363,46.69512940229938,15.364098043007225,37.940772554693396,4.8422128782781515,6.790171117096122,6.715247957842436,-1.8730350795642632,6.5810868635002295,11.933296705835005,5.095159181884057,10668.350347808855,12379.387221946363,6.715247957842436,-1.8730350795642632
2001-02-28,2001-02,5010.9,13439.048999999999,4355.581,0.12079774832997113,0.9212,2001-02-28,2001-02-28,monthly average,month end,month end,10646.66807609615,12397.399930816093,47.06542896035661,15.248027338628276,37.68654370101511,5.093875906969214,6.922968875348379,6.899163300791557,-1.8052873938223453,7.164396159028219,10.533584354443114,5.3688615705583365,10646.66807609615,12397.399930816093,6.899163300791557,-1.8052873938223453
2001-03-31,2001-03,5101.2,13691.511999999999,4385.08,0.12080650422218733,0.8794,2001-03-30,2001-03-30,monthly average,month end,month end,10611.463054236126,12562.468855325671,48.07254168371803,15.58714094166155,36.34031737462044,4.177396289836732,7.512911960260493,7.441112083493572,-3.2637157936568335,7.674772036474153,11.670068598141615,5.820274360299749,10611.463054236126,12562.468855325671,7.441112083493572,-3.2637157936568335
2001-04-30,2001-04,5177.4,13812.103,4422.968,0.1208108826443086,0.8874,2001-04-30,2001-04-30,monthly average,month end,month end,10770.994157804102,12703.487258636014,48.06798633577129,15.492092281891026,36.43992138233769,6.522593413946387,7.388424906129387,7.433129382773456,-0.9105359688270749,7.689747696403693,11.278560337513444,5.660005953123215,10770.994157804102,12703.487258636014,7.433129382773456,-0.9105359688270749
2001-05-31,2001-05,5115.4,13721.927000000001,4445.379,0.12081672103419114,0.8455,2001-05-31,2001-05-31,monthly average,month end,month end,10531.806170910535,12655.075835007663,48.5709660526134,15.741252730130771,35.687781217255825,3.9696018976843828,7.752982976160294,7.684782647774485,-3.715180750090108,8.054329228364399,10.613200379675657,6.4094434698058755,10531.806170910535,12655.075835007663,7.684782647774485,-3.715180750090108
2001-06-30,2001-06,5167.1,14188.560000000001,4492.195,0.1208211001969384,0.8474,2001-06-29,2001-06-29,monthly average,month end,month end,10688.063472410273,12835.54643902299,48.34458565237884,16.039177104771483,35.61623724284968,3.9207514305739988,8.59355997897433,8.43659063761112,-4.515839207037128,8.563924782014931,12.0692154113891,7.303947691835089,10688.063472410273,12835.54643902299,8.43659063761112,-4.515839207037128
2001-07-31,2001-07,5195.7,14007.647999999997,4479.923,0.12081672103419114,0.8752,2001-07-31,2001-07-31,monthly average,month end,month end,10808.886710361145,12821.411806011494,48.06878024745624,15.657099071441747,36.27412068110202,6.185365114111052,8.381606829994915,8.368817074629153,-2.1834519605180875,8.794522268986738,10.88674259000193,7.048730471036846,10808.886710361145,12821.411806011494,8.368817074629153,-2.1834519605180875
2001-08-31,2001-08,5231.6,14378.730000000001,4461.073,0.12081818071983473,0.909,2001-08-31,2001-08-31,monthly average,month end,month end,11023.92735666171,12891.129060609197,47.456771355070366,15.758558120504304,36.78467052442533,9.60088776164849,8.573490854065845,8.68721880204695,0.9136689596015451,8.846537949400822,12.518164524224474,6.804235421316807,11023.92735666171,12891.129060609197,8.68721880204695,0.9136689596015451
2001-09-30,2001-09,5343.3,14624.85,4508.739,0.12081964044075005,0.9099,2001-09-28,2001-09-28,monthly average,month end,month end,11212.770734599904,13098.844118839079,47.653698862421805,15.758541401791648,36.587759735786534,10.8651272992764,9.551450764376845,9.733406576990038,1.1317207222863424,10.353159851301118,12.090285684854528,7.800095636580973,11212.770734599904,13098.844118839079,9.733406576990038,1.1317207222863424
2001-10-31,2001-10,5328.4,14615.758000000002,4512.933,0.12081964044075005,0.8993,2001-10-31,2001-10-31,monthly average,month end,month end,11152.751273229016,13087.679970877394,47.77655189702162,15.833497789624339,36.38995031335405,11.818438273500798,9.410772006296032,9.60576805775901,2.2126702157417912,9.73043102205564,12.843442418163221,7.777093696056925,11152.751273229016,13087.679970877394,9.60576805775901,2.2126702157417912
2001-11-30,2001-11,5391.5,14723.685999999998,4565.041,0.12081380176871405,0.8958,2001-11-30,2001-11-30,monthly average,month end,month end,11259.68820950879,13231.048744532567,47.883208661558555,15.798168196225678,36.31862314221578,11.176466898897818,9.87619520811247,10.031667034266883,1.1447998646309425,10.382032593563185,12.399637632451576,8.412702672343197,11259.68820950879,13231.048744532567,10.031667034266883,1.1447998646309425
2001-12-31,2001-12,5471.6,15288.85,4684.363,0.12082255998840104,0.8901,2001-12-31,2001-12-31,monthly average,month end,month end,11488.389502578666,13543.694722946362,47.6272152747942,16.079172767114457,36.29361195809133,8.194947161755861,10.318163520755608,10.253598615851395,-2.0586514540955227,10.41469074765413,13.578638062210114,8.948049018171345,11488.389502578666,13543.694722946362,10.253598615851395,-2.0586514540955227
2002-01-31,2002-01,5457.8,15785.344999999998,4655.663,0.12082401981513924,0.8594,2002-01-31,2002-01-31,monthly average,month end,month end,11366.125619268809,13570.885810685824,48.01812141463121,16.780114006794722,35.201764578574064,6.540610766530253,9.62485919034146,9.550528612971172,-3.0099178464409184,9.559177774209093,16.337324140834262,7.061782983670972,11366.125619268809,13570.885810685824,9.550528612971172,-3.0099178464409184
2002-02-28,2002-02,5477.2,15918.297,4644.451,0.12082401981513924,0.8658,2002-02-28,2002-02-28,monthly average,month end,month end,11421.678307951272,13596.949320126438,47.95442361729811,16.839142027072725,35.206434355629156,7.279368778248774,9.675814251411197,9.61733267531865,-2.3379638970698857,9.305713544473049,18.44809108144483,6.632180643638574,11421.678307951272,13596.949320126438,9.61733267531865,-2.3379638970698857
2002-03-31,2002-03,5526.1,16230.092999999999,4670.235,0.1208108826443086,0.8717,2002-03-29,2002-03-29,monthly average,month end,month end,11557.915710229216,13725.167979712644,47.81225385740771,16.964753073894226,35.22299306869805,8.919153288813098,9.255339358664871,9.247076571997775,-0.3279232831846925,8.329412687210858,18.541275791892087,6.502846014211827,11557.915710229216,13725.167979712644,9.247076571997775,-0.3279232831846925
2002-04-30,2002-04,5540.2,16282.522,4706.318,0.12081234218887801,0.9002,2002-04-30,2002-04-30,monthly average,month end,month end,11743.957083161935,13791.432584498085,47.1748999146407,16.75014312154065,36.07495696381866,9.033176613997828,8.56414702287729,8.490521110086945,0.5426555039108846,7.007378220728544,17.885900503348417,6.406331675924415,11743.957083161935,13791.432584498085,8.490521110086945,0.5426555039108846
2002-05-31,2002-05,5506.6,16426.836,4728.195,0.12082401981513924,0.9339,2002-05-31,2002-05-31,monthly average,month end,month end,11907.017668864042,13806.70524362069,46.24667698612177,16.66879493724135,37.08452807663688,13.057698514732664,9.100138344705,9.206678197545873,3.8510203171867845,7.647495797005144,19.71231154341513,6.362022225776465,11907.017668864042,13806.70524362069,9.206678197545873,3.8510203171867845
2002-06-30,2002-06,5544.6,16786.941,4768.158,0.120815261383818,0.9856,2002-06-28,2002-06-28,monthly average,month end,month end,12272.215189549732,13948.768498367815,45.18010737557342,16.526100898856082,38.29379172557049,14.821690769602203,8.672961954781888,8.835573977998866,5.986116791603346,7.305838865127434,18.31321148869227,6.14316609140968,12272.215189549732,13948.768498367815,8.835573977998866,5.986116791603346
2002-07-31,2002-07,5585.5,16912.295000000002,4758.307,0.1208211001969384,0.9796,2002-07-31,2002-07-31,monthly average,month end,month end,12290.09962595518,13996.832066363986,45.44714990108063,16.626082382927564,37.926767715991815,13.703658436665634,9.167635188204315,9.241558678797492,4.4620997578681445,7.502357718882924,20.736150708527255,6.214035375161586,12290.09962595518,13996.832066363986,9.241558678797492,4.4620997578681445
2002-08-31,2002-08,5628.4,17152.420000000002,4750.263,0.12081964044075005,0.9806,2002-08-30,2002-08-30,monthly average,month end,month end,12358.857114888731,14066.695020647508,45.541427881866674,16.76812991544476,37.69044220268856,12.109384569015047,9.11918540657879,9.11781149827741,2.9915730707376222,7.584677727655009,19.290229387435474,6.4825211333685795,12358.857114888731,14066.695020647508,9.11781149827741,2.9915730707376222
2002-09-30,2002-09,5652.9,17525.487,4792.133,0.1208108826443086,0.9879,2002-09-30,2002-09-30,monthly average,month end,month end,12504.317743941356,14199.577049804597,45.20758441810203,16.93230767642021,37.86010790547776,11.518535783096407,8.403282923127664,8.284783541755743,3.233752241340667,5.794172140811837,19.83361880634673,6.2854381236084,12504.317743941356,14199.577049804597,8.284783541755743,3.233752241340667
2002-10-31,2002-10,5691.9,17553.474,4811.015,0.120815261383818,0.9881,2002-10-31,2002-10-31,monthly average,month end,month end,12566.391471004052,14265.958931206897,45.29462585288391,16.876185613009614,37.829188534106486,12.675259791441128,9.002962808927162,8.963952638520412,3.7113071529207247,6.821935290143388,20.099648612134914,6.60506149770006,12566.391471004052,14265.958931206897,8.963952638520412,3.7113071529207247
2002-11-30,2002-11,5764.9,17801.843,4875.496,0.12081234218887801,0.9932,2002-11-29,2002-11-29,monthly average,month end,month end,12757.924975308682,14455.883408766284,45.18681534150122,16.85761871363134,37.95556594486744,13.306201183569488,9.257275729861192,9.223224758799429,4.082976424770054,6.925716405453031,20.906157602111342,6.800705623454428,12757.924975308682,14455.883408766284,9.223224758799429,4.082976424770054
2002-12-31,2002-12,5811.5,18324.694,4981.449,0.12077294685990339,1.0485,2002-12-31,2002-12-31,monthly average,month end,month end,13247.67657118599,14712.194349222224,43.86806976130554,16.705776917135754,39.42615332155871,15.313609172220666,8.627628207656922,8.657336996825771,6.656272175394908,6.212076906206576,19.856588298008027,6.342078955025454,13247.67657118599,14712.194349222224,8.657336996825771,6.656272175394908
2003-01-31,2003-01,5801.1,18891.838,4923.614,0.12081964044075005,1.0739,2003-01-31,2003-01-31,monthly average,month end,month end,13371.074149024898,14717.980764911877,43.385444844182935,17.070469051219444,39.544086104597625,17.639683009988328,8.452616654712553,8.601409455058814,9.038273554929507,6.290080252116237,19.67960155447983,5.75537791287728,13371.074149024898,14717.980764911877,8.601409455058814,9.038273554929507
2003-02-28,2003-02,5828.5,18844.436999999998,4951.523,0.12080942313500453,1.0779,2003-02-28,2003-02-28,monthly average,month end,month end,13442.332204973936,14772.248950839079,43.359291461665684,16.935941833304433,39.704766705029876,17.691392127687354,8.6438479914972,8.783775357065037,8.907616770622305,6.4138610969108445,18.3822427738344,6.611588753977604,13442.332204973936,14772.248950839079,8.783775357065037,8.907616770622305
2003-03-31,2003-03,5889.2,19283.244,5006.352,0.1208108826443086,1.09,2003-03-31,2003-03-31,monthly average,month end,month end,13675.749407885567,14967.254932781609,43.06308798407955,17.03472079228275,39.90219122363771,18.323664497587444,9.049703106766426,9.185343216050315,9.138321281537134,6.570637520131739,18.811666698397843,7.197004005151775,13675.749407885567,14967.254932781609,9.185343216050315,9.138321281537134
2003-04-30,2003-04,5945.2,19447.698,5052.347,0.120815261383818,1.118,2003-04-30,2003-04-30,monthly average,month end,month end,13943.302663183556,15104.710495942529,42.63839166095088,16.85094825767122,40.51066008137788,18.727466087005418,9.522418381108588,9.677954387388606,9.049511699616797,7.310205407747006,19.43910163302711,7.352435598274476,13943.302663183556,15104.710495942529,9.677954387388606,9.049511699616797
2003-05-31,2003-05,5944.2,19781.196,5109.432,0.12081964044075005,1.1766,2003-05-30,2003-05-30,monthly average,month end,month end,14345.914679408004,15224.63625554023,41.4347926419237,16.65949534496065,41.90571201311563,20.48285371173586,10.26987240547259,10.457532633163256,10.025321078572583,7.9468274434315145,20.42000054057884,8.063055774983896,14345.914679408004,15224.63625554023,10.457532633163256,10.025321078572583
2003-06-30,2003-06,5998.5,20307.174,5130.101,0.12080796366096454,1.1502,2003-06-30,2003-06-30,monthly average,month end,month end,14352.410508848883,15384.824097712644,41.79437312151617,17.093075320945825,41.112551557538,16.95044690114722,10.295214229936246,10.313573673009987,6.636873228137233,8.1863434693215,20.97006834062263,7.590834867468721,14352.410508848883,15384.824097712644,10.313573673009987,6.636873228137233
2003-07-31,2003-07,6041.7,20438.109999999997,5124.234,0.1208108826443086,1.1231,2003-07-31,2003-07-31,monthly average,month end,month end,14265.87331408147,15440.915576636016,42.350719559779044,17.308061373601575,40.34121906661938,16.076140537979853,10.317216806096653,10.308233657969582,5.76790688001026,8.16757676125681,20.847643681711993,7.690277235159493,14265.87331408147,15440.915576636016,10.308233657969582,5.76790688001026
2003-08-31,2003-08,6098.2,20869.239999999998,5125.966,0.12081380176871405,1.0986,2003-08-29,2003-08-29,monthly average,month end,month end,14250.878472023716,15565.607375854408,42.79174797519704,17.69218809474331,39.51606393005966,15.309031729606005,10.6557535583643,10.595112735456846,4.713918994149184,8.346954729585686,21.66936210750434,7.909098927785685,14250.878472023716,15565.607375854408,10.595112735456846,4.713918994149184
2003-09-30,2003-09,6070.7,21161.15,5136.978,0.120815261383818,1.165,2003-09-30,2003-09-30,monthly average,month end,month end,14611.86923843218,15596.312216605364,41.54636139250978,17.496665393828124,40.9569732136621,16.854590051600262,9.836456127543514,9.82255922505632,7.0320308265439335,7.390896707884442,20.745004118858446,7.196064883841924,14611.86923843218,15596.312216605364,9.82255922505632,7.0320308265439335
2003-10-31,2003-10,6054.7,21250.54,5157.878,0.12082255998840104,1.1609,2003-10-31,2003-10-31,monthly average,month end,month end,14610.025214135916,15619.572533463603,41.44209138079913,17.5738549817949,40.98405363740597,16.26269361293882,9.488416508025033,9.40747216957579,6.855221443363014,6.373970027583065,21.061733990661914,7.209767585426352,14610.025214135916,15619.572533463603,9.40747216957579,6.855221443363014
2003-11-30,2003-11,6083.5,21435.884000000002,5206.044,0.12081672103419114,1.1995,2003-11-28,2003-11-28,monthly average,month end,month end,14917.96299534928,15735.684762191571,40.779696275534064,17.36036761960506,41.859936104860886,16.93095095182855,8.853152154293076,8.779180495572817,8.151770456255743,5.526548595812586,20.413847038197108,6.779781995513878,14917.96299534928,15735.684762191571,8.779180495572817,8.151770456255743
2003-12-31,2003-12,6105.1,21922.681,5297.999,0.1208211001969384,1.2597,2003-12-31,2003-12-31,monthly average,month end,month end,15427.711777986518,15944.35063140613,39.57229748556257,17.168602031222317,43.25910048321511,16.455981508049167,8.375068007778497,8.254703905381149,8.201277602668016,5.052051965929638,19.634636190923583,6.354576750660312,15427.711777986518,15944.35063140613,8.254703905381149,8.201277602668016
2004-01-31,2004-01,6065.5,22510.193000000003,5271.712,0.12081964044075005,1.2452,2004-01-30,2004-01-30,monthly average,month end,month end,15349.509206911891,15962.641783662835,39.51592144241786,17.718308695415608,42.76576986216653,14.796380872895476,8.456737636987999,8.265643983939686,6.530736888955787,4.557756287600623,19.15300671115221,7.069969335532811,15349.509206911891,15962.641783662835,8.265643983939686,6.530736888955787
2004-02-29,2004-02,6096.5,22705.072,5273.548,0.12081818071983473,1.2441,2004-02-27,2004-02-27,monthly average,month end,month end,15400.506558952859,16025.753725072795,39.586360206157565,17.81230689816595,42.601332895676485,14.567221849005918,8.485537837910018,8.24476735364399,6.322454495361935,4.5980955648966315,20.486868352713337,6.503554562909231,15400.506558952859,16025.753725072795,8.24476735364399,6.322454495361935
2004-03-31,2004-03,6176.5,23165.46,5310.219,0.12081672103419114,1.2292,2004-03-31,2004-03-31,monthly average,month end,month end,15502.596113248714,16221.159905965516,39.84171396119574,18.053588560285366,42.10469747851891,13.358293215798245,8.37765494618241,8.106973992093515,5.251319223704727,4.878421517353804,20.132587649671407,6.069629143136557,15502.596113248714,16221.159905965516,8.106973992093515,5.251319223704727
2004-04-30,2004-04,6243.6,23362.786,5344.467,0.120815261383818,1.1975,2004-04-30,2004-04-30,monthly average,month end,month end,15466.180329744202,16360.386742532566,40.36937283081106,18.250020606677403,41.38060656251155,10.921929354525961,8.313143419248847,7.957973350105154,2.963956004420837,5.019175132880327,20.131369789884634,5.7818673182978175,15466.180329744202,16360.386742532566,7.957973350105154,2.963956004420837
2004-05-31,2004-05,6257.1,23484.239999999998,5377.365,0.12081818071983473,1.2217,2004-05-28,2004-05-28,monthly average,month end,month end,15663.949972887971,16432.73463637931,39.94586302197169,18.113714339607615,41.940422638420706,9.187530547437749,7.93515431542382,7.539356137489041,1.6481744099487199,5.263954779448876,18.72002077124153,5.243890123207429,15663.949972887971,16432.73463637931,7.539356137489041,1.6481744099487199
2004-06-30,2004-06,6280.2,23842.749,5408.012,0.12082255998840104,1.2179,2004-06-30,2004-06-30,monthly average,month end,month end,15747.359786140889,16548.259825425288,39.88097106619198,18.293491800931637,41.82553713287637,9.719268247183699,7.562229638268136,7.23162104536994,2.487647201813756,4.696174043510881,17.41047277183916,5.417261765411641,15747.359786140889,16548.259825425288,7.23162104536994,2.487647201813756
2004-07-31,2004-07,6285.8,23812.696999999996,5428.44,0.12081818071983473,1.2032,2004-07-30,2004-07-30,monthly average,month end,month end,15694.305737572664,16574.237598927204,40.05146901752778,18.33153232567033,41.61699865680191,10.012933607655317,7.339733299274309,7.049244969340709,2.9636886383146166,4.040253571014785,16.511247860002708,5.936614135888396,15694.305737572664,16574.237598927204,7.049244969340709,2.9636886383146166
2004-08-31,2004-08,6308.1,23972.919,5397.916,0.12082255998840104,1.2183,2004-08-31,2004-08-31,monthly average,month end,month end,15780.85050677458,16583.761842712644,39.9731307085888,18.354330412870656,41.67253887854055,10.735984014981192,6.541051963302191,6.314848099207646,4.421135915773541,3.441999278475616,14.87202696408687,5.305341471246594,15780.85050677458,16583.761842712644,6.314848099207646,4.421135915773541
2004-09-30,2004-09,6340.9,24375.688000000002,5451.083,0.12082255998840104,1.2417,2004-09-30,2004-09-30,monthly average,month end,month end,16054.642786738546,16743.312133521074,39.495740168306384,18.344431979958383,42.15982785173523,9.873983436093026,7.354302100303567,7.093926275652356,2.780057160440673,4.450887047622176,15.190752865510614,6.114587214506262,16054.642786738546,16743.312133521074,7.093926275652356,2.780057160440673
2004-10-31,2004-10,6362.1,24374.032,5490.285,0.12082255998840104,1.2746,2004-10-29,2004-10-29,monthly average,month end,month end,16304.950204479206,16812.202386417626,39.01943839271732,18.06158808550173,42.918973521780956,11.601109276001576,7.635483304033541,7.457734725461474,4.143374550540102,5.077047582869509,14.698412369756241,6.444646422424105,16304.950204479206,16812.202386417626,7.457734725461474,4.143374550540102
2004-11-30,2004-11,6411.7,24713.557999999997,5528.865,0.12082401981513924,1.3259,2004-11-30,2004-11-30,monthly average,month end,month end,16728.41352499459,16961.02036243295,38.32820123928682,17.84981831680036,43.82198044391284,12.136043843316436,7.786986195767698,7.587067107380186,4.548976735936254,5.394920687104454,15.290594033817296,6.200888813079564,16728.41352499459,16961.02036243295,7.587067107380186,4.548976735936254
2004-12-31,2004-12,6453.7,25320.769999999997,5632.265,0.12082401981513924,1.3538,2004-12-31,2004-12-31,monthly average,month end,month end,17138.017573214584,17222.53787277778,37.65721427480995,17.85128999398463,44.491495731205404,11.085933026493699,8.016552513929032,7.752075776492416,3.3338572500012758,5.7099801805048145,15.50033501833099,6.309287714097356,17138.017573214584,17222.53787277778,7.752075776492416,3.3338572500012758
2005-01-31,2005-01,6410.5,25770.847,5637.298,0.12082401981513924,1.3049,2005-01-31,2005-01-31,monthly average,month end,month end,16880.34748878092,17254.47054978544,37.97611396483734,18.445931463498518,43.577954571664144,9.973206708001413,8.092825633942024,7.851056322057162,2.12215038594425,5.687907015085325,14.485233422920896,6.934862906016104,16880.34748878092,17254.47054978544,7.851056322057162,2.12215038594425
2005-02-28,2005-02,6411.8,25935.729,5643.364,0.12082401981513924,1.3274,2005-02-28,2005-02-28,monthly average,month end,month end,17036.46040821608,17288.458539816093,37.63575206565688,18.393838623337675,43.97040931100543,10.622727525233145,7.879222633801963,7.669374061207294,2.953353464025853,5.171819896662022,14.228789937332053,7.012660167310503,17036.46040821608,17288.458539816093,7.669374061207294,2.953353464025853
2005-03-31,2005-03,6471.4,26458.894,5680.387,0.12082401981513924,1.2969,2005-03-31,2005-03-31,monthly average,month end,month end,17035.163833242666,17473.516212877395,37.988481140237795,18.766299897299785,43.24521896246243,9.885877880055215,7.720510211179854,7.484905107329298,2.4009727727259165,4.774548692625258,14.21700238199457,6.9708612770960965,17035.163833242666,17473.516212877395,7.484905107329298,2.4009727727259165
2005-04-30,2005-04,6514.3,26699.265999999996,5738.282,0.12082401981513924,1.2919,2005-04-29,2005-04-29,monthly average,month end,month end,17153.499160033673,17624.06041856705,37.97650811198811,18.806149195202106,43.21734269280979,10.909732036710174,7.723984132656692,7.5260589243795515,3.383673112330617,4.335639695047733,14.281173486757947,7.368648735224692,17153.499160033673,17624.06041856705,7.5260589243795515,3.383673112330617
2005-05-31,2005-05,6465.5,26924.049,5778.327,0.12082401981513924,1.2349,2005-05-31,2005-05-31,monthly average,month end,month end,16854.227842179782,17658.684955482757,38.36129462910956,19.301221392881416,42.337483978009026,7.598835998276354,7.460415726481684,7.127851752734845,0.4709842455415016,3.3306164197471677,14.647308152190575,7.456477289527497,16854.227842179782,17658.684955482757,7.127851752734845,0.4709842455415016
2005-06-30,2005-06,6517.6,27578.552999999996,5858.475,0.12082401981513924,1.2098,2005-06-30,2005-06-30,monthly average,month end,month end,16937.334689144867,17909.11308591954,38.4806707762416,19.67341199368542,41.845917230072985,7.556662952803461,8.223542987906152,7.84618284612767,-0.2895198933242035,3.780134390624501,15.668512049512406,8.329548824965638,16937.334689144867,17909.11308591954,7.84618284612767,-0.2895198933242035
2005-07-31,2005-07,6536.8,27696.628000000004,5896.526,0.1233714962495065,1.2129,2005-07-29,2005-07-29,monthly average,month end,month end,17105.670822825978,17992.945244360155,38.2142277125854,19.975682174746005,41.8100901126686,8.992848163231981,8.559715866054551,8.22386948497301,0.7689786782589529,3.993127366444993,16.310336456219176,8.62284560573572,17105.670822825978,17992.945244360155,8.22386948497301,0.7689786782589529
2005-08-31,2005-08,6561.1,28128.821999999996,5859.423,0.12345983851453123,1.233,2005-08-31,2005-08-31,monthly average,month end,month end,17258.548380723994,18038.104903712643,38.0165229152648,20.12208527110384,41.86139181363135,9.363867133238802,8.769681299053843,8.40419234928698,0.9596747839518238,4.010716380526613,17.33582381019181,8.549725486650761,17258.548380723994,18038.104903712643,8.40419234928698,0.9596747839518238
2005-09-30,2005-09,6593.4,28743.826999999997,5939.643,0.12357884330202669,1.2058,2005-09-30,2005-09-30,monthly average,month end,month end,17307.550422133565,18262.767603559387,38.09551230062057,20.523579629102013,41.380908070277414,7.804020631526876,9.074999366441205,8.621586721488256,-0.8175660899613887,3.9820845621284073,17.92006445110388,8.96262265681884,17307.550422133565,18262.767603559387,8.621586721488256,-0.8175660899613887
2005-10-31,2005-10,6620.3,28759.161,5976.941,0.12369348753788113,1.1995,2005-10-31,2005-10-31,monthly average,month end,month end,17346.961652253416,18337.633095873563,38.16403202309498,20.50688180481054,41.329086172094485,6.390767433855493,9.073354426712799,8.563871663360525,-2.1731042295050393,4.058408387167756,17.99098729336206,8.86394786427298,17346.961652253416,18337.633095873563,8.563871663360525,-2.1731042295050393
2005-11-30,2005-11,6661.3,29235.039,6002.366,0.12375624969060939,1.179,2005-11-30,2005-11-30,monthly average,month end,month end,17356.108300198703,18482.659365126434,38.38014769661087,20.84579517262682,40.77405713076232,3.7522672085206876,8.971388337365415,8.342505678362068,-4.590238469841383,3.892883322675744,18.295548540602713,8.564162807375485,17356.108300198703,18482.659365126434,8.342505678362068,-4.590238469841383
2005-12-31,2005-12,6714.9,29875.548,6168.737,0.12391266635275458,1.1842,2005-12-30,2005-12-30,monthly average,month end,month end,17721.877166829705,18837.89339697701,37.8904556034751,20.88920251833544,41.22034187818945,3.4068093997502435,9.379311783964717,8.748640842325738,-5.341831442575506,4.047290701458084,17.98830762255652,9.5249779617969,17721.877166829705,18837.89339697701,8.748640842325738,-5.341831442575506
2006-01-31,2006-01,6713.0,30357.164999999997,6134.008,0.12405716554188169,1.2158,2006-01-31,2006-01-31,monthly average,month end,month end,17936.750770187216,18867.33086445977,37.425953485163646,20.99613186378632,41.57791465105003,6.2581844485630755,9.347492350000763,8.827306094394457,-2.5691216458313857,4.7188206848139735,17.796535752200903,8.811136115209806,17936.750770187216,18867.33086445977,8.827306094394457,-2.5691216458313857
2006-02-28,2006-02,6730.4,30451.627,6157.331,0.12435490891002923,1.1925,2006-02-28,2006-02-28,monthly average,month end,month end,17859.826519247188,18927.731828325668,37.684576570476644,21.202945603453742,41.11247782606961,4.832964661098416,9.481893858462032,8.920715936117412,-4.087751275019001,4.968963473595545,17.41187995910969,9.107457892136694,17859.826519247188,18927.731828325668,8.920715936117412,-4.087751275019001
2006-03-31,2006-03,6803.2,31049.065000000002,6212.517,0.12473960607232402,1.2139,2006-03-31,2006-03-31,monthly average,month end,month end,18217.622523313985,19159.585685636015,37.34406062752487,21.259898936084845,41.39604043639027,6.941281584646997,9.649285537137864,9.177637118175822,-2.236355533528844,5.127174954414815,17.34831017502092,9.367847648408457,18217.622523313985,19159.585685636015,9.177637118175822,-2.236355533528844
2006-04-30,2006-04,6866.8,31370.233999999997,6316.677,0.12474271814382834,1.2624,2006-04-28,2006-04-28,monthly average,month end,month end,18754.181302767938,19399.794668318005,36.61476813699421,20.865790912399827,42.519440950605976,9.331519638067377,10.075625069238935,9.704809182980092,-0.3732895449127063,5.411172343920301,17.494743113911838,10.079584795588637,18754.181302767938,19399.794668318005,9.704809182980092,-0.3732895449127063
2006-05-31,2006-05,6805.2,31670.981,6321.177,0.12466496291217354,1.2833,2006-05-31,2006-05-31,monthly average,month end,month end,18865.428115857154,19389.78966257088,36.07233272527728,20.928555914606992,42.99911136011573,11.932912575467247,9.803134896240628,9.527948737342896,2.4049638381243446,5.254040677441796,17.63082514075056,9.394587741399874,18865.428115857154,19389.78966257088,9.527948737342896,2.4049638381243446
2006-06-30,2006-06,6859.0,32275.635,6386.776,0.12508912600227662,1.2779,2006-06-30,2006-06-30,monthly average,month end,month end,19057.99202371849,19616.484519264366,35.99015043905822,21.184450955241548,42.82539860570024,12.520608309952985,9.533534269138055,9.305267523887794,3.2153407860651875,5.2381244629924995,17.031647744535405,9.017722188794863,19057.99202371849,19616.484519264366,9.305267523887794,3.2153407860651875
2006-07-31,2006-07,6880.9,32401.076,6382.249,0.12548625925461163,1.2764,2006-07-31,2006-07-31,monthly average,month end,month end,19093.092446664374,19652.07267259387,36.03868791407919,21.295082681981665,42.666229403939155,11.618495669788986,9.220988591368972,8.967928430996698,2.6505672387923,5.264043568718635,16.98563449673367,8.237443538788769,19093.092446664374,19652.07267259387,8.967928430996698,2.6505672387923
2006-08-31,2006-08,6900.2,32788.566999999995,6360.016,0.12572606804294803,1.2793,2006-08-31,2006-08-31,monthly average,month end,month end,19158.94607447276,19703.5673074636,36.01555102863292,21.51672430022331,42.467724671143785,11.011341462943136,9.23302316202943,8.972314784917506,2.0390266780256523,5.168340674582006,16.56573104981076,8.543383879265921,19158.94607447276,19703.5673074636,8.972314784917506,2.0390266780256523
2006-09-30,2006-09,6927.8,33186.536,6461.105,0.12651821862348178,1.2687,2006-09-29,2006-09-29,monthly average,month end,month end,19323.705330504046,19915.79057208812,35.85130222961899,21.72824179002593,42.420455980355094,11.648990522611125,9.051327840401147,8.869730585801555,2.7792599368095914,5.071738405071757,15.45621952149936,8.77934919657628,19323.705330504046,19915.79057208812,8.869730585801555,2.7792599368095914
2006-10-31,2006-10,6970.8,33274.717,6472.185,0.12692771466649744,1.2773,2006-10-31,2006-10-31,monthly average,month end,month end,19461.205685484452,19985.855741590036,35.81895239511968,21.702066425075735,42.478981179804585,12.187978941870714,8.988197315864955,8.818012265980258,3.369966675890462,5.294322009576602,15.701278629094917,8.285910802867225,19461.205685484452,19985.855741590036,8.818012265980258,3.369966675890462
2006-11-30,2006-11,7033.7,33750.41499999999,6535.927,0.12764871074802145,1.3261,2006-11-30,2006-11-30,monthly average,month end,month end,20009.189756660686,20199.616115636014,35.15234792382641,21.53109153521104,43.316560540962534,15.286154076554181,9.289554693353153,9.266511622621973,6.019642453932189,5.590500352783989,15.44508286785591,8.889178034128541,20009.189756660686,20199.616115636014,9.266511622621973,6.019642453932189
2006-12-31,2006-12,7108.6,34557.791,6743.791,0.12813777373431914,1.3197,2006-12-29,2006-12-29,monthly average,month end,month end,20436.539386615892,20652.46957307663,34.78377559683857,21.66784855373282,43.54837584942861,15.318141493877757,9.63258543755645,9.61365177985314,5.704489714024613,5.86308061177383,15.672492434281038,9.322070303856368,20436.539386615892,20652.46957307663,9.61365177985314,5.704489714024613
2007-01-31,2007-01,7106.9,35149.877,6704.078691,0.12867694366523408,1.2998,2007-01-31,2007-01-31,monthly average,month end,month end,20343.84022513071,20692.942568594917,34.93391572757664,22.23266941008355,42.83341486233981,13.41987456805349,9.67604648081959,9.5701603714986,3.8497141965548765,5.867719350513934,15.787745660703179,9.293608534582942,20343.84022513071,20692.942568594917,9.5701603714986,3.8497141965548765
2007-02-28,2007-02,7118.8,35865.925,6707.663587,0.1291822761917065,1.323,2007-02-28,2007-02-28,monthly average,month end,month end,20626.28075482203,20818.96605349104,34.51325076303812,22.462807930789307,43.023941306172574,15.489815831041188,9.991869296959855,9.893398160984534,5.596417670056664,5.7708308570070255,17.779995794641778,8.937843149897251,20626.28075482203,20818.96605349104,9.893398160984534,5.596417670056664
2007-03-31,2007-03,7216.8,36410.466,6830.308977,0.12948000828672052,1.3374,2007-03-30,2007-03-30,monthly average,month end,month end,21066.082665243157,21150.415924848014,34.257911708981226,22.379231650797944,43.36285664022082,15.635740274472475,10.390779173813392,10.33709519654477,5.298645077927698,6.079492003762943,17.267511920246225,9.944310446152492,21066.082665243157,21150.415924848014,10.33709519654477,5.298645077927698
2007-04-30,2007-04,7305.9,36732.645000000004,6875.257541999999,0.12971851083149566,1.366,2007-04-30,2007-04-30,monthly average,month end,month end,21462.405810673983,21343.864111797033,34.040452242155105,22.20116444696166,43.75838331088325,14.440643737971847,10.021082576991947,9.893523822807191,4.547119915164655,6.394536028426634,17.09394644617572,8.842949259555288,21462.405810673983,21343.864111797033,9.893523822807191,4.547119915164655
2007-05-31,2007-05,7250.2,36971.815,6928.8726050000005,0.1306916200533222,1.3453,2007-05-31,2007-05-31,monthly average,month end,month end,21403.518714168218,21390.389739976305,33.8738695110009,22.575289900642375,43.55084058835673,13.453660222943453,10.31780185458786,10.17997445067736,3.273685772266099,6.539117145712092,16.737195478725475,9.613646398447639,21403.518714168218,21390.389739976305,10.17997445067736,3.273685772266099
2007-06-30,2007-06,7294.2,37783.215000000004,7023.576913,0.13137151865475566,1.352,2007-06-29,2007-06-29,monthly average,month end,month end,21753.714320585146,21674.56559908176,33.530825552386844,22.817429065491325,43.65174538212182,14.144839044489665,10.491589753486451,10.383046213560892,3.761792830928754,6.344948243184145,17.064203384379596,9.970616051040459,21753.714320585146,21674.56559908176,10.383046213560892,3.761792830928754
2007-07-31,2007-07,7297.6,38388.488,7063.71831,0.13206550449022716,1.3711,2007-07-31,2007-07-31,monthly average,month end,month end,22052.45920917803,21819.82067320663,33.09200090012096,22.98970371625052,43.91829538362853,15.499672307042477,11.030632934895612,10.945472900127854,4.554199406914629,6.055893851095062,18.479052979598578,10.67757321909566,22052.45920917803,21819.82067320663,10.945472900127854,4.554199406914629
2007-08-31,2007-08,7356.8,38720.50399999999,7044.7593,0.1325170284381543,1.3641,2007-08-31,2007-08-31,monthly average,month end,month end,22097.682290837667,21906.71748213755,33.292179257416244,23.220200481546332,43.48762026103742,15.338715422767745,11.181478664725898,11.104818087828768,4.23389733493897,6.617199501463733,18.091479874677052,10.766377002825145,22097.682290837667,21906.71748213755,11.104818087828768,4.23389733493897
2007-09-30,2007-09,7377.4,39309.890999999996,7140.136015000001,0.1334614563314115,1.4219,2007-09-28,2007-09-28,monthly average,month end,month end,22776.314700817544,22134.290714161092,32.390665904063894,23.034258922057877,44.57507517387824,17.867222208482293,11.139402847417902,11.173190176616572,6.694032031865731,6.489794740032906,18.45132315105136,10.509518340903012,22776.314700817544,22134.290714161092,11.173190176616572,6.694032031865731
2007-10-31,2007-10,7389.4,39420.417,7229.7891629999995,0.13390107388661257,1.4468,2007-10-31,2007-10-31,monthly average,month end,month end,23127.895130386478,22272.875364739804,31.950162167120308,22.822812623458457,45.22702520942124,18.841018918149068,11.443190888196696,11.571649411214338,7.269369506934717,6.005049635622872,18.469578569218204,11.705539365762863,23127.895130386478,22272.875364739804,11.571649411214338,7.269369506934717
2007-11-30,2007-11,7448.5,39975.791,7288.789242000001,0.13540961408259986,1.4688,2007-11-30,2007-11-30,monthly average,month end,month end,23567.38007060627,22489.24725062884,31.605125294728563,22.968638922694716,45.42623578257673,17.782780598405434,11.335023011751598,11.423280297106535,6.3595003012989135,5.89732288838023,18.445331709254553,11.51882880576851,23567.38007060627,22489.24725062884,11.423280297106535,6.3595003012989135
2007-12-31,2007-12,7516.5,40340.13,7436.873890000001,0.1370877087160365,1.4603,2007-12-31,2007-12-31,monthly average,month end,month end,23906.702932574044,22794.192169768852,31.440972940515373,23.132156728613406,45.42687033087123,16.980191608324844,10.37029779472116,10.46212865170077,6.518062956624082,5.738120023633342,16.73237447381981,10.277348304536726,23906.702932574044,22794.192169768852,10.46212865170077,6.518062956624082
2008-01-31,2008-01,7514.7,41784.617000000006,7449.456192,0.1392408588376173,1.4841,2008-01-31,2008-01-31,monthly average,month end,month end,24388.563891828104,23029.157643122515,30.812392370991375,23.855959633729764,45.331647995278864,19.881810031623015,11.289912330173891,11.473304288550754,8.40850574307227,5.738085522520375,18.87557102973647,11.118268972597889,24388.563891828104,23029.157643122515,11.473304288550754,8.40850574307227
2008-02-29,2008-02,7598.7,42103.78399999999,7471.6748210000005,0.14061730999085986,1.5187,2008-02-29,2008-02-29,monthly average,month end,month end,24866.4533971689,23189.24550914813,30.558036880583575,23.809269267125437,45.632693852291,20.557136270704547,11.385192951307154,11.669245070751803,8.887891199952755,6.741304714277674,17.392159828583775,11.3901245059564,24866.4533971689,23189.24550914813,11.669245070751803,8.887891199952755
2008-03-31,2008-03,7733.3,42305.452999999994,7544.870828,0.14261266400456363,1.5805,2008-03-31,2008-03-31,monthly average,month end,month end,25691.261697903858,23444.271352145915,30.100896137113256,23.483834407175546,46.415269455711204,21.955572405930802,10.845438857791102,11.2075957975236,10.747976608407221,7.156911650593067,16.190364056312802,10.461632898397077,25691.261697903858,23444.271352145915,11.2075957975236,10.747976608407221
2008-04-30,2008-04,7780.9,42931.371999999996,7625.570923,0.1431229426077,1.5568,2008-04-30,2008-04-30,monthly average,month end,month end,25796.85310375222,23686.49385185582,30.16220609818586,23.81865829182122,46.019135609992915,20.19553320962073,10.975658989339166,11.262217471760156,8.93331573786057,6.5015946016233395,16.875253606158758,10.913240361054699,25796.85310375222,23686.49385185582,11.262217471760156,8.93331573786057
2008-05-31,2008-05,7723.0,43622.15999999999,7688.719573,0.1440922190201729,1.556,2008-05-30,2008-05-30,monthly average,month end,month end,25972.26148844103,23811.692543526122,29.735570017409252,24.201257313116304,46.063172669474426,21.345755505371635,11.319582452603317,11.627880922277264,9.717874583094357,6.521199415188539,17.98760758702267,10.96638676040429,25972.26148844103,23811.692543526122,11.627880922277264,9.717874583094357
2008-06-30,2008-06,7746.5,44314.102,7734.626558,0.1457917219460279,1.5748,2008-06-30,2008-06-30,monthly average,month end,month end,26387.61914061032,23997.38153713898,29.35657043828635,24.4835625474413,46.15986701427234,21.30167175929214,10.716781969349466,11.022995510622593,10.27867624866954,6.200817087549004,17.285154267576218,10.123753947705927,26387.61914061032,23997.38153713898,11.022995510622593,10.27867624866954
2008-07-31,2008-07,7760.6,44636.21699999999,7750.323861999999,0.14622448382757208,1.5589,2008-07-31,2008-07-31,monthly average,month end,month end,26369.487659312297,24080.04562345588,29.430226708478994,24.751742905158576,45.81803038636243,19.57617701130385,10.358586278505344,10.602977775459351,8.97319923584448,6.34455163341372,16.27500671555491,9.72017175469726,26369.487659312297,24080.04562345588,10.602977775459351,8.97319923584448
2008-08-31,2008-08,7758.2,44884.66799999999,7759.4756720000005,0.14651585301529627,1.4669,2008-08-29,2008-08-29,monthly average,month end,month end,25716.890282585173,24126.91506869508,30.167722126394327,25.571969810757736,44.260308062847926,16.378224395271236,10.134779838046715,10.286523337537076,6.091701057734151,5.45617659852109,15.919637822896092,10.145362553409033,25716.890282585173,24126.91506869508,10.286523337537076,6.091701057734151
2008-09-30,2008-09,7828.5,45289.871,7839.898817,0.14727757404380035,1.4081,2008-09-30,2008-09-30,monthly average,month end,month end,25538.043853854368,24357.67265165843,30.654266414451598,26.118610993887685,43.2271225916607,12.125443423635573,10.044965823435504,10.013346268787355,2.1120971548482044,6.114620326944453,15.212405447779043,9.800412772668988,25538.043853854368,24357.67265165843,10.013346268787355,2.1120971548482044
2008-10-31,2008-10,7931.6,45313.332,7972.122,0.14622448382757208,1.2682,2008-10-31,2008-10-31,monthly average,month end,month end,24667.763702607408,24626.077160022993,32.15370511742668,26.86063747848792,40.98565740408539,6.658057568748577,10.565325566399665,10.270259629357167,-3.6122020606086007,7.337537553793272,14.948890571096696,10.267696889406519,24667.763702607408,24626.077160022993,10.270259629357167,-3.6122020606086007
2008-11-30,2008-11,8023.6,45864.466,8018.985084,0.14651155976206523,1.2694,2008-11-28,2008-11-28,monthly average,month end,month end,24922.57411694381,24859.8556925979,32.194106284330765,26.962200693169105,40.84369302250012,5.7502957149987655,10.541075099357865,10.204283226528375,-4.453987511529632,7.721017654561324,14.73060282909724,10.018067716822031,24922.57411694381,24859.8556925979,10.204283226528375,-4.453987511529632
2008-12-31,2008-12,8244.1,47516.659999999996,8103.056977,0.14657383657017223,1.3919,2008-12-31,2008-12-31,monthly average,month end,month end,26487.44416348674,25436.38542616602,31.124558296812157,26.294342006773764,42.58109969641407,10.795052911274983,11.591519614814061,11.27506583726513,-0.48001292599015977,9.680037251380291,17.79005174252042,8.957837619053667,26487.44416348674,25436.38542616602,11.27506583726513,-0.48001292599015977
2009-01-31,2009-01,8292.0,49613.531,8101.892208980569,0.14621593168791672,1.2804,2009-01-30,2009-01-30,monthly average,month end,month end,25919.95144387106,25804.220455108138,31.990800669345763,27.987277195334645,40.02192213531958,6.279121471994831,12.050214145867265,11.466595691100288,-5.1874742191054635,10.343726296458943,18.736354577570967,8.758169726284493,25919.95144387106,25804.220455108138,11.466595691100288,-5.1874742191054635
2009-02-28,2009-02,8321.6,50670.80699999999,8093.79924290069,0.1462095182396374,1.2662,2009-02-27,2009-02-27,monthly average,month end,month end,25978.522881644498,25985.957393607772,32.032614163293125,28.51799663143383,39.44938920527305,4.472167649779157,12.060383264114138,11.331745317690894,-6.859577667911749,9.513469409241072,20.347394428966293,8.326438674126146,25978.522881644498,25985.957393607772,11.331745317690894,-6.859577667911749
2009-03-31,2009-03,8458.6,53062.670999999995,8094.02322982167,0.14635074419353422,1.3261,2009-03-31,2009-03-31,monthly average,month end,month end,26957.845594813185,26489.80052501443,31.377136463855532,28.807054934838096,39.815808601306365,4.93001827548496,12.990504704211038,11.979187358569845,-7.049169083084896,9.378919736723002,25.42749749068991,7.278486462401634,26957.845594813185,26489.80052501443,11.979187358569845,-7.049169083084896
2009-04-30,2009-04,8459.8,54048.121,8164.9813185027,0.14667057788207685,1.3244,2009-04-30,2009-04-30,monthly average,month end,month end,27200.77039873539,26728.8090873947,31.10132498450599,29.14354639337335,39.75512862212066,5.442203703439197,12.844092733042967,11.888099366161546,-6.445895662722357,8.725211736431504,25.894231845187733,7.073705050408052,27200.77039873539,26728.8090873947,11.888099366161546,-6.445895662722357
2009-05-31,2009-05,8446.9,54826.351,8157.43158660773,0.14646006034154485,1.4126,2009-05-29,2009-05-29,monthly average,month end,month end,27999.9585350088,26825.944730804396,30.167544674891946,28.678152025571187,41.15430329953687,7.807163990976296,12.658706145178167,11.732943855817812,-3.925779864841512,9.373300530881767,25.684631389183888,6.096099736211946,27999.9585350088,26825.944730804396,11.732943855817812,-3.925779864841512
2009-06-30,2009-06,8459.9,56891.619999999995,8186.1525651904,0.14640859711282248,1.402,2009-06-30,2009-06-30,monthly average,month end,month end,28266.308168072734,27190.58680945008,29.929271094396395,29.467669503030518,40.60305940257308,7.119585201876455,13.3064737391003,12.214170131121053,-5.094584929244589,9.209320338217264,28.382653449685158,5.837722142168356,28266.308168072734,27190.58680945008,12.214170131121053,-5.094584929244589
2009-07-31,2009-07,8425.8,57310.284999999996,8170.12043218974,0.14637216586893836,1.4279,2009-07-31,2009-07-31,monthly average,month end,month end,28480.54550713986,27201.042729181077,29.58440524914705,29.45389701160451,40.961697739248436,8.005683974986333,12.960926879162948,11.931665703876972,-3.925981728890637,8.571502203437852,28.394135641019957,5.416503589585631,28480.54550713986,27201.042729181077,11.931665703876972,-3.925981728890637
2009-08-31,2009-08,8404.6,57669.895,8152.96154584248,0.14641502803847786,1.4354,2009-08-31,2009-08-31,monthly average,month end,month end,28551.100296303368,27213.97005485654,29.43704415163355,29.574129213136917,40.98882663522954,11.020811546711196,12.795067157868623,12.015453255288165,-0.9946417085769623,8.331829548091063,28.484619736966764,5.071036890577152,28551.100296303368,27213.97005485654,12.015453255288165,-0.9946417085769623
2009-09-30,2009-09,8412.2,58540.53400000001,8153.64538743997,0.14649438926489117,1.463,2009-09-30,2009-09-30,monthly average,month end,month end,28916.842977395274,27355.837657498087,29.091004182496487,29.65697113711367,41.252024680389844,13.23045391760087,12.30891410980317,11.670570966895697,1.5598829507051972,7.456089927827825,29.257453614738726,4.00192116969218,28916.842977395274,27355.837657498087,11.670570966895697,1.5598829507051972
2009-10-31,2009-10,8443.0,58664.329000000005,8178.413500188561,0.1464900972694246,1.4755,2009-10-30,2009-10-30,monthly average,month end,month end,29103.99238098375,27435.90147318272,29.00976570319806,29.52771272394433,41.46252157285761,17.983911034089516,11.40995496319277,11.141734511119447,6.842176522970073,6.4476272126683165,29.46372824668908,2.587661104390526,29103.99238098375,27435.90147318272,11.141734511119447,6.842176522970073
2009-11-30,2009-11,8517.3,59460.471999999994,8169.98423788894,0.14648795136600015,1.4994,2009-11-30,2009-11-30,monthly average,month end,month end,29477.617096826085,27621.90673826384,28.89412659111131,29.54866637260602,41.55720703628268,18.276775739571338,11.110487043126117,10.811703364377014,7.465072375194356,6.15309835983846,29.643877244749774,1.8830207601984839,29477.617096826085,27621.90673826384,10.811703364377014,7.465072375194356
2009-12-31,2009-12,8560.0,61022.452000000005,8275.09059357466,0.14650082772967668,1.4332,2009-12-31,2009-12-31,monthly average,month end,month end,29359.699566805662,28032.535719313462,29.155611693240935,30.449356975716217,40.39503133104286,10.843837501235253,10.206443445682423,9.581931717077497,1.261905784157772,3.83183124901445,28.42327722529321,2.123070553038997,29359.699566805662,28032.535719313462,9.581931717077497,1.261905784157772
2010-01-31,2010-01,8484.2,62560.929000000004,8234.92506628253,0.14648151403292903,1.387,2010-01-29,2010-01-29,monthly average,month end,month end,29070.060666160447,28143.395195143996,29.185353609792063,31.52390944231543,39.29073694789251,12.153221926788182,9.065085861071998,8.736363138460534,3.416858788327651,2.317896767969141,26.0965058100783,1.6419973738295512,29070.060666160447,28143.395195143996,8.736363138460534,3.416858788327651
2010-02-28,2010-02,8528.7,63607.226,8210.91612242932,0.1465029740103724,1.366,2010-02-26,2010-02-26,monthly average,month end,month end,29063.459200788333,28318.88428746286,29.34509598832841,32.06310616080113,38.59179785087048,11.874948907597593,8.977644573637921,8.678565977593808,3.196382930003799,2.4887040953662787,25.530319657233825,1.4469951133438075,29063.459200788333,28318.88428746286,8.678565977593808,3.196382930003799
2010-03-31,2010-03,8596.0,64994.746,8209.45152525119,0.1465029740103724,1.3526,2010-03-31,2010-03-31,monthly average,month end,month end,29222.027717103516,28597.039828409026,29.416165377766724,32.584746261381504,37.99908836085177,8.398972812300599,7.954908159480922,7.564310527451106,0.8346622848494877,1.6243822854845824,22.48675910038529,1.4260929596079608,29222.027717103516,28597.039828409026,7.564310527451106,0.8346622848494877
2010-04-30,2010-04,8621.6,65656.122,8268.951735511999,0.14652658724925638,1.3302,2010-04-30,2010-04-30,monthly average,month end,month end,29241.327087258884,28796.768892071403,29.484297939940724,32.8999004045635,37.61580165549577,7.501834170911437,7.7368198407760325,7.358307864729959,0.1435263061814788,1.912574765360886,21.477159215211206,1.2733699313394853,29241.327087258884,28796.768892071403,7.358307864729959,0.1435263061814788
2010-05-31,2010-05,8603.0,66335.137,8301.21507949674,0.14640216675206794,1.2369,2010-05-28,2010-05-28,monthly average,month end,month end,28582.380720424793,28921.690563297307,30.09896230880568,33.97760278819398,35.923434903000334,2.080082314006937,7.812384068943357,7.256516216680079,-5.176433902673149,1.8480152481975765,20.991340459626784,1.7626074011464876,28582.380720424793,28921.690563297307,7.256516216680079,-5.176433902673149
2010-06-30,2010-06,8625.3,67392.17199999999,8333.15533258582,0.1474600014746,1.2291,2010-06-30,2010-06-30,monthly average,month end,month end,28805.231001777727,29145.05119397468,29.943519631790785,34.49946220491407,35.55701816329515,1.9065908094560324,7.188018405859942,6.727729456767906,-4.821138647311872,1.9551058523150422,18.457115476760897,1.7957491779534207,28805.231001777727,29145.05119397468,6.727729456767906,-4.821138647311872
2010-07-31,2010-07,8597.4,67405.148,8337.6729081904,0.14763416254521294,1.3069,2010-07-30,2010-07-30,monthly average,month end,month end,29445.207299930167,29124.664847942913,29.19796051162591,33.79600107702327,37.006038411350815,3.387090294841699,7.071869037940193,6.617457725477054,-3.2303674306353516,2.0366018656982066,17.614400277367338,2.0507956693087914,29445.207299930167,29124.664847942913,6.617457725477054,-3.2303674306353516
2010-08-31,2010-08,8626.3,68750.692,8342.4735414477,0.14690975333852416,1.2704,2010-08-31,2010-08-31,monthly average,month end,month end,29324.725590628004,29365.64966226333,29.41647304879439,34.442426996830235,36.14109995437536,2.709616394100234,7.906525961002897,7.366535565288126,-4.656919171187905,2.6378411822097325,19.214179252450524,2.3244558991187603,29324.725590628004,29365.64966226333,7.366535565288126,-4.656919171187905
2010-09-30,2010-09,8668.0,69647.15,8344.37286900363,0.1494656602645542,1.3601,2010-09-30,2010-09-30,monthly average,month end,month end,30427.038799426286,29547.06073909795,28.487819853713265,34.2125217275193,37.29965841876742,5.222547368713637,8.010074884324592,7.499361839149095,-2.276814470435468,3.0408216637740404,18.97252252601589,2.339168218640708,30427.038799426286,29547.06073909795,7.499361839149095,-2.276814470435468
2010-10-31,2010-10,8729.3,69977.67399999998,8378.476206659081,0.14990930487055332,1.3894,2010-10-29,2010-10-29,monthly average,month end,month end,30860.659307330316,29700.724140207654,28.286174683009875,33.99248331452995,37.72134200246018,6.035828017514033,8.254959908055849,7.729228834100291,-1.6934008165862557,3.3909747720004546,19.28487923214801,2.446228800560246,30860.659307330316,29700.724140207654,7.729228834100291,-1.6934008165862557
2010-11-30,2010-11,8794.4,71033.90299999999,8388.30057221424,0.14999250037498124,1.3036,2010-11-30,2010-11-30,monthly average,month end,month end,30383.941348302367,29939.713515526826,28.94423702042647,35.06639444905056,35.98936853052296,3.074618441847754,8.391190366493406,7.79818246686214,-4.723564025014406,3.2533784180432734,19.464075226311685,2.6721757101175525,30383.941348302367,29939.713515526826,7.79818246686214,-4.723564025014406
2010-12-31,2010-12,8879.2,72585.17899999999,8472.29545047781,0.15151515151515152,1.3269,2010-12-30,2010-12-30,monthly average,month end,month end,31118.843227178397,30364.982699919037,28.533194293819818,35.341141422423554,36.125664283756635,5.991695032062383,8.320499450924078,7.882544105487226,-1.8908490734248569,3.728971962616834,18.948315941155535,2.383114174680734,31118.843227178397,30364.982699919037,7.882544105487226,-1.8908490734248569
2011-01-31,2011-01,8876.5,73388.483,8435.754595747389,0.151476134934941,1.3715,2011-01-31,2011-01-31,monthly average,month end,month end,31562.741181646168,30440.70495872166,28.12334945470995,35.220653648558766,36.655996896731274,8.57473448064514,8.162873553984173,7.851274965268881,0.7234595153762492,4.623889111524937,17.307214219916702,2.4387535751496214,31562.741181646168,30440.70495872166,7.851274965268881,0.7234595153762492
2011-02-28,2011-02,8913.7,73613.086,8415.89011259062,0.15217689041742122,1.3793,2011-02-28,2011-02-28,monthly average,month end,month end,31723.947753806446,30488.032611529743,28.09770104646096,35.31152745693855,36.59077149660049,9.154067086914242,7.659723815557218,7.434187330591541,1.7198797563226802,4.514169803135304,15.730697012317417,2.4963595670083993,31723.947753806446,30488.032611529743,7.434187330591541,1.7198797563226802
2011-03-31,2011-03,9028.9,75813.088,8441.07981387905,0.15271139074263548,1.4183,2011-03-31,2011-03-31,monthly average,month end,month end,32578.40560499847,30971.20467367676,27.714370400664134,35.53741163808668,36.74821796124918,11.485780249022493,8.302134974505915,8.11822882399211,3.367551425030367,5.036063285248948,16.644948500914225,2.8214831151070596,32578.40560499847,30971.20467367676,8.11822882399211,3.367551425030367
2011-04-30,2011-04,9085.8,75738.45599999999,8482.01495281524,0.15408320493066255,1.4821,2011-04-29,2011-04-29,monthly average,month end,month end,33327.018398547436,31066.73049418959,27.26256483957174,35.01670595737603,37.720729203052215,13.972318353050328,7.882695487906544,7.794526563120058,6.177791789930268,5.384151433608597,15.356274012041071,2.5766653878050327,33327.018398547436,31066.73049418959,7.794526563120058,6.177791789930268
2011-05-31,2011-05,9057.4,76340.92199999999,8488.11915377038,0.154354335813293,1.4376,2011-05-31,2011-05-31,monthly average,month end,month end,33043.472406144705,31138.127885980713,27.410557488249033,35.66075673237404,36.92868577937693,15.607838022156217,7.663581483359572,7.728502205396652,7.879335816759579,5.281878414506558,15.083687850075567,2.251526704027662,33043.472406144705,31138.127885980713,7.728502205396652,7.879335816759579
2011-06-30,2011-06,9144.6,78082.085,8517.983799674292,0.15471493772723757,1.4523,2011-06-30,2011-06-30,monthly average,month end,month end,33595.732790654845,31528.697252135757,27.219528316238147,35.95833135614245,36.82214032761941,16.63066610568571,8.17856191878592,8.270065361053568,8.360600744632132,6.020660150951285,15.862247324511248,2.217988981505248,33595.732790654845,31528.697252135757,8.270065361053568,8.360600744632132
2011-07-31,2011-07,9293.9,77292.36499999999,8522.26198753033,0.15537600994406464,1.4388,2011-07-29,2011-07-29,monthly average,month end,month end,33565.10982049891,31562.199590826218,27.68916904995205,35.77935343296834,36.53147751707961,13.991759265279535,8.369314310085429,8.31332840330211,5.67843086197742,8.101286435433973,14.668341059053812,2.2139160575440853,33565.10982049891,31562.199590826218,8.31332840330211,5.67843086197742
2011-08-31,2011-08,9485.1,78085.23,8530.700175129688,0.15679387876697296,1.4406,2011-08-31,2011-08-31,monthly average,month end,month end,34017.712758403024,31885.231371654874,27.88282700651883,35.99091500673241,36.126257986748776,16.003516054298107,8.580030540340333,8.63233226666015,7.371183787637985,9.95560089493759,13.577373155749473,2.2562448984324135,34017.712758403024,31885.231371654874,8.63233226666015,7.371183787637985
2011-09-30,2011-09,9523.3,78740.62,8568.03209001305,0.15678896205707119,1.3449,2011-09-30,2011-09-30,monthly average,month end,month end,33392.10643938881,32069.531215434617,28.519614410328014,36.97179183331637,34.50859375635562,9.744844575603029,8.537128273469264,8.38155077609735,1.3632937995056948,9.867328103368699,13.056485441256394,2.68035986071804,33392.10643938881,32069.531215434617,8.38155077609735,1.3632937995056948
2011-10-31,2011-10,9572.5,81682.925,8555.87047944616,0.15736384093662958,1.3947,2011-10-31,2011-10-31,monthly average,month end,month end,34359.3113746222,32554.78553505997,27.859987924758737,37.41035050671175,34.72966156852952,11.336932346292583,9.60940003139048,9.359801154227089,1.9771311920655068,9.659422863230738,16.72712213898395,2.117261759913913,34359.3113746222,32554.78553505997,9.359801154227089,1.9771311920655068
2011-11-30,2011-11,9656.9,82549.394,8565.19456103023,0.1568258448992394,1.3453,2011-11-30,2011-11-30,monthly average,month end,month end,34125.53470292417,32783.38107074534,28.298164656076477,37.93604575772666,33.76578958619687,12.314377887090199,9.497978508524385,9.423955758351319,2.890422128738893,9.807377421995822,16.21126041743759,2.1088179577391397,34125.53470292417,32783.38107074534,9.423955758351319,2.890422128738893
2011-12-31,2011-12,9753.5,85159.09,8670.60656209211,0.1588839987924816,1.2973,2011-12-30,2011-12-30,monthly average,month end,month end,34532.29464573092,33408.853358005705,28.244575404159487,39.181921999502975,32.57350259633755,10.969081959869587,10.024279243520805,9.91672354991595,1.0523584099536443,9.846607802504725,17.322973054871184,2.3407010859508803,34532.29464573092,33408.853358005705,9.91672354991595,1.0523584099536443
2012-01-31,2012-01,9786.7,85589.889,8640.110635049794,0.15852885225110971,1.3053,2012-01-31,2012-01-31,monthly average,month end,month end,34633.10327940038,33470.77967448199,28.258224280528417,39.17773916477288,32.5640365546987,9.727805579635884,9.954022812116836,9.742368258341704,-0.014562678705815485,10.25404157043881,16.62577764415707,2.422498627513714,34633.10327940038,33470.77967448199,9.742368258341704,-0.014562678705815485
2012-02-29,2012-02,9811.1,86717.142,8648.41228117834,0.15889409708429333,1.3359,2012-02-29,2012-02-29,monthly average,month end,month end,35143.3559462466,33678.09166815697,27.917367979900767,39.207530438743056,32.87510158135617,10.778633917116665,10.463315548346785,10.248465737633401,0.5301681794832653,10.067648675634121,17.80125886856585,2.7628945420741013,35143.3559462466,33678.09166815697,10.248465737633401,0.5301681794832653
2012-03-31,2012-03,9926.6,89556.55000000002,8718.04328237614,0.15879317189360856,1.3334,2012-03-30,2012-03-30,monthly average,month end,month end,35772.207551068896,34313.90869679813,27.749475583324426,39.7542383092978,32.49628610737778,9.8034323250626,10.792941567308233,10.49571237248031,-0.6922800474176944,9.942517914696158,18.12808627449658,3.281137894724062,35772.207551068896,34313.90869679813,10.49571237248031,-0.6922800474176944
2012-04-30,2012-04,9972.1,88960.40400000001,8721.25389121772,0.1592610288262462,1.3229,2012-04-30,2012-04-30,monthly average,month end,month end,35677.37223853043,34271.97189976387,27.95076928123773,39.71123593720728,32.337994781555,7.052397582873571,10.317279464518347,9.881901687520509,-2.829504104646907,9.754782187589427,17.457377266840535,2.8205437002097655,35677.37223853043,34271.97189976387,9.881901687520509,-2.829504104646907
2012-05-31,2012-05,9905.6,90004.87700000001,8752.512960938619,0.15702531248037183,1.2364,2012-05-31,2012-05-31,monthly average,month end,month end,34860.25096058694,34403.77423245399,28.415171225242435,40.54200284347143,31.04282593128613,5.4981465994608625,10.487612994689899,10.074707737632043,-4.576561138171172,9.364718351844914,17.898598342839,3.114869176297974,34860.25096058694,34403.77423245399,10.074707737632043,-4.576561138171172
2012-06-30,2012-06,9982.8,92499.12,8810.35597280605,0.15740594994490792,1.2668,2012-06-29,2012-06-29,monthly average,month end,month end,35703.67079901873,34933.97569956939,27.96015024952102,40.77987368477583,31.259976065703164,6.274421878216141,10.800568194117055,10.375197024578826,-4.100775146362667,9.166065218817643,18.46394726780156,3.4324105329120114,35703.67079901873,34933.97569956939,10.375197024578826,-4.100775146362667
2012-07-31,2012-07,10028.5,91907.23999999999,8833.83777492111,0.15720798616569723,1.2315,2012-07-31,2012-07-31,monthly average,month end,month end,35355.923334262756,34917.68436501204,28.36441267616838,40.86600137082433,30.769585953007315,5.335342334170345,10.631340076694528,10.23321075359459,-4.8978684194242375,7.904109146859772,18.90856231401381,3.6560221669631243,35355.923334262756,34917.68436501204,10.23321075359459,-4.8978684194242375
2012-08-31,2012-08,10093.0,92489.459,8826.21072926997,0.15752000504064018,1.2578,2012-08-31,2012-08-31,monthly average,month end,month end,35763.54790316185,35062.08545369794,28.221472957127048,40.73684212577255,31.0416849171004,5.132135594059228,9.963402946692135,9.613601722709474,-4.481466128650267,6.408999377971769,18.446803576041205,3.4640832296721547,35763.54790316185,35062.08545369794,9.613601722709474,-4.481466128650267
2012-09-30,2012-09,10190.2,94368.87500000001,8866.34564295029,0.15911405295315684,1.2856,2012-09-28,2012-09-28,monthly average,month end,month end,36604.18813245674,35496.40355657725,27.838890902662598,41.02102775656361,31.140081340773783,9.619284422497554,10.685757512705173,10.564662471438906,-0.9453780489413709,7.002824651118855,19.84776726421511,3.481704431113841,36604.18813245674,35496.40355657725,10.564662471438906,-0.9453780489413709
2012-10-31,2012-10,10270.9,93640.428,8928.497658716731,0.16032835246585006,1.2958,2012-10-31,2012-10-31,monthly average,month end,month end,36853.66281160219,35541.476084886424,27.86941437138926,40.73737696626081,31.393208662349952,7.2596083483277285,9.174351791105885,9.019620204164168,-1.76001185583644,7.295899712718712,14.63892606686159,4.35522230222789,36853.66281160219,35541.476084886424,9.019620204164168,-1.76001185583644
2012-11-30,2012-11,10367.1,94483.23500000002,8955.96603093946,0.16060387055328035,1.301,2012-11-30,2012-11-30,monthly average,month end,month end,37193.18504964741,35800.43572786962,27.87365477347921,40.79880016497545,31.327545061545344,8.989310712427834,9.203000296441633,9.146602900219893,-0.1572921877920704,7.35432695792646,14.456606428873386,4.562318662172071,37193.18504964741,35800.43572786962,9.146602900219893,-0.1572921877920704
2012-12-31,2012-12,10556.4,97414.88,9044.64008062999,0.16051106723808606,1.3186,2012-12-31,2012-12-31,monthly average,month end,month end,38118.828763988786,36547.47834351469,27.69340072162115,41.01953512391681,31.28706415446205,10.386028947836667,9.394590565188853,9.409558797236507,0.9764701506001555,8.2319167478341,14.391640399163496,4.313810295269915,38118.828763988786,36547.47834351469,9.409558797236507,0.9764701506001555
2013-01-31,2013-01,10532.2,99212.92499999999,9000.85736474937,0.16080789888399316,1.3584,2013-01-31,2013-01-31,monthly average,month end,month end,38713.18665566074,36745.29453409997,27.205716991680287,41.211337504432294,31.58294550388741,11.780877224153286,9.783204608509477,9.820455686371107,1.9604215377821812,7.61748086689078,15.916641742577786,4.175255907443565,38713.18665566074,36745.29453409997,9.820455686371107,1.9604215377821812
2013-02-28,2013-02,10506.2,99860.083,9016.0917304998,0.16073810939835725,1.3079,2013-02-28,2013-02-28,monthly average,month end,month end,38349.66732010373,36837.10746609474,27.395804798787452,41.855176504669664,30.749018696542883,9.12352075527827,9.3800320667357,9.337722569318727,-0.21420181404046215,7.0848324856540135,15.156104891002965,4.2514098237620646,38349.66732010373,36837.10746609474,9.337722569318727,-0.21420181404046215
2013-03-31,2013-03,10652.7,103585.837,9079.30334858482,0.16100985380305274,1.2816,2013-03-29,2013-03-29,monthly average,month end,month end,38967.07564298316,37631.91205662191,27.337694256556926,42.80110887520536,29.861196868237705,8.931146022658032,9.669558164131242,9.621300969859831,-0.6901549472018161,7.3146898233030555,15.665282997167695,4.143820516915531,38967.07564298316,37631.91205662191,9.621300969859831,-0.6901549472018161
2013-04-30,2013-04,10681.0,103255.18999999999,9125.7020551254,0.16221389524226645,1.3168,2013-04-30,2013-04-30,monthly average,month end,month end,39447.15104006944,37666.283804989245,27.076733600230103,42.46042143035035,30.462844969419557,10.566301734150052,9.904046125950394,9.923428517733791,0.6428732164162666,7.108833645871981,16.06870625272787,4.637500168581932,39447.15104006944,37666.283804989245,9.923428517733791,0.6428732164162666
2013-05-31,2013-05,10603.5,104216.916,9137.22725531675,0.163025758069775,1.2988,2013-05-31,2013-05-31,monthly average,month end,month end,39460.97249379946,37750.27008267767,26.870853225084957,43.05530416733578,30.07384260757926,13.197614493407128,9.727118390013278,9.924922777494206,3.2726917159129174,7.045509610725231,15.79029878569802,4.3954724328322925,39460.97249379946,37750.27008267767,9.924922777494206,3.2726917159129174
2013-06-30,2013-06,10667.7,105440.36899999999,9161.98547003965,0.16293544497670023,1.301,2013-06-28,2013-06-28,monthly average,month end,month end,39767.41653804405,38032.25175476271,26.8252276076184,43.201130315033176,29.973642077348416,11.381870961954466,8.868947759734969,8.988336263537231,2.3935346984172097,6.860800576992432,13.99067255991191,3.991092962860243,39767.41653804405,38032.25175476271,8.988336263537231,2.3935346984172097
2013-07-31,2013-07,10706.5,105221.23400000001,9152.04992617897,0.16317472749820508,1.3282,2013-07-31,2013-07-31,monthly average,month end,month end,40031.69889692578,38025.316676575116,26.745055281234148,42.88962661610495,30.3653181026609,13.224871879196032,8.899880871473131,9.10187114921499,4.123000729981036,6.760731914044982,14.48633861706654,3.602196003205438,40031.69889692578,38025.316676575116,9.10187114921499,4.123000729981036
2013-08-31,2013-08,10762.4,106125.643,9182.53653335449,0.16341738434134623,1.3196,2013-08-30,2013-08-30,monthly average,month end,month end,40222.45020001808,38257.1085404458,26.757196407679714,43.11715199934713,30.12565159297317,12.467729177568575,9.11247304718119,9.274185323421705,3.1935438541468977,6.632319429307443,14.743500662059228,4.037132298494228,40222.45020001808,38257.1085404458,9.274185323421705,3.1935438541468977
2013-09-30,2013-09,10830.6,107737.91600000001,9178.50865240092,0.16339869281045752,1.3535,2013-09-30,2013-09-30,monthly average,month end,month end,40857.946101547524,38567.47408954916,26.507940396910413,43.086440509686085,30.4056190934035,11.620959748370986,8.651779406544602,8.76445544449623,2.8565043038747624,6.284469392161096,14.166790692376052,3.52076291655552,40857.946101547524,38567.47408954916,8.76445544449623,2.8565043038747624
2013-10-31,2013-10,10957.8,107024.21699999999,9198.41819888037,0.16408775413090923,1.3594,2013-10-31,2013-10-31,monthly average,month end,month end,41023.49310470705,38609.6443078054,26.711035971587457,42.80806454078889,30.480899487623653,11.314561362384111,8.632641524485463,8.726961238585474,2.5876001237986093,6.687826772726835,14.292746504746855,3.023135027650703,41023.49310470705,38609.6443078054,8.726961238585474,2.5876001237986093
2013-11-30,2013-11,11002.8,107925.706,9233.295260920491,0.1641443156823479,1.3606,2013-11-29,2013-11-29,monthly average,month end,month end,41281.01268791269,38835.45818839695,26.6534159013538,42.91413897675877,30.432445121887437,10.990797461439872,8.477613187720667,8.570061351001417,2.420736110438463,6.131898023555271,14.22736107627982,3.09658644330455,41281.01268791269,38835.45818839695,8.570061351001417,2.420736110438463
2013-12-31,2013-12,11130.0,110652.49799999999,9246.61112584944,0.165188231990353,1.3779,2013-12-31,2013-12-31,monthly average,month end,month end,42149.395980244015,39396.842648293175,26.406072355619948,43.36596073287372,30.227966911506336,10.573691130990204,7.796336256080183,7.874452106932766,2.6992390240574378,5.433670569512339,13.588907567303865,2.2330467925638198,42149.395980244015,39396.842648293175,7.874452106932766,2.6992390240574378
2014-01-31,2014-01,11126.7,112352.121,9221.349985664461,0.1650437365901964,1.35,2014-01-31,2014-01-31,monthly average,month end,month end,42118.53634432089,39623.1268945366,26.417584668751868,44.02577931978433,29.556636011463816,8.796355926339672,7.831839142739683,7.836620082288088,0.9597358440515878,5.644594671578584,13.243431740370525,2.4496846464717947,42118.53634432089,39623.1268945366,7.836620082288088,0.9597358440515878
2014-02-28,2014-02,11179.0,113176.08300000001,9232.803479173352,0.1627392266631949,1.3806,2014-02-28,2014-02-28,monthly average,month end,month end,42343.996707536295,39815.7122182474,26.40043658894954,43.49657485428514,30.102988556765304,10.415551598119489,8.085881213377565,8.129997179969813,2.285554418149664,6.40383773390949,13.334657452668065,2.4036107345764446,42343.996707536295,39815.7122182474,8.129997179969813,2.285554418149664
2014-03-31,2014-03,11303.2,116068.73799999998,9270.95811564016,0.16086480921433627,1.3777,2014-03-31,2014-03-31,monthly average,month end,month end,42747.17439003623,40429.894112592665,26.441981631035286,43.67861890415573,29.879399464808987,9.700750401919755,7.435131257111882,7.478874124769294,2.221876277150479,6.106433110854526,12.050779683326773,2.11089727589302,42747.17439003623,40429.894112592665,7.478874124769294,2.221876277150479
2014-04-30,2014-04,11356.4,116881.26699999999,9297.491053461019,0.15976737869661772,1.387,2014-04-30,2014-04-30,monthly average,month end,month end,42925.83373847992,40640.06941278896,26.4558635463842,43.50250658169455,30.041629871921245,8.818590460124543,7.8950862877686045,7.861942575585119,0.9566478845394059,6.323377960865084,13.196505667172765,1.882474326883532,42925.83373847992,40640.06941278896,7.861942575585119,0.9566478845394059
2014-05-31,2014-05,11299.4,118229.396,9360.27792262794,0.160074274463351,1.364,2014-05-30,2014-05-30,monthly average,month end,month end,42992.30387140473,40866.46756220922,26.282378431725586,44.020634115232966,29.696987453041437,8.948921312469293,8.254768701539605,8.252675554067292,0.6962457584020012,6.562927335313806,13.445494779369604,2.441119839515893,42992.30387140473,40866.46756220922,8.252675554067292,0.6962457584020012
2014-06-30,2014-06,11361.3,120958.72,9384.2124389625,0.1611967244825585,1.369,2014-06-30,2014-06-30,monthly average,month end,month end,43706.4362905426,41375.92667875152,25.99456959719777,44.61162043042626,29.393809972375973,9.905143696549246,8.79168276848108,8.814430749326569,1.0907129472226686,6.501870131331011,14.717656194848882,2.4255328678434163,43706.4362905426,41375.92667875152,8.814430749326569,1.0907129472226686
2014-07-31,2014-07,11417.4,119424.924,9400.33124717332,0.16197742034760354,1.339,2014-07-31,2014-07-31,monthly average,month end,month end,43348.58465469368,41216.675460120554,26.33857619792842,44.624619855112314,29.03680394695927,8.285648246676391,8.39272111969398,8.37133625960959,-0.08568801293320641,6.639891654602348,13.498881794144314,2.712849285100094,43348.58465469368,41216.675460120554,8.37133625960959,-0.08568801293320641
2014-08-31,2014-08,11448.1,119749.90800000001,9443.64689311154,0.16278691193228065,1.315,2014-08-29,2014-08-29,monthly average,month end,month end,43360.213391936384,41350.15647211449,26.402314713075146,44.95761483295633,28.64007045396852,7.801024493323605,8.084897290130243,8.084558620925845,-0.28353412760223823,6.371255482048621,12.837863323947074,2.8435537262345267,43360.213391936384,41350.15647211449,8.084558620925845,-0.28353412760223823
2014-09-30,2014-09,11495.8,120205.14099999999,9466.964448769599,0.16291951775822744,1.2628,2014-09-30,2014-09-30,monthly average,month end,month end,43034.446309685976,41496.14135226284,26.713019420009555,45.50718153278974,27.779799047200715,5.3269936837476495,7.593619576728461,7.530199190021785,-2.203205506274133,6.14185733015713,11.571808201673385,3.142730559972007,43034.446309685976,41496.14135226284,7.530199190021785,-2.203205506274133
2014-10-31,2014-10,11563.4,119923.63100000001,9476.25641830107,0.16360185851711276,1.253,2014-10-31,2014-10-31,monthly average,month end,month end,43056.87820385168,41531.96213598068,26.85610402420115,45.5670028347883,27.57689314101055,4.9566356866654,7.56888047161961,7.512803122016266,-2.556167435350861,5.52665681067368,12.052799227673884,3.0204999752513784,43056.87820385168,41531.96213598068,7.512803122016266,-2.556167435350861
2014-11-30,2014-11,11640.1,120860.595,9567.456967550479,0.16278956193328883,1.2438,2014-11-28,2014-11-28,monthly average,month end,month end,43214.94629128593,41863.79642303837,26.93535685903922,45.52786710049428,27.536776040466492,4.684801746492773,7.797869204865493,7.719946473007981,-3.035144726515216,5.792161995128531,11.984993639976738,3.6190947780508242,43214.94629128593,41863.79642303837,7.719946473007981,-3.035144726515216
2014-12-31,2014-12,11786.1,122837.481,9695.39900882621,0.1611707442864971,1.2101,2014-12-31,2014-12-31,monthly average,month end,month end,43316.31057962905,42469.24057400135,27.20938104442997,45.7052042847782,27.085414670791824,2.7685203364052446,7.7985892248684685,7.651760445153316,-4.883240108748072,5.894878706199469,11.01193666680711,4.853539062783319,43316.31057962905,42469.24057400135,7.651760445153316,-4.883240108748072
2015-01-31,2015-01,11785.2,124270.956,9738.729726358199,0.1600128010240819,1.129,2015-01-30,2015-01-30,monthly average,month end,month end,42665.16961655885,42741.02369671539,27.62253169486059,46.606972231004235,25.77049607413516,1.2978448913067764,7.8688812482608395,7.685309339516695,-6.387464448209934,5.918196769931794,10.608464614566572,5.610672423214136,42665.16961655885,42741.02369671539,7.685309339516695,-6.387464448209934
2015-02-28,2015-02,11873.5,125738.448,9737.23486643437,0.15950235265970172,1.1197,2015-02-27,2015-02-27,monthly average,month end,month end,42831.86015572613,43052.398471534296,27.72118688478826,46.823972161989715,25.454840953222025,1.152143128008043,8.129168293022616,7.909440128507336,-6.757297000499273,6.212541372215763,11.09984076759396,5.463469339501015,42831.86015572613,43052.398471534296,7.909440128507336,-6.757297000499273
2015-03-31,2015-03,11983.0,127533.278,9801.24771663486,0.16131634134537828,1.0741,2015-03-31,2015-03-31,monthly average,month end,month end,43083.721979180526,43515.25591913026,27.813288753907056,47.75168175276192,24.43502949333103,0.787297859908942,7.6313873045158465,7.431394966116843,-6.644097106207901,6.014226059876848,9.877371114347788,5.719900730649385,43083.721979180526,43515.25591913026,7.431394966116843,-6.644097106207901
2015-04-30,2015-04,12031.3,128077.91399999999,9869.93250943646,0.16124350994872455,1.1162,2015-04-30,2015-04-30,monthly average,month end,month end,43699.85106730386,43731.026539500555,27.53167277725986,47.258129938393466,25.21019728434667,1.8031503675375093,7.605688600863725,7.427905879204183,-5.624755511666673,5.942904441548369,9.579505157143785,6.1569454886686525,43699.85106730386,43731.026539500555,7.427905879204183,-5.624755511666673
2015-05-31,2015-05,11934.7,130735.76299999999,9940.369219099559,0.16134236850596967,1.0994,2015-05-29,2015-05-29,monthly average,month end,month end,43956.359570333174,44127.903815495156,27.151247547931412,47.986725600204736,24.862026851863842,2.242391340115324,7.980714869278094,7.8145979530532825,-5.572206612937959,5.622422429509544,10.578052010009431,6.197372570202009,43956.359570333174,44127.903815495156,7.8145979530532825,-5.572206612937959
2015-06-30,2015-06,11990.6,133337.536,9973.897575634099,0.16129032258064516,1.1154,2015-06-30,2015-06-30,monthly average,month end,month end,44621.539549410656,44623.54815262502,26.871775651582976,48.196575937802734,24.931648410614297,2.093749425793545,7.849060394679475,7.682646014517104,-5.588896588723559,5.538978814044171,10.233917819236172,6.283799951323266,44621.539549410656,44623.54815262502,7.682646014517104,-5.588896588723559
2015-07-31,2015-07,12041.9,135321.092,10027.93518530451,0.16103837544486851,1.1028,2015-07-31,2015-07-31,monthly average,month end,month end,44892.5957414594,45044.929405956915,26.82379978504788,48.54227842962589,24.633921785326255,3.561848902484388,9.288119197144873,9.130859422237702,-5.569010519753308,5.469721652915727,13.310595031234861,6.676402369543188,44892.5957414594,45044.929405956915,9.130859422237702,-5.569010519753308
2015-08-31,2015-08,12099.4,135690.798,10032.56610938688,0.15683814303638643,1.1194,2015-08-31,2015-08-31,monthly average,month end,month end,44611.34728829309,45164.752949481306,27.121799128391547,47.704214463458065,25.1739864081504,2.8854422026192594,9.225107721029513,9.030597603166488,-6.145155400547213,5.689153658685719,13.311818160227729,6.236141852200294,44611.34728829309,45164.752949481306,9.030597603166488,-6.145155400547213
2015-09-30,2015-09,12166.6,135982.40600000002,10040.55683023923,0.15734155705204858,1.1162,2015-09-30,2015-09-30,monthly average,month end,month end,44769.553025636866,45286.41648230978,27.1760586777199,47.790701594612294,25.033239727667798,4.031902033697965,9.134042362809346,9.014894796306988,-4.982992762609029,5.835174585500802,13.125283052577608,6.058883864765963,44769.553025636866,45286.41648230978,9.014894796306988,-4.982992762609029
2015-10-31,2015-10,12201.0,136102.07,10114.071335600338,0.15827793605571383,1.1042,2015-10-30,2015-10-30,monthly average,month end,month end,44910.91230128019,45429.06403271125,27.167116798142196,47.96597002527654,24.86691317658125,4.306011431322609,9.383380163862686,9.273976978865633,-4.967965547543031,5.513949184495903,13.490618041743584,6.730663345785826,44910.91230128019,45429.06403271125,9.273976978865633,-4.967965547543031
2015-11-30,2015-11,12328.4,137395.601,10180.68007548729,0.15653616768154283,1.0562,2015-11-30,2015-11-30,monthly average,month end,month end,44588.61513257203,45836.168820443556,27.649210372075654,48.235139783767785,24.115649844156565,3.178689224850628,9.488801152346316,9.33365270086771,-6.154963476017061,5.9131794400391735,13.681056261554891,6.409468158745346,44588.61513257203,45836.168820443556,9.33365270086771,-6.154963476017061
2015-12-31,2015-12,12458.0,139227.81100000002,10228.432445533692,0.15437339837599184,1.0859,2015-12-31,2015-12-31,monthly average,month end,month end,45058.12512512534,46304.96843644326,27.648731422810936,47.700764896086014,24.650503681103043,4.021151668248124,9.0317787900122,8.933721841635126,-4.912570173386997,5.700783125885578,13.343101687342497,5.497797834026574,45058.12512512534,46304.96843644326,8.933721841635126,-4.912570173386997
2016-01-31,2016-01,12509.6,141631.955,10264.18050151582,0.15208662854361846,1.0832,2016-01-29,2016-01-29,monthly average,month end,month end,45168.08684923342,46768.739496648865,27.695660526326474,47.68926034412515,24.61507912954837,5.866418099749349,9.42353610553086,9.409970898501637,-3.543552798752277,6.146692461731651,13.970278783402911,5.395475487275014,45168.08684923342,46768.739496648865,9.409970898501637,-3.543552798752277
2016-02-29,2016-02,12548.6,142461.868,10278.37422362715,0.15261350629530712,1.0868,2016-02-29,2016-02-29,monthly average,month end,month end,45460.742295097196,46952.28815059179,27.603156848042335,47.82501140814848,24.5718317438092,6.137679124402018,9.058472506789727,9.063193334802316,-2.9255142104003022,5.685770834210646,13.300164162993312,5.557423278945084,45460.742295097196,46952.28815059179,9.063193334802316,-2.9255142104003022
2016-03-31,2016-03,12716.6,144619.803,10322.66576179053,0.15508684863523572,1.139,2016-03-31,2016-03-31,monthly average,month end,month end,46902.74580019802,47505.17470942844,27.11269837840989,47.81943810510113,25.067863516488995,8.864191962948254,9.169011432940067,9.31602577801498,-0.4518338150667081,6.122006175415184,13.39769922639329,5.319914976444373,46902.74580019802,47505.17470942844,9.31602577801498,-0.4518338150667081
2016-04-30,2016-04,12810.5,144520.959,10399.14672124029,0.15446878185918628,1.1441,2016-04-29,2016-04-29,monthly average,month end,month end,47032.14025362242,47677.46241708837,27.237756842276244,47.46536383304821,25.29687932467554,7.625401700308698,9.024338530043764,9.091397464894204,-1.4659957645855082,6.476440617389656,12.838314184286315,5.361882781851435,47032.14025362242,47677.46241708837,9.091397464894204,-1.4659957645855082
2016-05-31,2016-05,12742.2,146169.511,10440.83657437645,0.1519803033526855,1.1135,2016-05-31,2016-05-31,monthly average,month end,month end,46582.958148261874,47912.80075498347,27.35378023749538,47.68887057792528,24.957349184579357,5.975468859576427,8.57710566836234,8.597421902684786,-2.621953043108343,6.76598490117053,11.805299212580422,5.034695837205794,46582.958148261874,47912.80075498347,8.597421902684786,-2.621953043108343
2016-06-30,2016-06,12822.6,149049.183,10473.18142304874,0.1504687100317489,1.1032,2016-06-30,2016-06-30,monthly average,month end,month end,46803.85204320344,48474.08754705527,27.3964629837813,47.91750532967684,24.68603168654186,4.890715371611631,8.628940444763211,8.594458069794284,-3.703742698182666,6.938768702150022,11.78336383837182,5.005905100072172,46803.85204320344,48474.08754705527,8.594458069794284,-3.703742698182666
2016-07-31,2016-07,12884.2,149155.872,10542.96876935459,0.1506682135269922,1.1168,2016-07-29,2016-07-29,monthly average,month end,month end,47131.63629291592,48637.38827618503,27.33662782239654,47.68145249962074,24.981919677982713,4.98754976065845,7.975279165945448,7.952492508179434,-2.964942747521002,6.994743354454047,10.223668605925829,5.135988361839816,47131.63629291592,48637.38827618503,7.952492508179434,-2.964942747521002
2016-08-31,2016-08,12981.3,151098.291,10533.40650026305,0.14975440277944171,1.1146,2016-08-31,2016-08-31,monthly average,month end,month end,47349.46921489248,49020.482356718254,27.41593562767349,47.78857018862291,24.795494183703614,6.137725249373793,8.537031989413846,8.525297260774513,-2.3875720114007213,7.288791179727916,11.354854733774932,4.992146430089939,47349.46921489248,49020.482356718254,8.525297260774513,-2.3875720114007213
2016-09-30,2016-09,13047.1,151636.05,10551.91920959298,0.14995876134063132,1.1238,2016-09-30,2016-09-30,monthly average,month end,month end,47644.50104032662,49191.338572642555,27.384272508084088,47.7267129176974,24.88901457421853,6.421658963276777,8.62272264765782,8.618381236170807,-2.1967222728940246,7.23702595630662,11.511521571400918,5.092968328346847,47644.50104032662,49191.338572642555,8.618381236170807,-2.1967222728940246
2016-10-31,2016-10,13105.6,151948.53999999998,10568.29165271873,0.14763416254521294,1.0962,2016-10-31,2016-10-31,monthly average,month end,month end,47123.356762578056,49317.75325832481,27.81126154919319,47.60440892589868,24.584329524908135,4.926295966681593,8.559914910008937,8.52386745958586,-3.597571492904257,7.414146381444153,11.643077875303408,4.490974030602191,47123.356762578056,49317.75325832481,8.52386745958586,-3.597571492904257
2016-11-30,2016-11,13217.4,153043.20599999998,10660.027638840551,0.14527071197175936,1.0578,2016-11-30,2016-11-30,monthly average,month end,month end,46726.272734426166,49709.51127356636,28.286869948139294,47.58071679378872,24.13241325807199,4.794178055313902,8.450406202787253,8.425800583496134,-3.631622528182239,7.2109925051101476,11.388723427906534,4.708404151775869,46726.272734426166,49709.51127356636,8.425800583496134,-3.631622528182239
2016-12-31,2016-12,13326.0,155006.667,10735.858199359249,0.14402995823131212,1.0552,2016-12-30,2016-12-30,monthly average,month end,month end,46980.08134554879,50211.76561229912,28.365212699365827,47.52142425930513,24.113363041329034,4.265504201708836,8.437101476957487,8.356886637455535,-4.091382435746702,6.967410499277582,11.333120794379203,4.960933716164173,46980.08134554879,50211.76561229912,8.356886637455535,-4.091382435746702
2017-01-31,2017-01,13308.0,158419.4564,10734.715455537711,0.1454164727780363,1.0794,2017-01-31,2017-01-31,monthly average,month end,month end,47931.85043180931,50715.400894842925,27.764419441583524,48.0615673327184,24.174013225698076,6.118841366474204,8.438673867780544,8.422664266151552,-2.3038228996773427,6.382298394832775,11.852905228908273,4.584242784432724,47931.85043180931,50715.400894842925,8.422664266151552,-2.3038228996773427
2017-02-28,2017-02,13332.5,158985.6995,10769.89616518617,0.1456346027816209,1.0618,2017-02-28,2017-02-28,monthly average,month end,month end,47921.79494283532,50869.707454467134,27.821370246886616,48.3158429734534,23.862786779659988,5.413577789299628,8.343404460525683,8.306161714421629,-2.8925839251220036,6.246912006120198,11.598774978859616,4.78209813016095,47921.79494283532,50869.707454467134,8.306161714421629,-2.8925839251220036
2017-03-31,2017-03,13519.1,160793.898,10860.50155346385,0.14528126452812645,1.0698,2017-03-31,2017-03-31,monthly average,month end,month end,48498.005391742205,51444.23638839203,27.875579399193,48.167632134875724,23.956788465931282,3.401207252001548,8.291858104001037,8.156403173618346,-4.755195921616803,6.310649072865382,11.183872930597172,5.210241269887139,48498.005391742205,51444.23638839203,8.156403173618346,-4.755195921616803
2017-04-30,2017-04,13592.8,160391.884,10927.124013429171,0.14513788098693758,1.0895,2017-04-28,2017-04-28,monthly average,month end,month end,48776.839783893774,51537.80431593345,27.867324041949054,47.72539236736172,24.40728359068923,3.709589912053768,8.096785573599385,7.972128118055006,-4.262538206001232,6.106709339994532,10.981746253150714,5.077121290254394,48776.839783893774,51537.80431593345,7.972128118055006,-4.262538206001232
2017-05-31,2017-05,13502.6,160974.07739999998,10939.55371247193,0.14684719081323974,1.1236,2017-05-31,2017-05-31,monthly average,month end,month end,49432.87361127648,51552.030880008344,27.31502138876229,47.819577000173936,24.86540161106377,6.117935778024308,7.595527849927142,7.578406213154897,-1.4604704351305873,5.967572318751868,10.128354606043644,4.776601324451479,49432.87361127648,51552.030880008344,7.578406213154897,-1.4604704351305873
2017-06-30,2017-06,13551.6,163949.70450000002,11009.27372339425,0.14750785479326775,1.1411,2017-06-30,2017-06-30,monthly average,month end,month end,50298.15145055034,52142.33325796405,26.942540847297334,48.08102983379234,24.976429318910334,7.465837222375193,7.567436328425781,7.586083036265737,-0.12024581389054456,5.685274437321608,9.997050101240767,5.118714922341661,50298.15145055034,52142.33325796405,7.586083036265737,-0.12024581389054456
2017-07-31,2017-07,13614.9,163634.1105,11034.10229010498,0.148720999405116,1.1826,2017-07-31,2017-07-31,monthly average,month end,month end,50999.65781860534,52187.631698499536,26.696061468540105,47.71763084545473,25.58630768600516,8.20684752307399,7.299412135689964,7.346807146405718,0.8600403766682738,5.671287313143214,9.70678412178101,4.658398706235145,50999.65781860534,52187.631698499536,7.346807146405718,0.8600403766682738
2017-08-31,2017-08,13685.0,165294.72999999998,11077.98056216898,0.15177270519669742,1.1894,2017-08-31,2017-08-31,monthly average,month end,month end,51948.37840750148,52565.89589803074,26.343459448628046,48.29261104180114,25.36392950957082,9.71269428963848,7.232514595659811,7.331349167138383,2.381345122500092,5.420874642755358,9.395499383907646,5.169971005033647,51948.37840750148,52565.89589803074,7.331349167138383,2.381345122500092
2017-09-30,2017-09,13737.5,166366.6054,11099.0837438082,0.1503013542152015,1.1813,2017-09-29,2017-09-29,monthly average,month end,month end,51853.973714366686,52808.47718112953,26.492665876817618,48.222198409604474,25.285135713577898,8.83517002408556,7.353202237311396,7.4143574601035125,1.4208125639820128,5.291597366464584,9.714415140726773,5.185450374921197,51853.973714366686,52808.47718112953,7.4143574601035125,1.4208125639820128
2017-10-31,2017-10,13783.5,166244.996,11118.282756738201,0.15076589072488242,1.1648,2017-10-31,2017-10-31,monthly average,month end,month end,51798.15065554318,52859.32011800423,26.6100233802941,48.387972511162005,25.002004108543886,9.920332960400447,7.181119628724386,7.284490738585927,2.6358422218144963,5.172597973385429,9.408748514464204,5.204162811668667,51798.15065554318,52859.32011800423,7.284490738585927,2.6358422218144963
2017-11-30,2017-11,13853.2,167915.6636,11177.78910330697,0.15130882130428203,1.1898,2017-11-30,2017-11-30,monthly average,month end,month end,52559.65461295696,53257.837391352085,26.357098618728216,48.33958922473396,25.30331215653782,12.484158348527941,7.1381231214650676,7.325843471532058,5.158314876995886,4.8103257826804136,9.717816287774328,4.857036792099101,52559.65461295696,53257.837391352085,7.325843471532058,5.158314876995886
2017-12-31,2017-12,13978.9,169023.53149999998,11239.503087567251,0.1536971858045279,1.2022,2017-12-29,2017-12-29,monthly average,month end,month end,53469.47173816632,53628.80177801046,26.143703211531655,48.58555785534281,25.27073893312553,13.813067595363758,6.805249972875593,7.0412064188453485,6.771861176518417,4.899444694582011,9.042749432190544,4.691240130556684,53469.47173816632,53628.80177801046,7.0412064188453485,6.771861176518417
2018-01-31,2018-01,13897.5,172081.446,11225.58591680141,0.15913177702455406,1.2428,2018-01-31,2018-01-31,monthly average,month end,month end,55232.28447233563,53999.02697854698,25.161914146355624,49.57902168368677,25.25906416995761,15.230862098496178,6.474613284656017,6.759215791038638,8.471646307457535,4.429666366095586,8.623934149543011,4.5727384512131986,55232.28447233563,53999.02697854698,6.759215791038638,8.471646307457535
2018-02-28,2018-02,13884.3,172907.01200000002,11222.731902602342,0.15802781289506954,1.2211,2018-02-28,2018-02-28,monthly average,month end,month end,54912.49486684927,54108.860044085726,25.28440937470857,49.759379913144585,24.956210712146834,14.587725548162345,6.36754711537888,6.640775972268828,7.946949575893488,4.13875867241702,8.756329999353207,4.204643484678794,54912.49486684927,54108.860044085726,6.640775972268828,7.946949575893488
2018-03-31,2018-03,14067.1,173985.94799999997,11287.42116942744,0.15942352453528044,1.232,2018-03-30,2018-03-30,monthly average,month end,month end,55710.65593050663,54536.129193658024,25.250286080902143,49.78841585417998,24.961298064917873,14.872056037159286,6.010183107633127,6.287232160714056,8.584823876445206,4.053524273065512,8.204322529701958,3.9309383076090887,55710.65593050663,54536.129193658024,6.287232160714056,8.584823876445206
2018-04-30,2018-04,14105.8,173768.37299999996,11323.92187461996,0.15791551519936836,1.2074,2018-04-30,2018-04-30,monthly average,month end,month end,55219.02541906715,54586.12472852228,25.545181018586508,49.69432535144982,24.760493629963666,13.207468265093713,5.914726971879181,6.141434597251405,7.0660336678422935,3.7740568536283936,8.339878967940773,3.631311044911123,55219.02541906715,54586.12472852228,6.141434597251405,7.0660336678422935
2018-05-31,2018-05,14017.4,174306.3792,11430.13686617746,0.15601597603594608,1.167,2018-05-31,2018-05-31,monthly average,month end,month end,54550.94960300883,54710.07872066836,25.695977983904523,49.85170758361973,24.45231443247574,10.353587841117996,6.125942638439663,6.262222347319368,4.0913654937986195,3.8125990549968014,8.282266322217179,4.484489647381373,54550.94960300883,54710.07872066836,6.262222347319368,4.0913654937986195
2018-06-30,2018-06,14112.7,177017.83727810002,11537.880969627999,0.1511236039957081,1.1677,2018-06-29,2018-06-29,monthly average,month end,month end,54337.057149226894,55352.69888993167,25.972514413583394,49.23265068905724,24.79483489735937,8.029928699561317,6.156927454866601,6.2081843817027424,1.8217443178585733,4.14047049794859,7.970818134716429,4.801472463260503,54337.057149226894,55352.69888993167,6.2081843817027424,1.8217443178585733
2018-07-31,2018-07,14148.2,177619.6105,11527.92307577863,0.14697668949704576,1.1706,2018-07-31,2018-07-31,monthly average,month end,month end,53748.72909355118,55468.24616688799,26.322854956020745,48.570343487762436,25.106801556216816,5.390371999599863,6.286191500969718,6.239393922626181,-0.8490219230263252,3.917032075152971,8.546812126925097,4.475405181955683,53748.72909355118,55468.24616688799,6.239393922626181,-0.8490219230263252
2018-08-31,2018-08,14203.2,178867.043,11528.751971410811,0.14641288433382138,1.1596,2018-08-31,2018-08-31,monthly average,month end,month end,53760.380463939626,55715.437300882164,26.41945588448161,48.71327072444706,24.867273391071343,3.4880820383345945,5.991606057587262,5.911955658484835,-2.4238736201502227,3.7866276945560884,8.210977446165412,4.069075647065179,53760.380463939626,55715.437300882164,5.911955658484835,-2.4238736201502227
2018-09-30,2018-09,14237.2,180166.558,11574.759226233691,0.145602795573675,1.1622,2018-09-28,2018-09-28,monthly average,month end,month end,53922.13968641546,56004.86356050373,26.403254920514144,48.64932042059794,24.947424658887915,3.988442589648189,6.052790290488419,5.976021016665904,-1.9875784270177212,3.637488626023666,8.294905438997425,4.285718473751077,53922.13968641546,56004.86356050373,5.976021016665904,-1.9875784270177212
2018-10-31,2018-10,14238.8,179556.16,11589.383073302131,0.14339590174512812,1.1332,2018-10-31,2018-10-31,monthly average,month end,month end,53119.50637575848,55930.800939261535,26.805218970366774,48.471115855177906,24.723665174455324,2.5509708425736966,5.810670312066946,5.7037020769909,-3.1527312344171987,3.3032248703159572,8.006956191331005,4.237167977027934,53119.50637575848,55930.800939261535,5.7037020769909,-3.1527312344171987
2018-11-30,2018-11,14293.5,181317.5065,11675.061942878072,0.14376491560999455,1.1323,2018-11-30,2018-11-30,monthly average,month end,month end,53580.26865850798,56360.22435767244,26.676797929288366,48.65055116973169,24.672650900979942,1.941820305073727,5.82522144773403,5.698143538915592,-3.7563232338418793,3.1783270291340537,7.981294069101952,4.448758470706715,53580.26865850798,56360.22435767244,5.698143538915592,-3.7563232338418793
2018-12-31,2018-12,14489.0,182674.4216,11723.08254378978,0.14544396771143916,1.1456,2018-12-31,2018-12-31,monthly average,month end,month end,54487.8560390618,56822.40988975222,26.591246294611004,48.76112698919416,24.64762671619482,1.9046088689306462,5.955024177048163,5.8342551885541765,-3.9296463196235387,3.649071100015022,8.076325218657509,4.302498539792632,54487.8560390618,56822.40988975222,5.8342551885541765,-3.9296463196235387
2019-01-31,2019-01,14465.2,186593.533,11705.98897063367,0.14934735207144778,1.1454,2019-01-31,2019-01-31,monthly average,month end,month end,55740.48983417012,57378.33454939916,25.95097395633671,49.99462715543466,24.054398888228626,0.9201237404710794,6.258089747051798,6.11904305322841,-5.198919312757325,4.084907357438383,8.433266535893713,4.279536563995623,55740.48983417012,57378.33454939916,6.11904305322841,-5.198919312757325
2019-02-28,2019-02,14443.2,186742.74500000002,11753.63050155429,0.14945002391200382,1.1379,2019-02-28,2019-02-28,monthly average,month end,month end,55726.363853361865,57437.46788117868,25.918073603376993,50.081695226126904,24.0002311704961,1.482119849928587,6.151687236398873,6.031752030635772,-4.549632180707172,4.025409995462503,8.001834535200913,4.730564746261501,55726.363853361865,57437.46788117868,6.031752030635772,-4.549632180707172
2019-03-31,2019-03,14614.3,188941.2137,11898.050230832661,0.14900464894504709,1.1228,2019-03-29,2019-03-29,monthly average,month end,month end,56126.55001779853,58122.12327905164,26.03812276964395,50.16007434929079,23.80180288106527,0.7465252030252278,6.57544665969918,6.412538569348015,-5.666013366322785,3.8899275614732165,8.5956744621698,5.4098190564479065,56126.55001779853,58122.12327905164,6.412538569348015,-5.666013366322785
2019-04-30,2019-04,14665.0,188467.0327,11955.13637369846,0.1484847134987453,1.1201,2019-04-30,2019-04-30,monthly average,month end,month end,56040.42160659781,58169.968214151995,26.168611119573455,49.93622915771117,23.895159722715377,1.4875238765931442,6.565484367050312,6.420997460951539,-4.9334735843583815,3.9643267308483,8.458765796236145,5.574168614614217,56040.42160659781,58169.968214151995,6.420997460951539,-4.9334735843583815
2019-05-31,2019-05,14618.1,189115.37,12041.53743518256,0.14487084763932953,1.1149,2019-05-31,2019-05-31,monthly average,month end,month end,55440.514040010465,58328.09875066122,26.367179765776285,49.417478224955246,24.215342009268465,1.6307038529583595,6.613077726437355,6.4640351940565814,-4.833331341098215,4.285388160429182,8.495954576056054,5.349022292237593,55440.514040010465,58328.09875066122,6.4640351940565814,-4.833331341098215
2019-06-30,2019-06,14779.3,192136.01900000003,12127.82011499582,0.14566642388929352,1.1374,2019-06-28,2019-06-28,monthly average,month end,month end,56561.249386851596,59057.75718071652,26.129726907050326,49.48222871922889,24.388044373720792,4.093324803211851,6.693545870549733,6.606903902692074,-2.513579099480216,4.723405159891425,8.54048493324937,5.1130631952328365,56561.249386851596,59057.75718071652,6.606903902692074,-2.513579099480216
2019-07-31,2019-07,14860.7,191941.08159999998,12162.641931454978,0.14527915389420773,1.113,2019-07-31,2019-07-31,monthly average,month end,month end,56282.75840209647,59151.86879864454,26.403645489142292,49.5445474316845,24.05180707917321,4.714584607451355,6.640957460009789,6.567576306286584,-1.8529916988352224,5.0359763079402375,8.063001072733433,5.505925495026576,56282.75840209647,59151.86879864454,6.567576306286584,-1.8529916988352224
2019-08-31,2019-08,14944.2,193549.24279999998,12274.6443621129,0.13977607872188755,1.0989,2019-08-30,2019-08-30,monthly average,month end,month end,55486.360887700386,59618.80925792921,26.93310529094848,48.7571247516639,24.309769957387626,3.2105063410376777,7.00590742197269,6.853077895795296,-3.642571554757627,5.21713416694829,8.208443296063205,6.469845066940172,55486.360887700386,59618.80925792921,6.853077895795296,-3.642571554757627
2019-09-30,2019-09,15036.9,195225.04859999998,12262.784067892771,0.13990514431215634,1.0905,2019-09-30,2019-09-30,monthly average,month end,month end,55722.4546237678,59953.83259319377,26.98535106094586,49.01612605213676,23.99852288691738,3.3387305248309573,7.051118030890047,6.9068403378641205,-3.568109813033157,5.616975247942002,8.358094180830156,5.944182753276639,55722.4546237678,59953.83259319377,6.9068403378641205,-3.568109813033157
2019-10-31,2019-10,15162.1,194560.05479999998,12304.764162702451,0.14208783870188552,1.1155,2019-10-31,2019-10-31,monthly average,month end,month end,56532.682107746994,60028.459490525325,26.820061307372946,48.90024080506894,24.2796978875581,6.425465831410926,7.326300504285066,7.284184278530483,-0.8587184471195558,6.484394752366773,8.35610140025269,6.172727960371827,56532.682107746994,60028.459490525325,7.284184278530483,-0.8587184471195558
2019-11-30,2019-11,15308.1,196142.95620000002,12408.91424664101,0.14223132502702396,1.1019,2019-11-29,2019-11-29,monthly average,month end,month end,56879.15516341726,60544.42529605575,26.913374426921255,49.04726955752388,24.039356015554862,6.156905494324083,7.424031728173386,7.380324786561654,-1.223419292237577,7.098331409381897,8.17651311568197,6.285639488282091,56879.15516341726,60544.42529605575,7.380324786561654,-1.223419292237577
2019-12-31,2019-12,15459.4,198648.882,12402.99736910988,0.14364101238185525,1.1227,2019-12-31,2019-12-31,monthly average,month end,month end,57918.37166530336,61072.53888586965,26.69170343623649,49.26610624327581,24.042190320487713,6.295926974594601,7.479670440524444,7.433791631662989,-1.137864657068378,6.697494651114644,8.744771304095922,5.799795597961399,57918.37166530336,61072.53888586965,7.433791631662989,-1.137864657068378
2020-01-31,2020-01,15444.7,202306.649,12370.89823830111,0.14459015919376528,1.1082,2020-01-31,2020-01-31,monthly average,month end,month end,58405.68001255249,61579.15896689819,26.443832169543512,50.08340041341952,23.472767417036962,4.781425829430996,7.321272829699144,7.244387124066957,-2.4629612946359574,6.7714238309874775,8.421039972483936,5.680077687886675,58405.68001255249,61579.15896689819,7.244387124066957,-2.4629612946359574
2020-02-29,2020-02,15433.7,203083.042,12450.162239755891,0.14304923754756388,1.1001,2020-02-28,2020-02-28,monthly average,month end,month end,58180.997796895346,61784.08627362758,26.527045916052636,49.931894290218075,23.54105979372929,4.404798328476267,7.567566177256957,7.464476649254116,-3.0596783207778464,6.857898526642292,8.750164296878026,5.92609864764333,58180.997796895346,61784.08627362758,7.464476649254116,-3.0596783207778464
2020-03-31,2020-03,16102.6,208092.34100000001,12770.144334033299,0.14122698000225964,1.1016,2020-03-31,2020-03-31,monthly average,month end,month end,59558.44387940148,63612.03303393269,27.036636539070404,49.34355393928355,23.619809521646033,6.114564070862438,9.445473505025447,9.331367233772653,-3.2168031629102134,10.183861012843586,10.136024282350654,7.329722822489759,59558.44387940148,63612.03303393269,9.331367233772653,-3.2168031629102134
2020-04-30,2020-04,17146.5,209353.383,12953.319049006359,0.14159893517600747,1.0934,2020-04-30,2020-04-30,monthly average,month end,month end,60953.87515647841,65073.218852107195,28.130286968600725,48.63384982856855,23.235863202830732,8.767695547283537,11.867379078738649,11.805109307706648,-3.0374137604230977,16.92124105011934,11.082230139022077,8.349404340580513,60953.87515647841,65073.218852107195,11.805109307706648,-3.0374137604230977
2020-05-31,2020-05,17812.8,210018.374,13173.227705533709,0.1401580983349218,1.1107,2020-05-29,2020-05-29,monthly average,month end,month end,61880.079927768675,66110.38146854205,28.78600031026545,47.56906576331535,23.6449339264192,11.615270888561536,13.3422533642803,13.407208898514638,-1.7919380099530988,21.854413364253887,11.053043441154475,9.398220754142361,61880.079927768675,66110.38146854205,13.407208898514638,-1.7919380099530988
2020-06-30,2020-06,18150.0,213494.866,13253.83154851702,0.14154081329351317,1.1237,2020-06-30,2020-06-30,monthly average,month end,month end,63261.56747869819,67078.95567732291,28.69040512806069,47.76713282958865,23.542462042350664,11.846128161030634,13.581955833611413,13.632867074007802,-1.7867389129771774,22.806898838239988,11.116524174470378,9.284532775423582,63261.56747869819,67078.95567732291,13.632867074007802,-1.7867389129771774
2020-07-31,2020-07,18298.3,212545.846,13320.78363897233,0.14338150952053222,1.1822,2020-07-31,2020-07-31,monthly average,month end,month end,64521.274659791656,67163.69440578883,28.360103076827663,47.23270642511044,24.407190498061897,14.637726528677586,13.544501247148899,13.75301446466205,0.8847120640155394,23.132153936221034,10.734942320966901,9.522122858210347,64521.274659791656,67163.69440578883,13.75301446466205,0.8847120640155394
2020-08-31,2020-08,18363.9,213683.69100000002,13354.5357866261,0.1460408330169115,1.195,2020-08-31,2020-08-31,monthly average,month end,month end,65529.11450078651,67444.95565784832,28.024031974031313,47.62241100540701,24.353557020561674,18.099499502971184,13.12697535782843,13.581111197112689,4.5183883058584815,22.88312522584013,10.402752244711987,8.797741039621565,65529.11450078651,67444.95565784832,13.581111197112689,4.5183883058584815
2020-09-30,2020-09,18585.2,216408.47999999998,13432.706977442422,0.14728408153646755,1.1723,2020-09-30,2020-09-30,monthly average,month end,month end,66205.88660315875,68179.45120812472,28.071824053049205,48.143036592130294,23.785139354820505,18.813657887424373,13.71992124464243,14.20213353052946,4.611524356894907,23.597284014657284,10.850775324125085,9.540434725690217,66205.88660315875,68179.45120812472,14.20213353052946,4.611524356894907
2020-10-31,2020-10,18728.0,214972.042,13530.65971399752,0.14943439083070578,1.1647,2020-10-30,2020-10-30,monthly average,month end,month end,66611.37551079581,68221.90365014234,28.115317926387398,48.22632154878182,23.65836052483078,17.82808284920854,13.649266080050303,14.04288144646681,3.785201402741716,23.518509968935696,10.49135559762393,9.96277161500534,66611.37551079581,68221.90365014234,14.04288144646681,3.785201402741716
2020-11-30,2020-11,19015.4,217200.25499999998,13645.75935940523,0.15206812652068127,1.1948,2020-11-30,2020-11-30,monthly average,month end,month end,68348.5891402816,68991.55909885145,27.821203391590092,48.32467834833225,23.854118260077662,20.16456458242386,13.95195967504872,14.462603752757005,5.701960829666852,24.21789771428198,10.735689523578195,9.96739189408955,68348.5891402816,68991.55909885145,14.462603752757005,5.701960829666852
2020-12-31,2020-12,19279.3,218679.58899999998,13774.04601469545,0.1532567049808429,1.223,2020-12-31,2020-12-31,monthly average,month end,month end,69639.07153267751,69639.07153267751,27.684602301099552,48.12544526958372,24.189952429316726,20.236583885861492,14.026815984867946,14.505708215099103,5.730875670762382,24.709238392175624,10.083473311468193,11.05417186494142,69639.07153267751,69639.07153267751,14.505708215099103,5.730875670762382
2021-01-31,2021-01,19400.3,221304.733,13809.81392614476,0.15556454372919323,1.2135,2021-01-29,2021-01-29,monthly average,month end,month end,70585.6790136326,70206.13660792026,27.484753665475278,48.77359018903371,23.741656145491014,20.85413438977579,14.009573670305375,14.51425170287223,6.3398826869035565,25.611374775813054,9.390736337093886,11.631456828160402,70585.6790136326,70206.13660792026,14.51425170287223,6.3398826869035565
2021-02-28,2021-02,19545.3,223603.02599999998,13884.105532464771,0.1544878727019929,1.2093,2021-02-26,2021-02-26,monthly average,month end,month end,70879.30463687805,70794.22405471015,27.57546804406812,48.736307436198246,23.68822451973364,21.825522629074445,14.583266217094693,15.15976525831458,6.66575737075988,26.64040379170256,10.10423312449693,11.517466721277003,70879.30463687805,70794.22405471015,15.15976525831458,6.66575737075988
2021-03-31,2021-03,19961.4,227648.84500000003,13983.828515329142,0.1526298116548124,1.1743,2021-03-31,2021-03-31,monthly average,month end,month end,71128.6101613366,71952.33415164218,28.06381279589577,48.84954205765218,23.08664514645204,19.426575861121044,13.11120038131859,13.622447374999293,5.80412848612173,23.963831927763234,9.397993172655994,9.504075674863689,71128.6101613366,71952.33415164218,13.622447374999293,5.80412848612173
2021-04-30,2021-04,20279.0,226210.712,14040.81223702386,0.15444253965312205,1.203,2021-04-30,2021-04-30,monthly average,month end,month end,72106.65397916068,72119.2217183706,28.123618114162905,48.451224582016906,23.425157303820182,18.297079216130708,10.827807492168095,11.281307267583582,7.015771948547109,18.269034496836078,8.052092953281775,8.395479057554155,72106.65397916068,72119.2217183706,11.281307267583582,7.015771948547109
2021-05-31,2021-05,20325.7,227553.80699999997,14157.04825510538,0.15704997330150455,1.2194,2021-05-28,2021-05-28,monthly average,month end,month end,73326.12395628121,72513.91668266055,27.71958874045854,48.73749952378931,23.542911735752153,18.497138403624014,9.686126553611786,10.124318281765758,8.372820121858268,14.107271175783719,8.349475651116101,7.468333285990303,73326.12395628121,72513.91668266055,10.124318281765758,8.372820121858268
2021-06-30,2021-06,20442.8,231778.83599999998,14260.03112107303,0.15488027754545736,1.1848,2021-06-30,2021-06-30,monthly average,month end,month end,73236.05532109037,73404.47875072749,27.913573321736408,49.016799568811855,23.069627109451726,15.76705769383735,9.429966536499034,9.743803810792203,6.023253883045127,12.63250688705233,8.564126314868847,7.591763701482934,73236.05532109037,73404.47875072749,9.743803810792203,6.023253883045127
2021-07-31,2021-07,20596.8,230215.38199999998,14390.415868000482,0.15477719822315777,1.1864,2021-07-30,2021-07-30,monthly average,month end,month end,73301.68119962975,73478.32948779063,28.098673404102,48.61019724335323,23.29112935254479,13.608544756958851,9.401857860662211,9.608347776174208,4.000196980784642,12.561276184126392,8.31328220830061,8.029799582501674,73301.68119962975,73478.32948779063,9.608347776174208,4.000196980784642
2021-08-31,2021-08,20788.4,231226.768,14435.80791767679,0.1547891771407343,1.18,2021-08-31,2021-08-31,monthly average,month end,month end,73614.05449449009,73880.44565036852,28.239716101435473,48.620336697132224,23.139947201432303,12.337935672252275,9.541840349288355,9.686156634391407,2.651779037860871,13.202533230958569,8.209834320018361,8.096665794505032,73614.05449449009,73880.44565036852,9.686156634391407,2.651779037860871
2021-09-30,2021-09,20961.4,234282.96999999997,14484.68443411538,0.15519756650215727,1.1577,2021-09-30,2021-09-30,monthly average,month end,month end,74090.46598627328,74581.60507824877,28.291629322298384,49.07533828122277,22.633032396478846,11.909181777709698,9.390151661064007,9.523482966616038,2.385698811093665,12.785442179798977,8.259607017248127,7.831462849889803,74090.46598627328,74581.60507824877,9.523482966616038,2.385698811093665
2021-10-31,2021-10,21126.2,233616.048,14564.99944340493,0.156128024980484,1.1552,2021-10-29,2021-10-29,monthly average,month end,month end,74425.69953500733,74742.42006641068,28.385625035426038,49.0072816323746,22.607093332199366,11.73121552330807,9.557804850634266,9.677680541156972,2.053534982151111,12.805425032037586,8.672758478983988,7.644414620355722,74425.69953500733,74742.42006641068,9.677680541156972,2.053534982151111
2021-11-30,2021-11,21356.2,235601.27599999998,14635.241756961821,0.15713387806411064,1.1287,2021-11-30,2021-11-30,monthly average,month end,month end,74895.93954581568,75362.57591780645,28.51449641930974,49.42983878596817,22.055664794722087,9.57934975379815,9.234487381023794,9.268878180004952,0.31047157379320345,12.310022402894493,8.471915007650432,7.251208023645805,74895.93954581568,75362.57591780645,9.268878180004952,0.31047157379320345
2021-12-31,2021-12,21681.6,238289.956,14755.56067716334,0.15692182154850454,1.1318,2021-12-30,2021-12-30,monthly average,month end,month end,75774.83752664646,76247.1841947608,28.61319233099721,49.34737595324262,22.03943171576018,8.810809591408454,9.489087830504017,9.476422629892339,-0.6656130384838744,12.460514645241272,8.967625689108116,7.125826800786905,75774.83752664646,76247.1841947608,9.476422629892339,-0.6656130384838744
2022-01-31,2022-01,21668.9,243102.27200000003,14761.53014833235,0.15720798616569723,1.1212,2022-01-31,2022-01-31,monthly average,month end,month end,76437.1462157358,76979.30455148709,28.34865124195219,49.99875126886653,21.652597489181275,8.289878745762413,9.647544033640386,9.617278938289838,-1.3274001925274368,11.69363360360407,9.849558436691908,6.8915933790085315,76437.1462157358,76979.30455148709,9.617278938289838,-1.3274001925274368
2022-02-28,2022-02,21619.9,244148.88999999998,14830.031274001669,0.1585188003297191,1.1224,2022-02-28,2022-02-28,monthly average,month end,month end,76967.31624657204,77174.4826542343,28.08971528997921,50.283927038129335,21.626357671891434,8.589265429286442,9.01239993052747,9.019422278651446,-0.430156849365029,10.614316485293141,9.188544702431711,6.813011751639797,76967.31624657204,77174.4826542343,9.019422278651446,-0.430156849365029
2022-03-31,2022-03,21892.7,249768.83399999997,14940.205258091219,0.15774612338901772,1.1093,2022-03-31,2022-03-31,monthly average,month end,month end,77865.93499969566,78443.31953639268,28.115889188366605,50.59987439571499,21.284236415918418,9.47203217253536,9.021229764513983,9.076582664498853,0.3954495080365251,9.675173084052213,9.716714793786863,6.839162406158605,77865.93499969566,78443.31953639268,9.076582664498853,0.3954495080365251
2022-04-30,2022-04,21884.8,249971.09,15026.45393055517,0.1513317191283293,1.0537,2022-04-29,2022-04-29,monthly average,month end,month end,75546.72928870832,78571.89875093871,28.968560526777217,50.07305430459769,20.95838516862508,4.77081534048418,8.947236088828259,8.807238222966182,-4.036422882482019,7.91853641698308,10.503648474436522,7.019833873515502,75546.72928870832,78571.89875093871,8.807238222966182,-4.036422882482019
2022-05-31,2022-05,21589.6,252702.615,15082.30985811607,0.1498913287866297,1.0731,2022-05-31,2022-05-31,monthly average,month end,month end,75652.35745895046,78763.63507141848,28.537907773349534,50.06840767752539,21.393684549125073,3.1724484769660055,8.618646840038036,8.433672360590544,-5.261223883624553,6.218236026311508,11.051807188618046,6.535695763253613,75652.35745895046,78763.63507141848,8.433672360590544,-5.261223883624553
2022-06-30,2022-06,21614.3,258145.12000000002,15174.49027173271,0.14929606903450232,1.0469,2022-06-30,2022-06-30,monthly average,month end,month end,76040.52552191686,79735.1721004134,28.424711496464074,50.68356825773336,20.891720245802567,3.8293572592499547,8.624396572836046,8.468368737334794,-4.6390114780848295,5.730623984972705,11.375621888100284,6.412743022056389,76040.52552191686,79735.1721004134,8.468368737334794,-4.6390114780848295
2022-07-31,2022-07,21609.6,257807.857,15312.125360034719,0.14829534500912017,1.0202,2022-07-29,2022-07-29,monthly average,month end,month end,75462.73539218433,79847.1119973148,28.636120712685038,50.66302579834201,20.700853488972957,2.948164567561795,8.66756573525862,8.473179287399851,-5.525014719838071,4.917268701934274,11.9855045133344,6.4050233189147265,75462.73539218433,79847.1119973148,8.473179287399851,-5.525014719838071
2022-08-31,2022-08,21584.8,259506.827,15378.76338293886,0.14515894904920887,1.0065,2022-08-31,2022-08-31,monthly average,month end,month end,74733.26362334282,80164.18884338786,28.882453346059975,50.40558441053921,20.71196224340082,1.5203742499151351,8.505285989687316,8.243753800638023,-6.723379550722879,3.830982663408422,12.23044340610253,6.532058826492215,74733.26362334282,80164.18884338786,8.243753800638023,-6.723379550722879
2022-09-30,2022-09,21507.2,262660.092,15421.05844668857,0.14057777465382723,0.9783,2022-09-30,2022-09-30,monthly average,month end,month end,73517.79270212495,80621.57471018517,29.254414760711878,50.224809351032484,20.52077588825565,-0.7729378895449668,8.098470964253778,7.750624644174292,-8.523562533719256,2.603833713397008,12.112328096233394,6.46457999711596,73517.79270212495,80621.57471018517,7.750624644174292,-8.523562533719256
2022-10-31,2022-10,21412.0,261291.457,15322.89341316402,0.13689628737268644,0.9885,2022-10-31,2022-10-31,monthly average,month end,month end,72328.51052441257,80196.5663837632,29.603817145899814,49.45467579264857,20.941507061451617,-2.817829088201318,7.297256782034034,6.923592964982997,-9.741422053184316,1.3528225615586198,11.846535902362309,5.203528999118956,72328.51052441257,80196.5663837632,6.923592964982997,-9.741422053184316
2022-11-30,2022-11,21421.7,264700.848,15323.680695194,0.14108551192878002,1.0323,2022-11-30,2022-11-30,monthly average,month end,month end,74585.79022971095,80729.7412603372,28.72088628949962,50.070468561162706,21.208645149337674,-0.4141069836169131,7.12179125669008,6.874052998637633,-7.288159982254553,0.30670250325433024,12.351194566535373,4.703980635678229,74585.79022971095,80729.7412603372,6.874052998637633,-7.288159982254553
2022-12-31,2022-12,21448.4,266432.084,15316.191344073199,0.1449863712810996,1.0698,2022-12-30,2022-12-30,monthly average,month end,month end,76462.68255191062,81012.60530882068,28.05080764128129,50.52009655271487,21.42909580600384,0.9077485979726241,6.249963410960069,6.112994620325219,-5.205246022352607,-1.0755663788650116,11.810035333591639,3.799453502146677,76462.68255191062,81012.60530882068,6.112994620325219,-5.205246022352607
2023-01-31,2023-01,21302.3,273807.206,15210.711463592968,0.14806040864672787,1.0858,2023-01-31,2023-01-31,monthly average,month end,month end,78358.09731794805,81867.79031154508,27.18583111272238,51.73684430631657,21.07732458096105,2.513112010736984,6.3503896125592485,6.300201900917419,-3.7870898901804373,-1.6918256118215624,12.630459496487134,3.042918388181892,78358.09731794805,81867.79031154508,6.300201900917419,-3.7870898901804373
2023-02-28,2023-02,21147.8,275524.923,15152.46278176669,0.14424810674359897,1.0602,2023-02-28,2023-02-28,monthly average,month end,month end,76956.38954465493,81905.30382118112,27.480239295437215,51.64476756067663,20.874993143886165,-0.01419654789847069,6.130032886831738,6.014996967560685,-6.029193515459128,-2.1836363720461383,12.851188059876106,2.1741795536889486,76956.38954465493,81905.30382118112,6.014996967560685,-6.029193515459128
2023-03-31,2023-03,21053.5,281456.631,15153.17723732456,0.14561127613722405,1.0872,2023-03-31,2023-03-31,monthly average,month end,month end,78511.29350961304,82720.9516233169,26.815887318710622,52.20046363415948,20.983649047129884,0.8288072440405525,5.453150264682094,5.3952480292276235,-4.566440785187098,-3.8332412173921027,12.686849873351292,1.4254956712726585,78511.29350961304,82720.9516233169,5.3952480292276235,-4.566440785187098
2023-04-30,2023-04,20869.6,280846.934,15131.89946163497,0.1446968600781363,1.104,2023-04-28,2023-04-28,monthly average,month end,month end,78212.88651801659,82417.58875039183,26.683070947896315,51.95776721910215,21.35916183300154,3.529149778436236,4.894485255655323,4.856101728435804,-1.326951949999549,-4.638836087147247,12.35176595821541,0.7017326347727559,78212.88651801659,82417.58875039183,4.856101728435804,-1.326951949999549
2023-05-31,2023-05,20734.2,282050.468,15098.27633856312,0.14064697609001406,1.0654,2023-05-31,2023-05-31,monthly average,month end,month end,76489.44904007841,82425.51732604737,27.107268074497224,51.862767906966496,21.029964018536297,1.1064976812945604,4.649204231506698,4.527300940054525,-3.42080325875995,-3.962092859524946,11.61359291830044,0.10586230224185478,76489.44904007841,82425.51732604737,4.527300940054525,-3.42080325875995
2023-06-30,2023-06,20771.0,287302.38300000003,15115.901377309081,0.1379063064553942,1.092,2023-06-30,2023-06-30,monthly average,month end,month end,76898.37477938455,83288.76393617314,27.010973976485694,51.52359928156097,21.465426741953344,1.1281474602913288,4.456743168854738,4.314882994995608,-3.186735534704262,-3.901583673771525,11.294911559823406,-0.38610123552399456,76898.37477938455,83288.76393617314,4.314882994995608,-3.186735534704262
2023-07-31,2023-07,20751.3,285403.156,15083.28878811422,0.14000504018144652,1.102,2023-07-31,2023-07-31,monthly average,month end,month end,77330.96456819352,82938.10946755718,26.83439953952815,51.671255553078225,21.494344907393625,2.475697662296361,3.8711449831101197,3.8121453776608485,-1.336447715364498,-3.9718458462905337,10.703823894707764,-1.4944794830231256,77330.96456819352,82938.10946755718,3.8121453776608485,-1.336447715364498
2023-08-31,2023-08,20726.9,286934.325,15040.767969938559,0.13777520597393292,1.0839,2023-08-31,2023-08-31,monthly average,month end,month end,76562.02413048282,83096.36842263716,27.072037652342686,51.63452269821423,21.293439649443076,2.4470502403815653,3.657717518950654,3.5712546869328947,-1.1242044465513308,-3.9745561691560627,10.56908533662586,-2.1978061862585885,76562.02413048282,83096.36842263716,3.5712546869328947,-1.1242044465513308
2023-09-30,2023-09,20710.0,289665.91099999996,15093.08372705555,0.1370614035087719,1.0584,2023-09-29,2023-09-29,monthly average,month end,month end,76386.5361270226,83562.08446332303,27.112107774544842,51.975149448178705,20.912742777276463,3.902107665991905,3.6472988324877997,3.5606940094788735,0.34141365651301586,-3.7066656747507865,10.281660527249015,-2.1267977212254707,76386.5361270226,83562.08446332303,3.5606940094788735,0.34141365651301586
2023-10-31,2023-10,20675.4,288227.60699999996,15002.4554951773,0.13667550501599102,1.0568,2023-10-31,2023-10-31,monthly average,month end,month end,75923.64871357895,83196.21640393516,27.231831386288743,51.88588063633199,20.88228797737927,4.97056853943223,3.740372132414982,3.6226234467549827,1.347945092677243,-3.440127031571072,10.30885215661681,-2.091236356910431,75923.64871357895,83196.21640393516,3.6226234467549827,1.347945092677243
2023-11-30,2023-11,20750.4,291201.422,15047.0009960841,0.14013452914798205,1.0908,2023-11-30,2023-11-30,monthly average,month end,month end,77971.04284572136,83781.4526396668,26.612956865355912,52.33657607983644,21.050467054807655,4.538736675691757,3.7801575128160403,3.7020951461728275,0.8366415295189269,-3.1337382187221374,10.01151836128611,-1.805569462150669,77971.04284572136,83781.4526396668,3.7020951461728275,0.8366415295189269
2023-12-31,2023-12,20907.2,292271.333,15198.81155256105,0.14084705418386176,1.1062,2023-12-29,2023-12-29,monthly average,month end,month end,78885.68161488354,84287.88798472086,26.503162008624127,52.183812616856066,21.31302537451981,3.168864839822927,4.042929693983766,3.9548067272396015,-0.7859418874166733,-2.5232651386583593,9.698249779857605,-0.7663771552290699,78885.68161488354,84287.88798472086,3.9548067272396015,-0.7859418874166733
2024-01-31,2024-01,20873.7,297625.02,15022.81745575452,0.13952255382082512,1.0855,2024-01-31,2024-01-31,monthly average,month end,month end,78706.37121959569,84859.63563344526,26.520978767730345,52.75990015537076,20.719121076898887,0.4444644696188549,3.65448402908497,3.563398960379314,-3.1189344907604615,-2.011989315707685,8.698753530979019,-1.2352742887022372,78706.37121959569,84859.63563344526,3.563398960379314,-3.1189344907604615
2024-02-29,2024-02,20844.5,299557.297,15035.511756857959,0.13893327035025077,1.0807,2024-02-29,2024-02-29,monthly average,month end,month end,78711.85248512776,85142.09516982503,26.482034588041834,52.8744701280598,20.643495283898375,2.281113954097602,3.9518702668029926,3.8648774650970443,-1.583763510999446,-1.4341917362562517,8.72239568686859,-0.7718284914678075,78711.85248512776,85142.09516982503,3.8648774650970443,-1.583763510999446
2024-03-31,2024-03,21088.8,304795.216,15139.05360731018,0.13849840034347605,1.0791,2024-03-29,2024-03-29,monthly average,month end,month end,79639.00259599267,86315.77305982463,26.480492362496214,53.00625129937074,20.513256338133054,1.4363654398861225,4.34572060156817,4.248256216381404,-2.811890776495284,0.16766808369155228,8.292071470151296,-0.09320573364371976,79639.00259599267,86315.77305982463,4.248256216381404,-2.811890776495284
2024-04-30,2024-04,21069.4,301194.198,15119.17283323892,0.13811963923150233,1.0684,2024-04-30,2024-04-30,monthly average,month end,month end,78823.55822141415,85720.1787198788,26.72982605126298,52.77715813021988,20.493015818517133,0.7807814422715165,4.007142188409696,3.9165506607854157,-3.1357692185139054,0.9573734043776705,7.244965686540117,-0.08410463225927423,78823.55822141415,85720.1787198788,3.9165506607854157,-3.1357692185139054
2024-05-31,2024-05,20937.5,301850.673,15175.457363630101,0.1381024720342494,1.0846,2024-05-31,2024-05-31,monthly average,month end,month end,79083.12518309508,85757.7238959495,26.475306775655383,52.712034368885554,20.812658855459055,3.3908940063846593,4.042688087380819,3.9821409990803667,-0.5912469926957291,0.9805056380279842,7.020092943082812,0.5111909686660754,79083.12518309508,85757.7238959495,3.9821409990803667,-0.5912469926957291
2024-06-30,2024-06,21041.5,305016.154,15345.132577960141,0.1376045794804051,1.0711,2024-06-28,2024-06-28,monthly average,month end,month end,79449.29111015359,86554.3678708146,26.484188475422286,52.828186405978556,20.687625118599165,3.3172564935051163,3.9208217054871985,3.84740689811593,-0.5301504046108209,1.3022964710413643,6.165549625810085,1.5164904488935482,79449.29111015359,86554.3678708146,3.84740689811593,-0.5301504046108209
2024-07-31,2024-07,21052.3,303306.078,15272.29191887035,0.13851758480739132,1.0823,2024-07-31,2024-07-31,monthly average,month end,month end,79594.72692575562,86214.00313172097,26.449365194301336,52.78393055001161,20.766704255687053,2.9273685776489033,3.9498050838079557,3.8802104709484895,-0.9528418932995888,1.450511534217136,6.272853548963542,1.2530631310663898,79594.72692575562,86214.00313172097,3.8802104709484895,-0.9528418932995888
2024-08-31,2024-08,21138.4,305046.127,15353.552654992029,0.14104372355430184,1.106,2024-08-30,2024-08-30,monthly average,month end,month end,81144.27084431963,86666.15918824298,26.050391210681212,53.02264862351687,20.926960165801912,5.985012499182885,4.2959648338053436,4.282724040896232,1.7022884582866546,1.9853427188822215,6.312176836981753,2.079579218817962,81144.27084431963,86666.15918824298,4.282724040896232,1.7022884582866546
2024-09-30,2024-09,21219.0,309479.82399999996,15404.13628265069,0.14249886000911993,1.1145,2024-09-30,2024-09-30,monthly average,month end,month end,82487.43200283726,87488.11675797297,25.723918765309783,53.463322890578254,20.812758344111966,7.986873322373889,4.69834174178978,4.734518152273229,3.2523551701006648,2.457749879285376,6.8402639895034145,2.060894653605838,82487.43200283726,87488.11675797297,4.734518152273229,3.2523551701006648
2024-10-31,2024-10,21268.4,309709.201,15387.199084136279,0.14049284891399028,1.0855,2024-10-31,2024-10-31,monthly average,month end,month end,81483.13258919558,87551.95612740825,26.101598360517777,53.39992045069607,20.498481188786148,7.322466675159034,5.235502179960982,5.244910100042771,2.0775565751162537,2.8681428170676204,7.452996686746949,2.5645374457711867,81483.13258919558,87551.95612740825,5.244910100042771,2.0775565751162537
2024-11-30,2024-11,21450.4,311958.72699999996,15568.936268128,0.13807768250417685,1.0547,2024-11-29,2024-11-29,monthly average,month end,month end,80945.49514310778,88300.97564595885,26.499807014679092,53.21424989118844,20.285943094132467,3.8148166150244744,5.394419485336388,5.319120762929335,-1.5043041479048795,3.3734289459480316,7.128160589820176,3.468699657690788,80945.49514310778,88300.97564595885,5.319120762929335,-1.5043041479048795
2024-12-31,2024-12,21618.4,313532.23,15662.255130115,0.13699943830230296,1.0351,2024-12-31,2024-12-31,monthly average,month end,month end,80784.1396848505,88824.25449922643,26.760698429588047,53.17100555534369,20.068296015068267,2.4065939865172803,5.381990963313599,5.274745188742691,-2.8681512022254063,3.4016989362516403,7.274369600935171,3.0492093144997012,80784.1396848505,88824.25449922643,5.274745188742691,-2.8681512022254063
2025-01-31,2025-01,21584.4,318524.718,15528.880893779,0.1380795890751429,1.04,2025-01-31,2025-01-31,monthly average,month end,month end,81716.19830124592,89392.2700687239,26.41385728742462,53.82257506593424,19.763567646641143,3.8241212687250226,5.341331483978484,5.272024779954169,-1.4479035112291265,3.4047629313442407,7.022157612958746,3.368632012702988,81716.19830124592,89392.2700687239,5.272024779954169,-1.4479035112291265
2025-02-28,2025-02,21531.7,320517.32399999996,15555.001675622,0.13730982589114077,1.0402,2025-02-28,2025-02-28,monthly average,month end,month end,81722.19069651635,89676.89601480294,26.34743368537458,53.85339964388695,19.799166670738476,3.8245043361892384,5.3261560405963415,5.250955646134535,-1.4264513099452925,3.296792918995428,6.9970009777461595,3.4550863792653486,81722.19069651635,89676.89601480294,5.250955646134535,-1.4264513099452925
2025-03-31,2025-03,21819.1,326055.457,15636.681099704,0.13780368487053343,1.0796,2025-03-31,2025-03-31,monthly average,month end,month end,83632.1043619862,90912.94596578089,26.08938297852704,53.725353187655536,20.185263833817412,5.014002732116651,5.325994013597035,5.279496926237273,-0.26549419412061703,3.462975607905605,6.975254165406586,3.287044919066351,83632.1043619862,90912.94596578089,5.279496926237273,-0.26549419412061703
2025-04-30,2025-04,21896.7,325173.932,15652.209840561998,0.13754023051742634,1.1349,2025-04-30,2025-04-30,monthly average,month end,month end,84384.89051359172,90874.437998992,25.94860272583175,53.000599151496466,21.050798122671793,7.055418985978634,6.012889095759566,5.987607640582572,1.0678113453960705,3.9265475049123255,7.9615524333573,3.525569905194925,84384.89051359172,90874.437998992,5.987607640582572,1.0678113453960705
2025-05-31,2025-05,21753.6,325783.811,15742.997685613002,0.1389062521704102,1.1347,2025-05-30,2025-05-30,monthly average,month end,month end,84870.58767766831,90935.83957946637,25.63149448501338,53.32048409476327,21.04802142022336,7.3182015520681265,6.038074995786391,6.019887452681255,1.2983140993868814,3.897791044776122,7.928800609299946,3.739856456274482,84870.58767766831,90935.83957946637,6.019887452681255,1.2983140993868814
2025-06-30,2025-06,21907.9,330286.81700000004,15746.639188204,0.13959461723155955,1.177,2025-06-30,2025-06-30,monthly average,month end,month end,86547.95612026128,91784.70899920414,25.313018333510083,53.272502162476215,21.414479504013684,8.934837442747789,6.0428390352246675,6.067036193628143,2.867801249119638,4.117577168928088,8.285024471195722,2.6165079265625613,86547.95612026128,91784.70899920414,6.067036193628143,2.867801249119638
2025-07-31,2025-07,21965.6,329942.906,15755.21622728,0.1388850309713619,1.1431,2025-07-31,2025-07-31,monthly average,month end,month end,85799.51838799492,91800.19205132742,25.601076104727216,53.408377552155194,20.990546343117586,7.7954805574331765,6.479445005090034,6.464263347986785,1.3312172094463717,4.338243327332392,8.782160969421792,3.1620945367928144,85799.51838799492,91800.19205132742,6.464263347986785,1.3312172094463717
2025-08-31,2025-08,22033.1,331983.144,15789.391396953,0.14024458655895883,1.1695,2025-08-29,2025-08-29,monthly average,month end,month end,87057.63201355984,92222.1684370942,25.308636922915834,53.480479192877,21.210883884207156,7.287466025279055,6.41081744119214,6.382594199797081,0.9048718254819459,4.232581463119245,8.830473366409919,2.8386833442047843,87057.63201355984,92222.1684370942,6.382594199797081,0.9048718254819459
2025-09-30,2025-09,22111.6,335377.103,15803.972399627999,0.1404691670178396,1.1735,2025-09-30,2025-09-30,monthly average,month end,month end,87767.70390622964,92838.6479765458,25.193321707064218,53.67594251479829,21.130735778137506,6.40130475053553,6.115723388325467,6.078578721723252,0.32272602881227597,4.206607285922992,8.3680023677408,2.5956412592092803,87767.70390622964,92838.6479765458,6.078578721723252,0.32272602881227597
2025-10-31,2025-10,22179.0,335131.231,15864.115310862002,0.14051061557700684,1.1541,2025-10-31,2025-10-31,monthly average,month end,month end,87577.27104715591,92941.92122441795,25.325064066060857,53.769083009602774,20.905852924336372,7.479018373881718,6.156304593772943,6.156476663919609,1.322541709962109,4.2814692219442785,8.208354778584702,3.0994349531579646,87577.27104715591,92941.92122441795,6.156476663919609,1.322541709962109
2025-11-30,2025-11,22269.1,336989.052,16047.814853595999,0.14134075843450977,1.16,2025-11-28,2025-11-28,monthly average,month end,month end,88514.85342397782,93541.40929008584,25.158602357203378,53.81050338033308,21.03089426246353,9.351179169993063,5.934740364747948,5.986686951379933,3.3644922186131216,3.8167120426658485,8.023601468280162,3.0758593729254047,88514.85342397782,93541.40929008584,5.986686951379933,3.3644922186131216
2025-12-31,2025-12,22503.1,340294.80600000004,16146.68360186286,0.14299809812529493,1.1736,2025-12-31,2025-12-31,monthly average,month end,month end,90114.35793506246,94402.95473473346,24.971714292428313,53.99973009293624,21.028555614635437,11.549566890989205,6.280604624219621,6.3953224941897755,5.154244396799429,4.09234725974168,8.535829314900113,3.0929675689959524,90114.35793506246,94402.95473473346,6.3953224941897755,5.154244396799429
2026-01-31,2026-01,22459.5,347186.039,16153.073439177999,0.1438641922025608,1.1885,2026-01-30,2026-01-30,monthly average,month end,month end,91605.06682720484,95423.29716860512,24.517748611401032,54.52497419051971,20.95727719807924,12.101478937509679,6.746698674554996,6.866505380735889,5.2349735567737525,4.054317006727071,8.998146573981103,4.019559101963721,91605.06682720484,95423.29716860512,6.866505380735889,5.2349735567737525
2026-02-28,2026-02,22510.6,349215.991,16179.796431981,0.14581723268055818,1.1822,2026-02-27,2026-02-27,monthly average,month end,month end,92560.06475730665,95818.18314359244,24.319991628163834,55.01477289253838,20.66523547929778,13.261849649916812,6.848237842415683,7.018725845084293,6.243123804832506,4.546320076909849,8.953858294411576,4.016680739663214,92560.06475730665,95818.18314359244,7.018725845084293,6.243123804832506
2026-03-31,2026-03,22779.8,353863.653,16271.573784416,0.14496955639315745,1.1518,2026-03-31,2026-03-31,monthly average,month end,month end,92820.85548396254,96911.91220960513,24.541682880670994,55.26716655605016,20.191150563278846,10.987109785262028,6.598583051177576,6.696897883137478,4.290211902124561,4.403023039447085,8.52867063040752,4.060277757560837,92820.85548396254,96911.91220960513,6.696897883137478,4.290211902124561
2026-04-30,2026-04,22892.7,353042.521,16265.85435197,0.14647078640165218,1.1729,2026-04-30,2026-04-30,monthly average,month end,month end,93681.33625351741,96891.97335904936,24.436777820982947,55.19820462867304,20.365017550344017,11.016718376174616,6.621813012064082,6.709231378094542,4.307486998080078,4.548630615572202,8.570363813788129,3.9204976016726345,93681.33625351741,96891.97335904936,6.709231378094542,4.307486998080078
2026-05-31,2026-05,22930.0,353668.89199999993,16383.21858244437,0.14779344388282936,1.1679,2026-05-29,2026-05-29,monthly average,month end,month end,94333.9045253412,97168.80536847505,24.307273313212903,55.40949863774906,20.283228049038048,11.150290232010418,6.854245606389164,6.964495714971018,4.185794517039393,5.407840541335696,8.559382037556173,4.066702604018313,94333.9045253412,97168.80536847505,6.964495714971018,4.185794517039393
2026-06-30,2026-06,23084.3,356710.843,16450.06648665624,0.14738176298064878,1.1417,2026-06-30,2026-06-30,monthly average,month end,month end,94438.01382346885,97871.05974229935,24.443864356519647,55.66897352789153,19.88716211558882,9.116399805264109,6.631116238705914,6.682369363501699,2.4340304417624172,5.369752463723132,8.000327182298639,4.467158293556284,94438.01382346885,97871.05974229935,6.682369363501699,2.4340304417624172
2026-07-31,2026-07,23157.4,355507.72400000005,16455.487060942698,0.14812839769512215,1.1519,2026-07-31,2026-07-31,monthly average,month end,month end,94773.26506985963,97766.40305101186,24.43452801054193,55.56502615536376,20.000445834094304,10.458970924853483,6.499126925953047,6.601533343953824,3.8574375808996577,5.425756637651613,7.748255087502942,4.444691990010186,94773.26506985963,97766.40305101186,6.601533343953824,3.8574375808996577
2026-08-31,2026-08,23284.3,356808.36,16441.0004632149,0.1488161673884251,1.1617,2026-08-31,2026-08-31,monthly average,month end,month end,95482.66286546619,98074.9171297302,24.38589300008031,55.61098845993122,20.003118539988463,9.677532752779339,6.3463577053365805,6.431042546271145,3.2464902065081955,5.678728821636536,7.477854357569447,4.126878926996791,95482.66286546619,98074.9171297302,6.431042546271145,3.2464902065081955
