date,spdr_holdings,ishares_holdings,epu,gpr,global_reserves
1985-01-31,,,174.54548387096776,102.87788851612906,
1985-02-28,,,165.72285714285718,116.86145417857139,
1985-03-31,,,132.25548387096777,124.43071680645161,
1985-04-30,,,110.64166666666668,88.57083153333332,
1985-05-31,,,125.66258064516127,101.94287183870969,
1985-06-30,,,147.6753333333333,146.3353851,
1985-07-31,,,125.21064516129032,131.43565422580645,
1985-08-31,,,134.61225806451614,82.35849222580644,
1985-09-30,,,97.92466666666668,101.37670489999998,
1985-10-31,,,91.5316129032258,106.18227503225808,
1985-11-30,,,121.125,95.93678136666668,
1985-12-31,,,128.0867741935484,102.62428516129033,
1986-01-31,,,154.18806451612906,138.30967112903224,
1986-02-28,,,156.1182142857143,98.83130821428573,
1986-03-31,,,106.30451612903227,98.51681261290324,
1986-04-30,,,114.61233333333334,147.54960483333332,
1986-05-31,,,129.12225806451613,119.68147274193547,
1986-06-30,,,153.033,96.26493206666666,
1986-07-31,,,149.11967741935484,95.09404483870969,
1986-08-31,,,142.63193548387096,105.0679369354839,
1986-09-30,,,171.51533333333336,118.09081496666667,
1986-10-31,,,121.4090322580645,96.52067712903224,
1986-11-30,,,92.62166666666667,110.27028250000002,
1986-12-31,,,90.29645161290321,90.94244580645162,
1987-01-31,,,93.6648387096774,97.17519864516129,
1987-02-28,,,70.55785714285715,100.83863150000002,
1987-03-31,,,69.18,91.27760329032257,
1987-04-30,,,77.08033333333333,117.68833806666666,
1987-05-31,,,59.87419354838709,102.35207877419353,
1987-06-30,,,87.20500000000001,98.08626506666668,
1987-07-31,,,68.67032258064518,101.63058925806452,
1987-08-31,,,56.677096774193544,103.45817716129032,
1987-09-30,,,63.75366666666667,127.20761333333333,
1987-10-31,,,122.5164516129032,102.20454480645165,
1987-11-30,,,137.26233333333332,98.00386666666665,
1987-12-31,,,115.29774193548387,112.29828522580645,
1988-01-31,,,109.53161290322582,86.88163161290323,
1988-02-29,,,79.70793103448274,87.51589148275862,
1988-03-31,,,74.65129032258064,112.31550977419356,
1988-04-30,,,76.27133333333333,120.45126416666666,
1988-05-31,,,86.11580645161293,107.96761077419353,
1988-06-30,,,76.77400000000002,83.45824316666666,
1988-07-31,,,79.22806451612902,85.05142751612902,
1988-08-31,,,84.9222580645161,88.22643129032257,
1988-09-30,,,56.778666666666666,78.09882673333331,
1988-10-31,,,90.76225806451616,75.10719416129034,
1988-11-30,,,101.31833333333336,71.73143443333333,
1988-12-31,,,77.43935483870968,91.96205761290324,
1989-01-31,,,87.73774193548384,92.53079564516126,
1989-02-28,,,65.21214285714285,95.30399592857142,
1989-03-31,,,62.263225806451615,91.57874083870968,
1989-04-30,,,73.025,88.31886096666663,
1989-05-31,,,77.93387096774192,107.55876848387096,
1989-06-30,,,86.27866666666667,92.9722207,
1989-07-31,,,99.28774193548387,88.53969925806452,
1989-08-31,,,66.15838709677419,112.52531287096774,
1989-09-30,,,50.693000000000005,89.13296073333329,
1989-10-31,,,81.41483870967743,72.88037154838712,
1989-11-30,,,82.95866666666667,94.24830960000001,
1989-12-31,,,87.58419354838709,111.20575332258065,
1990-01-31,,,106.65709677419355,84.45236141935484,
1990-02-28,,,105.74714285714285,80.50390310714286,
1990-03-31,,,75.65258064516131,70.28339677419355,
1990-04-30,,,79.10866666666668,84.69080776666668,
1990-05-31,,,78.4564516129032,91.25831003225808,
1990-06-30,,,84.3233333333333,79.45340523333336,
1990-07-31,,,88.51516129032258,88.79409287096776,
1990-08-31,,,142.3709677419355,250.57127087096774,
1990-09-30,,,135.2806666666667,191.02248203333335,
1990-10-31,,,136.89193548387098,145.56314006451612,
1990-11-30,,,151.21366666666665,155.13473633333334,
1990-12-31,,,128.84,156.35843012903223,
1991-01-31,,,136.98806451612901,352.44899654838713,
1991-02-28,,,127.83142857142857,317.38176464285715,
1991-03-31,,,98.57870967741934,146.58510612903228,
1991-04-30,,,93.15766666666667,96.35402136666669,
1991-05-31,,,74.89548387096774,91.02474161290323,
1991-06-30,,,85.93333333333335,86.09590833333336,
1991-07-31,,,110.86967741935487,113.78257793548384,
1991-08-31,,,106.93903225806449,108.59193148387098,
1991-09-30,,,121.00066666666663,116.2812105,
1991-10-31,,,114.07516129032258,100.41380916129035,
1991-11-30,,,172.6533333333333,97.96336400000001,
1991-12-31,,,190.53709677419357,103.19342019354838,
1992-01-31,,,165.44774193548383,102.14102551612903,
1992-02-29,,,169.71172413793107,84.87369113793103,
1992-03-31,,,125.65903225806451,83.56437003225807,
1992-04-30,,,98.94900000000003,86.44585086666663,
1992-05-31,,,96.91354838709678,78.82738483870968,
1992-06-30,,,123.27033333333334,91.84951136666665,
1992-07-31,,,138.96612903225804,75.04993422580644,
1992-08-31,,,153.65806451612903,81.26323412903226,
1992-09-30,,,162.56399999999996,76.46015099999998,
1992-10-31,,,192.9541935483871,67.9159514516129,
1992-11-30,,,153.50933333333336,93.00556073333334,
1992-12-31,,,103.44870967741937,84.28646196774196,
1993-01-31,,,114.87677419354839,128.14504106451616,
1993-02-28,,,115.29928571428573,89.66746546428571,
1993-03-31,,,138.47129032258064,93.5616459032258,
1993-04-30,,,116.83366666666664,113.77935329999997,
1993-05-31,,,156.0567741935484,110.2642632580645,
1993-06-30,,,131.54466666666664,105.13823656666665,
1993-07-31,,,122.78516129032259,124.91515580645165,
1993-08-31,,,148.23806451612904,96.13017361290322,
1993-09-30,,,129.69866666666664,88.07530733333334,
1993-10-31,,,81.79806451612905,105.85548487096774,
1993-11-30,,,100.99266666666666,83.57048416666666,
1993-12-31,,,87.74677419354839,81.79289948387095,
1994-01-31,,,93.80193548387096,83.92054506451616,
1994-02-28,,,79.95392857142858,120.13139403571427,
1994-03-31,,,85.94741935483869,93.40904193548387,
1994-04-30,,,114.51799999999999,94.69861126666669,
1994-05-31,,,111.18225806451613,105.41506383870968,
1994-06-30,,,78.491,121.07549706666667,
1994-07-31,,,91.78709677419354,101.50698880645159,
1994-08-31,,,89.13548387096776,100.91169083870969,
1994-09-30,,,98.46666666666667,97.79873153333334,
1994-10-31,,,81.09612903225808,97.75684512903227,
1994-11-30,,,118.82933333333335,89.25763429999999,
1994-12-31,,,89.83741935483869,99.11148916129031,
1995-01-31,,,136.1058064516129,81.4631474516129,
1995-02-28,,,134.41607142857143,77.28841889285715,
1995-03-31,,,97.5209677419355,83.1541547096774,
1995-04-30,,,69.45033333333332,98.38213766666667,
1995-05-31,,,64.40677419354839,87.526506516129,
1995-06-30,,,93.43633333333334,106.52974780000001,
1995-07-31,,,89.75612903225807,108.76349732258062,
1995-08-31,,,46.75580645161291,108.73039270967742,
1995-09-30,,,53.65933333333334,72.731156,
1995-10-31,,,80.6690322580645,68.75631787096773,
1995-11-30,,,91.44900000000001,76.83535643333332,
1995-12-31,,,113.51806451612907,64.44010974193547,
1996-01-31,,,115.49612903225807,86.23982177419354,
1996-02-29,,,90.44379310344826,95.18993903448278,
1996-03-31,,,81.62645161290321,94.10197883870967,
1996-04-30,,,64.89766666666665,99.16378066666667,
1996-05-31,,,74.12774193548387,76.16827658064514,
1996-06-30,,,73.28800000000001,79.69493726666666,
1996-07-31,,,65.24516129032257,92.5952030967742,
1996-08-31,,,71.99032258064516,93.29768393548386,
1996-09-30,,,70.32633333333332,98.75036373333333,
1996-10-31,,,70.33,62.356363612903216,
1996-11-30,,,62.710666666666654,65.88648416666666,
1996-12-31,,,63.94096774193548,75.45144570967742,
1997-01-31,,,72.05741935483873,54.2707419032258,
1997-02-28,,,64.32357142857144,48.77204489285714,
1997-03-31,,,64.99064516129035,58.11620683870968,
1997-04-30,,,58.055666666666674,61.79074926666667,
1997-05-31,,,77.92322580645161,54.6804229032258,
1997-06-30,,,77.964,39.1079861,
1997-07-31,,,58.031935483870974,47.70818322580645,
1997-08-31,,,69.1490322580645,48.437274290322584,
1997-09-30,,,49.31933333333333,42.323945800000004,
1997-10-31,,,74.45322580645161,49.45526664516129,
1997-11-30,,,81.30066666666667,60.06571083333334,
1997-12-31,,,64.06322580645161,44.19393335483871,
1998-01-31,,,110.96516129032258,53.14281438709676,
1998-02-28,,,85.11714285714287,77.33365757142857,
1998-03-31,,,70.9616129032258,57.52893941935483,
1998-04-30,,,77.97199999999998,50.22174603333335,
1998-05-31,,,64.89935483870968,94.11120264516127,
1998-06-30,,,64.301,75.43913363333333,
1998-07-31,,,68.21645161290324,54.32169606451614,
1998-08-31,,,121.53483870967739,96.28012780645163,
1998-09-30,,,154.0713333333333,61.6132237,
1998-10-31,,,113.82580645161293,54.451473258064524,
1998-11-30,,,95.25533333333333,67.06174926666667,
1998-12-31,,,83.71483870967742,76.15639829032258,
1999-01-31,,,89.71,64.2035997419355,
1999-02-28,,,65.2932142857143,58.933003678571424,
1999-03-31,,,56.364193548387085,82.75325764516131,
1999-04-30,,,50.68566666666667,105.42243783333336,
1999-05-31,,,48.1216129032258,83.50879464516129,
1999-06-30,,,51.01200000000001,80.9627906,
1999-07-31,,,69.26548387096774,61.45277058064515,
1999-08-31,,,54.71516129032259,63.521552935483875,
1999-09-30,,,58.792333333333346,71.12171103333334,
1999-10-31,,,56.07387096774195,72.08433448387099,
1999-11-30,,,54.527666666666654,57.847234666666665,
1999-12-31,,,73.08548387096775,89.6467900967742,
2000-01-31,,,57.5483870967742,65.80198096774193,
2000-02-29,,,50.603793103448275,63.89095310344827,
2000-03-31,,,64.99451612903225,50.673104064516124,
2000-04-30,,,59.75833333333335,49.65230956666666,
2000-05-31,,,77.52000000000001,79.68136532258066,
2000-06-30,,,67.236,64.12654323333335,
2000-07-31,,,53.87451612903225,51.13137299999999,
2000-08-31,,,47.63967741935483,47.513028741935486,
2000-09-30,,,67.98733333333332,52.7580939,
2000-10-31,,,67.58645161290325,74.84650729032258,
2000-11-30,,,138.21633333333332,45.440477266666655,
2000-12-31,,,124.6306451612903,46.011570838709666,
2001-01-31,,,123.21387096774194,47.345441967741934,
2001-02-28,,,122.26107142857143,56.33630717857142,
2001-03-31,,,124.46225806451609,61.7214938064516,
2001-04-30,,,105.17433333333332,49.026970333333324,
2001-05-31,,,96.31193548387094,59.951460096774184,
2001-06-30,,,70.57433333333333,70.94172349999998,
2001-07-31,,,91.89645161290322,59.98478122580645,
2001-08-31,,,80.83741935483872,64.13564225806451,
2001-09-30,,,234.57433333333333,472.4911141333334,
2001-10-31,,,236.40612903225804,504.05423070967737,
2001-11-30,,,154.38666666666666,296.17771043333335,
2001-12-31,,,127.57193548387099,231.22251787096778,
2002-01-31,,,141.64290322580646,169.98620303225806,
2002-02-28,,,86.75392857142857,143.41856628571432,
2002-03-31,,,94.42741935483872,150.2725972258065,
2002-04-30,,,74.522,154.1352387,
2002-05-31,,,89.65580645161289,159.1651277096774,
2002-06-30,,,87.07466666666667,147.79770293333337,
2002-07-31,,,126.56032258064518,119.37826932258065,
2002-08-31,,,114.96000000000001,127.00253006451615,
2002-09-30,,,138.8713333333333,170.25116173333336,
2002-10-31,,,113.34322580645161,168.29626487096772,
2002-11-30,,,136.54799999999994,156.04842846666662,
2002-12-31,,,153.67129032258063,175.05461048387096,
2003-01-31,,,184.77193548387095,205.2729772903226,
2003-02-28,,,192.12321428571428,236.19078635714285,
2003-03-31,,,212.56935483870973,349.2410372258065,
2003-04-30,,,135.4786666666667,252.85915386666662,
2003-05-31,,,116.63935483870964,159.68020996774192,
2003-06-30,,,89.302,145.7216802333333,
2003-07-31,,,82.49387096774193,133.9568469677419,
2003-08-31,,,89.77354838709677,137.39681590322581,
2003-09-30,,,96.15800000000003,118.71830573333335,
2003-10-31,,,65.80032258064516,107.55338335483873,
2003-11-30,,,61.46699999999999,117.27323556666667,
2003-12-31,,,73.56870967741938,131.9601604516129,
2004-01-31,,,93.05129032258067,114.14326409677419,
2004-02-29,,,83.24655172413794,114.83697251724136,
2004-03-31,,,63.19322580645162,137.0413291935484,
2004-04-30,,,59.87499999999999,148.72968669999997,
2004-05-31,,,76.70161290322581,121.83138077419353,
2004-06-30,,,79.36333333333333,136.99215313333335,
2004-07-31,,,60.95000000000001,130.398958,
2004-08-31,,,70.37935483870967,139.9520955483871,
2004-09-30,,,75.086,152.97045906666665,
2004-10-31,,,102.4748387096774,118.06252341935482,
2004-11-18,8.09,,,,
2004-11-19,57.85,,,,
2004-11-22,87.09,,,,
2004-11-23,87.09,,,,
2004-11-24,96.42,,,,
2004-11-26,100.46,,,,
2004-11-29,103.57,,,,
2004-11-30,103.57,,72.18733333333333,124.46195273333338,
2004-12-01,103.57,,,,
2004-12-02,103.56,,,,
2004-12-03,103.56,,,,
2004-12-06,103.56,,,,
2004-12-07,88.02,,,,
2004-12-08,91.13,,,,
2004-12-09,91.13,,,,
2004-12-10,91.13,,,,
2004-12-13,91.13,,,,
2004-12-14,91.13,,,,
2004-12-15,91.13,,,,
2004-12-16,91.13,,,,
2004-12-17,88.64,,,,
2004-12-20,88.64,,,,
2004-12-21,88.64,,,,
2004-12-22,91.75,,,,
2004-12-23,91.75,,,,
2004-12-27,91.75,,,,
2004-12-28,91.75,,,,
2004-12-29,91.75,,,,
2004-12-30,94.86,,,,
2004-12-31,94.86,,40.12580645161291,107.17075777419356,
2005-01-03,109.16,,,,
2005-01-04,109.14,,,,
2005-01-05,109.14,,,,
2005-01-06,112.24,,,,
2005-01-07,123.12,,,,
2005-01-10,123.12,,,,
2005-01-11,139.6,,,,
2005-01-12,142.71,,,,
2005-01-13,142.71,,,,
2005-01-14,142.71,,,,
2005-01-18,142.71,,,,
2005-01-19,142.71,,,,
2005-01-20,142.71,,,,
2005-01-21,142.71,,,,
2005-01-24,148.92,,,,
2005-01-25,152.03,,,,
2005-01-26,152.03,,,,
2005-01-27,152.03,,,,
2005-01-28,152.03,1.088538,,,
2005-01-31,152.03,1.088502,66.99064516129032,99.38704167741935,
2005-02-01,151.98,11.195897,,,
2005-02-02,151.98,18.504126,,,
2005-02-03,151.98,18.503922,,,
2005-02-04,151.98,18.503719,,,
2005-02-07,151.98,18.503108,,,
2005-02-08,155.09,28.76502,,,
2005-02-09,155.09,28.764703,,,
2005-02-10,155.09,28.764387,,,
2005-02-11,155.09,28.76407,,,
2005-02-14,155.09,28.763121,,,
2005-02-15,155.09,37.935807,,,
2005-02-16,155.09,37.93539,,,
2005-02-17,155.09,37.934973,,,
2005-02-18,155.09,37.934555,,,
2005-02-22,159.75,37.932886,,,
2005-02-23,157.88,46.949203,,,
2005-02-24,157.88,46.948686,,,
2005-02-25,157.88,46.94817,,,
2005-02-28,157.88,46.946621,63.730357142857144,109.60796142857143,
2005-03-01,157.84,46.946104,,,
2005-03-02,157.84,46.945588,,,
2005-03-03,160.94,46.945072,,,
2005-03-04,164.05,46.944555,,,
2005-03-07,164.05,48.49741,,,
2005-03-08,164.05,48.496876,,,
2005-03-09,164.05,48.496343,,,
2005-03-10,164.05,48.495809,,,
2005-03-11,164.05,48.495276,,,
2005-03-14,164.05,48.493676,,,
2005-03-15,164.05,39.633819,,,
2005-03-16,164.05,39.633384,,,
2005-03-17,164.05,39.632947,,,
2005-03-18,164.05,39.632511,,,
2005-03-21,164.05,39.631199,,,
2005-03-22,164.05,30.772122,,,
2005-03-23,164.05,30.771784,,,
2005-03-24,164.05,30.771445,,,
2005-03-28,164.05,21.756632,,,
2005-03-29,164.05,21.756392,,,
2005-03-30,164.05,21.756153,,,
2005-03-31,164.05,21.755914,55.76258064516128,90.47840483870968,
2005-04-01,163.99,21.755674,,,
2005-04-04,163.99,12.431406,,,
2005-04-05,167.1,12.43127,,,
2005-04-06,166.79,12.431133,,,
2005-04-07,169.89,12.430996,,,
2005-04-08,173.0,12.430859,,,
2005-04-11,173.0,12.430449,,,
2005-04-12,173.0,12.430312,,,
2005-04-13,177.66,12.430176,,,
2005-04-14,177.66,12.430039,,,
2005-04-15,177.66,12.429902,,,
2005-04-18,177.66,12.429492,,,
2005-04-19,177.66,12.429355,,,
2005-04-20,177.66,12.429219,,,
2005-04-21,177.66,12.429082,,,
2005-04-22,177.66,12.428945,,,
2005-04-25,177.66,12.428535,,,
2005-04-26,178.9,12.428398,,,
2005-04-27,178.9,12.428262,,,
2005-04-28,178.9,12.428125,,,
2005-04-29,178.9,12.427988,,,
2005-04-30,,,66.458,86.93658556666668,
2005-05-02,178.9,12.427578,,,
2005-05-03,178.84,12.427441,,,
2005-05-04,178.84,12.427305,,,
2005-05-05,178.84,12.427168,,,
2005-05-06,178.84,12.427031,,,
2005-05-09,178.84,12.426621,,,
2005-05-10,178.84,12.426484,,,
2005-05-11,178.84,12.426348,,,
2005-05-12,178.84,12.426211,,,
2005-05-13,178.84,12.426074,,,
2005-05-16,178.84,12.425664,,,
2005-05-17,178.84,12.425528,,,
2005-05-18,178.84,12.425391,,,
2005-05-19,178.84,12.425254,,,
2005-05-20,178.84,12.425117,,,
2005-05-23,177.6,12.424707,,,
2005-05-24,177.6,12.424571,,,
2005-05-25,177.6,12.424434,,,
2005-05-26,177.6,12.424297,,,
2005-05-27,177.6,12.424161,,,
2005-05-31,179.15,12.423614,73.07419354838709,98.79405887096775,
2005-06-01,179.1,12.423478,,,
2005-06-02,179.1,12.423341,,,
2005-06-03,179.1,12.423204,,,
2005-06-06,179.1,12.422794,,,
2005-06-07,179.1,12.422657,,,
2005-06-08,179.1,12.422521,,,
2005-06-09,179.1,12.422384,,,
2005-06-10,179.1,12.422248,,,
2005-06-13,179.1,12.421838,,,
2005-06-14,179.1,12.421701,,,
2005-06-15,179.1,12.421564,,,
2005-06-16,179.1,12.421428,,,
2005-06-17,179.1,12.421291,,,
2005-06-20,179.1,12.420881,,,
2005-06-21,179.1,12.420745,,,
2005-06-22,179.1,12.420608,,,
2005-06-23,175.99,12.420471,,,
2005-06-24,175.99,12.420335,,,
2005-06-27,175.37,12.419925,,,
2005-06-28,175.37,12.419788,,,
2005-06-29,175.37,12.419652,,,
2005-06-30,175.37,12.419515,59.68933333333335,81.75722113333332,
2005-07-01,175.31,12.419378,,,
2005-07-05,175.31,12.418832,,,
2005-07-06,175.31,12.418695,,,
2005-07-07,178.41,12.418559,,,
2005-07-08,178.41,12.418422,,,
2005-07-11,178.41,12.418012,,,
2005-07-12,178.41,12.417876,,,
2005-07-13,181.51,12.417739,,,
2005-07-14,181.51,12.417602,,,
2005-07-15,181.51,12.417466,,,
2005-07-18,181.51,12.417056,,,
2005-07-19,181.51,12.416919,,,
2005-07-20,181.51,12.416783,,,
2005-07-21,184.61,12.416646,,,
2005-07-22,184.61,12.41651,,,
2005-07-25,184.61,12.4161,,,
2005-07-26,187.72,12.415963,,,
2005-07-27,187.72,12.415827,,,
2005-07-28,187.72,12.41569,,,
2005-07-29,187.72,13.812301,,,
2005-07-31,,,50.884838709677446,164.77051709677417,
2005-08-01,187.66,13.811845,,,
2005-08-02,191.38,13.811693,,,
2005-08-03,191.38,13.811541,,,
2005-08-04,191.38,13.811389,,,
2005-08-05,191.38,13.811237,,,
2005-08-08,191.38,13.810781,,,
2005-08-09,191.38,13.810629,,,
2005-08-10,191.38,13.810477,,,
2005-08-11,191.38,13.810326,,,
2005-08-12,191.38,13.810174,,,
2005-08-15,191.38,13.809718,,,
2005-08-16,191.38,13.809566,,,
2005-08-17,191.38,13.809414,,,
2005-08-18,191.38,13.809262,,,
2005-08-19,191.38,13.80911,,,
2005-08-22,191.38,13.808654,,,
2005-08-23,191.38,13.808503,,,
2005-08-24,191.38,13.808351,,,
2005-08-25,191.38,13.808199,,,
2005-08-26,191.38,13.808174,,,
2005-08-29,191.38,13.80772,,,
2005-08-30,191.38,13.807569,,,
2005-08-31,194.48,13.807417,56.0883870967742,116.88755374193546,
2005-09-01,194.41,13.807266,,,
2005-09-02,194.41,13.807115,,,
2005-09-06,194.41,14.737285,,,
2005-09-07,194.41,14.737123,,,
2005-09-08,198.14,14.736962,,,
2005-09-09,201.24,14.736801,,,
2005-09-12,201.24,14.736316,,,
2005-09-13,201.24,14.736155,,,
2005-09-14,201.24,14.735993,,,
2005-09-15,201.24,14.735832,,,
2005-09-16,204.34,14.73567,,,
2005-09-19,204.34,15.820936,,,
2005-09-20,204.34,15.820763,,,
2005-09-21,204.34,15.820589,,,
2005-09-22,207.44,15.820416,,,
2005-09-23,207.44,15.820243,,,
2005-09-26,207.44,15.819723,,,
2005-09-27,207.44,15.819549,,,
2005-09-28,207.44,15.819376,,,
2005-09-29,207.44,15.819202,,,
2005-09-30,207.44,15.819029,85.24833333333335,103.76748143333333,
2005-10-03,207.36,15.818509,,,
2005-10-04,207.36,15.818336,,,
2005-10-05,207.36,15.818162,,,
2005-10-06,207.36,15.817989,,,
2005-10-07,207.36,15.817816,,,
2005-10-10,207.36,15.817296,,,
2005-10-11,207.36,15.817122,,,
2005-10-12,207.36,15.816949,,,
2005-10-13,207.36,15.816775,,,
2005-10-14,207.36,15.816602,,,
2005-10-17,207.36,15.816082,,,
2005-10-18,207.36,15.815909,,,
2005-10-19,207.36,15.815735,,,
2005-10-20,207.36,18.606544,,,
2005-10-21,207.36,18.60634,,,
2005-10-24,207.36,18.605728,,,
2005-10-25,207.36,18.605524,,,
2005-10-26,207.36,18.60532,,,
2005-10-27,207.36,18.605116,,,
2005-10-28,208.29,18.604913,,,
2005-10-31,208.29,18.604301,62.99677419354838,87.41865993548386,
2005-11-01,211.32,18.604097,,,
2005-11-02,211.32,18.603893,,,
2005-11-03,211.32,18.603689,,,
2005-11-04,211.32,18.603485,,,
2005-11-07,211.32,18.602874,,,
2005-11-08,211.32,18.60267,,,
2005-11-09,211.32,18.602466,,,
2005-11-10,211.32,18.602262,,,
2005-11-11,211.32,18.602058,,,
2005-11-14,215.04,18.601447,,,
2005-11-15,215.04,18.601243,,,
2005-11-16,215.04,18.601039,,,
2005-11-17,218.13,18.600835,,,
2005-11-18,221.23,18.600631,,,
2005-11-21,221.23,18.60002,,,
2005-11-22,221.23,19.529807,,,
2005-11-23,226.19,19.529593,,,
2005-11-25,226.19,19.529165,,,
2005-11-28,226.19,19.528523,,,
2005-11-29,229.28,19.528309,,,
2005-11-30,229.28,19.528095,48.773,82.07227706666667,
2005-12-01,229.22,19.527881,,,
2005-12-02,229.22,19.527667,,,
2005-12-05,229.22,19.527025,,,
2005-12-06,229.22,19.526811,,,
2005-12-07,229.22,19.526597,,,
2005-12-08,232.32,19.526383,,,
2005-12-09,232.32,19.526169,,,
2005-12-12,232.32,20.920207,,,
2005-12-13,232.32,20.919977,,,
2005-12-14,232.32,20.919748,,,
2005-12-15,232.32,20.919519,,,
2005-12-16,235.41,20.91929,,,
2005-12-19,238.51,20.918602,,,
2005-12-20,238.51,22.15798,,,
2005-12-21,241.61,22.157737,,,
2005-12-22,241.61,22.157494,,,
2005-12-23,241.61,22.157251,,,
2005-12-27,247.8,22.15628,,,
2005-12-28,253.99,22.156037,,,
2005-12-29,255.54,22.155794,,,
2005-12-30,263.28,22.155551,,,
2005-12-31,,,60.027419354838706,95.35413987096774,
2006-01-03,263.28,23.548925,,,
2006-01-04,263.21,23.548667,,,
2006-01-05,282.1,23.549653,,,
2006-01-06,282.1,23.549653,,,
2006-01-09,285.19,25.098824,,,
2006-01-10,285.19,26.338149,,,
2006-01-11,285.19,26.338149,,,
2006-01-12,285.19,26.338149,,,
2006-01-13,285.19,26.338149,,,
2006-01-17,286.12,26.338149,,,
2006-01-18,286.12,26.338149,,,
2006-01-19,289.22,27.422449,,,
2006-01-20,289.22,27.422449,,,
2006-01-23,290.46,27.422449,,,
2006-01-24,293.55,27.422449,,,
2006-01-25,312.13,27.422449,,,
2006-01-26,312.13,27.422449,,,
2006-01-27,328.84,27.422449,,,
2006-01-30,333.8,28.506623,,,
2006-01-31,333.8,28.506623,63.64354838709679,93.703356516129,
2006-02-01,333.7,28.498124,,,
2006-02-02,339.89,28.498124,,,
2006-02-03,342.99,28.498124,,,
2006-02-06,342.99,31.750413,,,
2006-02-07,342.99,31.750413,,,
2006-02-08,342.99,31.750413,,,
2006-02-09,342.99,31.750413,,,
2006-02-10,342.99,31.750413,,,
2006-02-13,342.99,31.750413,,,
2006-02-14,342.99,31.750413,,,
2006-02-15,342.99,31.750413,,,
2006-02-16,342.99,31.750413,,,
2006-02-17,342.99,31.750413,,,
2006-02-21,342.99,31.750413,,,
2006-02-22,342.99,31.750413,,,
2006-02-23,342.99,31.750413,,,
2006-02-24,342.99,31.750413,,,
2006-02-27,342.99,31.750413,,,
2006-02-28,342.99,34.537418,59.09428571428572,96.56065296428572,
2006-03-01,343.17,34.528039,,,
2006-03-02,343.17,34.528039,,,
2006-03-03,343.17,34.528039,,,
2006-03-06,350.91,34.528039,,,
2006-03-07,350.91,34.528039,,,
2006-03-08,350.91,34.528039,,,
2006-03-09,350.91,34.528039,,,
2006-03-10,350.93,34.528039,,,
2006-03-13,350.93,34.528039,,,
2006-03-14,350.93,34.528039,,,
2006-03-15,350.93,34.528039,,,
2006-03-16,350.93,34.528039,,,
2006-03-17,350.93,34.528039,,,
2006-03-20,350.93,34.528039,,,
2006-03-21,350.93,34.528039,,,
2006-03-22,350.93,34.528039,,,
2006-03-23,350.92,34.528039,,,
2006-03-24,347.82,34.528039,,,
2006-03-27,347.82,34.528039,,,
2006-03-28,347.82,34.528039,,,
2006-03-29,347.82,34.528039,,,
2006-03-30,347.82,35.456748,,,
2006-03-31,347.82,35.456748,51.51064516129031,91.85162074193552,
2006-04-03,350.92,35.445642,,,
2006-04-04,350.81,35.445642,,,
2006-04-05,350.81,35.445642,,,
2006-04-06,350.81,35.445642,,,
2006-04-07,350.81,35.445642,,,
2006-04-10,350.81,35.445642,,,
2006-04-11,350.81,36.374238,,,
2006-04-12,350.81,36.374238,,,
2006-04-13,355.45,37.767101,,,
2006-04-17,355.45,37.767101,,,
2006-04-18,355.45,37.767101,,,
2006-04-19,355.45,38.076608,,,
2006-04-20,355.45,38.076608,,,
2006-04-21,355.45,38.076608,,,
2006-04-24,358.54,39.005079,,,
2006-04-25,358.54,39.005079,,,
2006-04-26,358.54,39.005079,,,
2006-04-27,358.54,39.005079,,,
2006-04-28,358.54,39.005079,,,
2006-04-30,,,69.783,89.32775519999998,
2006-05-01,358.54,38.993677,,,
2006-05-02,358.54,39.61261,,,
2006-05-03,358.44,39.61261,,,
2006-05-04,356.89,39.61261,,,
2006-05-05,353.8,41.159895,,,
2006-05-08,353.8,41.159895,,,
2006-05-09,353.8,41.159895,,,
2006-05-10,353.8,41.159895,,,
2006-05-11,353.8,41.159895,,,
2006-05-12,353.8,41.159895,,,
2006-05-15,349.47,41.159895,,,
2006-05-16,349.47,41.159895,,,
2006-05-17,346.38,41.159895,,,
2006-05-18,344.52,41.159895,,,
2006-05-19,341.43,41.159895,,,
2006-05-22,341.43,41.159895,,,
2006-05-23,341.43,40.541108,,,
2006-05-24,343.29,40.541108,,,
2006-05-25,343.29,40.541108,,,
2006-05-26,343.29,40.541108,,,
2006-05-30,344.22,40.541108,,,
2006-05-31,347.31,40.541108,67.5151612903226,84.38873125806454,
2006-06-01,351.63,40.526307,,,
2006-06-02,351.51,40.526307,,,
2006-06-05,355.53,40.526307,,,
2006-06-06,355.53,41.144988,,,
2006-06-07,355.53,41.144988,,,
2006-06-08,355.53,41.144988,,,
2006-06-09,355.53,41.144988,,,
2006-06-12,355.53,41.144988,,,
2006-06-13,355.53,41.144988,,,
2006-06-14,358.62,41.144988,,,
2006-06-15,361.71,41.144988,,,
2006-06-16,361.71,41.144988,,,
2006-06-19,363.88,41.144988,,,
2006-06-20,365.73,41.144988,,,
2006-06-21,365.73,41.144988,,,
2006-06-22,365.73,41.144988,,,
2006-06-23,365.73,41.144988,,,
2006-06-26,365.73,41.144988,,,
2006-06-27,365.73,41.144988,,,
2006-06-28,365.73,41.144988,,,
2006-06-29,365.73,41.144988,,,
2006-06-30,371.91,41.144988,67.88633333333333,102.32296136666668,
2006-07-03,371.91,41.144988,,,
2006-07-05,375.0,41.132157,,,
2006-07-06,376.13,41.132157,,,
2006-07-07,376.13,41.132157,,,
2006-07-10,383.54,41.132157,,,
2006-07-11,384.47,41.132157,,,
2006-07-12,384.47,41.132157,,,
2006-07-13,387.56,41.132157,,,
2006-07-14,387.56,42.059812,,,
2006-07-17,387.56,42.059812,,,
2006-07-18,387.56,42.059812,,,
2006-07-19,387.56,42.059812,,,
2006-07-20,387.56,42.059812,,,
2006-07-21,387.56,42.059812,,,
2006-07-24,387.56,42.059812,,,
2006-07-25,387.56,42.059812,,,
2006-07-26,387.56,42.059812,,,
2006-07-27,384.78,42.059812,,,
2006-07-28,384.78,42.059812,,,
2006-07-31,384.78,42.059812,74.71290322580646,137.44066903225809,
2006-08-01,384.78,42.045998,,,
2006-08-02,384.78,42.045998,,,
2006-08-03,387.74,42.045998,,,
2006-08-04,387.74,42.045998,,,
2006-08-07,387.74,42.045998,,,
2006-08-08,387.74,43.591671,,,
2006-08-09,387.74,43.591671,,,
2006-08-10,387.74,42.818851,,,
2006-08-11,388.98,42.818834,,,
2006-08-14,388.98,42.818834,,,
2006-08-15,388.98,42.818834,,,
2006-08-16,388.98,43.12794,,,
2006-08-17,388.98,43.12794,,,
2006-08-18,388.98,43.12794,,,
2006-08-21,388.98,43.12794,,,
2006-08-22,388.98,43.12794,,,
2006-08-23,390.52,43.12794,,,
2006-08-24,390.52,43.12794,,,
2006-08-25,390.52,43.12794,,,
2006-08-28,390.52,43.12794,,,
2006-08-29,390.52,43.12794,,,
2006-08-30,392.07,43.12794,,,
2006-08-31,392.07,43.12794,71.1483870967742,147.49120893548388,
2006-09-01,392.07,43.12794,,,
2006-09-05,392.07,43.113279,,,
2006-09-06,392.07,43.113279,,,
2006-09-07,391.94,43.113279,,,
2006-09-08,391.94,43.113279,,,
2006-09-11,391.94,43.113279,,,
2006-09-12,390.7,43.113279,,,
2006-09-13,393.79,43.113279,,,
2006-09-14,393.79,43.113279,,,
2006-09-15,393.79,43.113279,,,
2006-09-18,393.79,43.113279,,,
2006-09-19,390.7,43.113279,,,
2006-09-20,388.85,43.113279,,,
2006-09-21,388.85,43.113279,,,
2006-09-22,386.38,43.113279,,,
2006-09-25,386.38,43.113279,,,
2006-09-26,386.38,43.113279,,,
2006-09-27,386.38,43.113279,,,
2006-09-28,386.38,43.113279,,,
2006-09-29,386.38,43.113279,,,
2006-09-30,,,39.138999999999996,113.61922556666666,
2006-10-02,386.38,43.113279,,,
2006-10-03,386.38,43.113279,,,
2006-10-04,389.34,43.098532,,,
2006-10-05,389.34,43.098532,,,
2006-10-06,389.34,43.098532,,,
2006-10-09,389.34,43.098532,,,
2006-10-10,389.34,43.098532,,,
2006-10-11,390.26,43.098532,,,
2006-10-12,390.26,43.098532,,,
2006-10-13,390.26,43.098532,,,
2006-10-16,390.26,43.098532,,,
2006-10-17,390.26,43.098532,,,
2006-10-18,390.26,43.098532,,,
2006-10-19,390.26,43.098532,,,
2006-10-20,390.26,43.098532,,,
2006-10-23,390.26,43.098532,,,
2006-10-24,388.72,43.098532,,,
2006-10-25,388.72,43.098532,,,
2006-10-26,388.72,43.098532,,,
2006-10-27,388.72,43.098532,,,
2006-10-30,388.72,42.48081,,,
2006-10-31,388.72,42.48081,42.93870967741936,112.73245287096773,
2006-11-01,396.74,42.48081,,,
2006-11-02,399.83,42.466889,,,
2006-11-03,402.92,42.466889,,,
2006-11-06,404.03,42.466889,,,
2006-11-07,404.03,42.466889,,,
2006-11-08,409.59,42.466889,,,
2006-11-09,409.59,42.466889,,,
2006-11-10,409.59,42.466889,,,
2006-11-13,409.59,42.466889,,,
2006-11-14,412.67,42.466889,,,
2006-11-15,415.76,42.466889,,,
2006-11-16,415.76,42.466889,,,
2006-11-17,415.76,42.466889,,,
2006-11-20,415.76,42.466889,,,
2006-11-21,415.76,42.466889,,,
2006-11-22,418.84,42.466889,,,
2006-11-24,423.47,42.466889,,,
2006-11-27,425.32,42.466889,,,
2006-11-28,425.32,42.466889,,,
2006-11-29,435.5,42.466889,,,
2006-11-30,441.68,42.466889,50.216,87.80542016666666,
2006-12-01,441.68,42.466889,,,
2006-12-04,441.68,42.453337,,,
2006-12-05,441.68,42.453337,,,
2006-12-06,441.68,42.453337,,,
2006-12-07,441.52,42.453337,,,
2006-12-08,441.52,42.453337,,,
2006-12-11,441.52,42.453337,,,
2006-12-12,446.15,42.453337,,,
2006-12-13,448.92,42.453337,,,
2006-12-14,448.92,43.225104,,,
2006-12-15,448.92,43.225104,,,
2006-12-18,448.92,43.225104,,,
2006-12-19,448.92,43.225104,,,
2006-12-20,452.01,44.45985,,,
2006-12-21,452.01,44.45985,,,
2006-12-22,452.01,44.45985,,,
2006-12-26,452.01,44.45985,,,
2006-12-27,452.01,44.45985,,,
2006-12-28,453.24,44.45985,,,
2006-12-29,453.24,44.45985,,,
2006-12-31,,,38.20903225806452,91.50775525806452,
2007-01-03,453.24,44.45985,,,
2007-01-04,453.24,44.445115,,,
2007-01-05,453.24,44.445115,,,
2007-01-08,453.08,44.445115,,,
2007-01-09,453.08,44.445115,,,
2007-01-10,453.08,44.445115,,,
2007-01-11,453.08,44.445115,,,
2007-01-12,448.76,44.445115,,,
2007-01-16,448.76,44.445115,,,
2007-01-17,451.84,44.445115,,,
2007-01-18,451.84,44.445115,,,
2007-01-19,451.84,44.445115,,,
2007-01-22,451.84,43.673656,,,
2007-01-23,450.3,43.673656,,,
2007-01-24,450.3,43.673656,,,
2007-01-25,450.3,43.673656,,,
2007-01-26,450.3,43.673656,,,
2007-01-29,450.3,43.673656,,,
2007-01-30,450.3,43.673656,,,
2007-01-31,450.3,43.673656,56.954838709677425,97.4086871612903,
2007-02-01,454.0,43.673656,,,
2007-02-02,458.63,43.673656,,,
2007-02-05,458.63,43.659033,,,
2007-02-06,458.63,43.659033,,,
2007-02-07,461.71,43.659033,,,
2007-02-08,461.71,43.659033,,,
2007-02-09,461.58,43.659033,,,
2007-02-12,466.2,43.659033,,,
2007-02-13,467.74,43.659033,,,
2007-02-14,467.74,43.659033,,,
2007-02-15,475.76,43.659033,,,
2007-02-16,475.76,43.659033,,,
2007-02-20,475.76,43.659033,,,
2007-02-21,479.77,43.659033,,,
2007-02-22,485.93,43.659033,,,
2007-02-23,487.47,44.275977,,,
2007-02-26,487.47,44.275977,,,
2007-02-27,487.47,44.275977,,,
2007-02-28,481.31,44.275977,58.37785714285714,95.05105532142855,
2007-03-01,481.31,44.275977,,,
2007-03-02,481.31,44.26248,,,
2007-03-05,481.31,44.26248,,,
2007-03-06,481.16,44.26248,,,
2007-03-07,481.16,44.26248,,,
2007-03-08,487.32,44.26248,,,
2007-03-09,483.01,44.26248,,,
2007-03-12,483.01,44.26248,,,
2007-03-13,483.01,44.26248,,,
2007-03-14,476.84,44.26248,,,
2007-03-15,476.84,44.26248,,,
2007-03-16,476.84,44.26248,,,
2007-03-19,476.84,44.26248,,,
2007-03-20,476.84,44.26248,,,
2007-03-21,476.84,44.725054,,,
2007-03-22,479.31,44.725054,,,
2007-03-23,479.31,44.725054,,,
2007-03-26,479.31,44.725054,,,
2007-03-27,479.31,44.725054,,,
2007-03-28,479.31,44.725054,,,
2007-03-29,483.93,44.725054,,,
2007-03-30,483.93,44.725054,,,
2007-03-31,,,54.72451612903224,86.13590180645161,
2007-04-02,483.93,44.725054,,,
2007-04-03,485.16,44.71025,,,
2007-04-04,488.4,44.71025,,,
2007-04-05,494.56,44.71025,,,
2007-04-09,494.56,44.71025,,,
2007-04-10,494.56,44.71025,,,
2007-04-11,494.56,44.71025,,,
2007-04-12,494.56,44.71025,,,
2007-04-13,494.56,44.71025,,,
2007-04-16,494.56,44.71025,,,
2007-04-17,500.72,44.71025,,,
2007-04-18,500.72,44.71025,,,
2007-04-19,500.72,44.71025,,,
2007-04-20,494.87,44.71025,,,
2007-04-23,494.87,44.71025,,,
2007-04-24,493.33,44.71025,,,
2007-04-25,493.33,44.71025,,,
2007-04-26,493.33,44.71025,,,
2007-04-27,493.33,44.71025,,,
2007-04-30,493.33,44.71025,44.371,75.7130459,
2007-05-01,493.33,44.71025,,,
2007-05-02,485.93,44.695446,,,
2007-05-03,485.93,45.157803,,,
2007-05-04,485.78,45.157803,,,
2007-05-07,485.78,45.157803,,,
2007-05-08,485.78,45.157803,,,
2007-05-09,485.78,45.157803,,,
2007-05-10,480.23,45.157803,,,
2007-05-11,480.23,45.157803,,,
2007-05-14,483.01,45.157803,,,
2007-05-15,485.78,45.157803,,,
2007-05-16,477.77,45.157803,,,
2007-05-17,469.15,45.928275,,,
2007-05-18,469.15,45.928275,,,
2007-05-21,469.15,45.928275,,,
2007-05-22,469.15,45.928275,,,
2007-05-23,469.15,45.928275,,,
2007-05-24,472.23,45.928275,,,
2007-05-25,472.23,45.928275,,,
2007-05-29,472.23,45.928275,,,
2007-05-30,463.6,45.928275,,,
2007-05-31,468.22,45.928275,55.78838709677417,91.82276619354839,
2007-06-01,477.77,45.928275,,,
2007-06-04,477.77,45.912908,,,
2007-06-05,477.77,45.912908,,,
2007-06-06,477.77,45.912908,,,
2007-06-07,477.61,45.912908,,,
2007-06-08,469.91,45.912908,,,
2007-06-11,469.91,45.912908,,,
2007-06-12,472.99,45.912908,,,
2007-06-13,472.99,45.912908,,,
2007-06-14,472.99,45.912908,,,
2007-06-15,472.99,45.912908,,,
2007-06-18,474.53,45.912908,,,
2007-06-19,474.53,45.912908,,,
2007-06-20,474.53,45.912908,,,
2007-06-21,474.53,45.912908,,,
2007-06-22,474.53,45.912908,,,
2007-06-25,474.53,45.912908,,,
2007-06-26,463.45,45.912908,,,
2007-06-27,463.45,45.912908,,,
2007-06-28,464.37,45.912908,,,
2007-06-29,464.37,45.912908,,,
2007-06-30,,,50.80166666666667,98.58471113333331,
2007-07-02,464.37,45.912908,,,
2007-07-03,464.37,45.897842,,,
2007-07-05,464.22,45.897842,,,
2007-07-06,473.45,45.897842,,,
2007-07-09,481.15,45.897842,,,
2007-07-10,481.15,45.897842,,,
2007-07-11,481.15,45.897842,,,
2007-07-12,484.84,45.897842,,,
2007-07-13,484.84,45.897842,,,
2007-07-16,487.92,45.897842,,,
2007-07-17,487.92,45.897842,,,
2007-07-18,489.46,45.897842,,,
2007-07-19,497.15,45.897842,,,
2007-07-20,497.15,45.897842,,,
2007-07-23,497.15,45.897842,,,
2007-07-24,497.15,,,,
2007-07-25,497.15,45.897842,,,
2007-07-26,496.53,45.897842,,,
2007-07-27,496.53,46.513744,,,
2007-07-30,496.53,46.513744,,,
2007-07-31,496.53,46.513744,38.93387096774193,113.98303041935486,
2007-08-01,506.69,46.513744,,,
2007-08-02,506.52,46.498114,,,
2007-08-03,506.52,46.498114,,,
2007-08-06,509.6,46.498114,,,
2007-08-07,509.6,46.498114,,,
2007-08-08,509.29,46.498114,,,
2007-08-09,509.29,46.498114,,,
2007-08-10,509.29,46.498114,,,
2007-08-13,509.29,46.498114,,,
2007-08-14,510.21,47.267841,,,
2007-08-15,510.21,47.267841,,,
2007-08-16,507.14,,,,
2007-08-17,507.14,47.267841,,,
2007-08-20,514.21,47.267841,,,
2007-08-21,514.21,47.267841,,,
2007-08-22,514.21,47.267841,,,
2007-08-23,514.21,47.267841,,,
2007-08-24,515.44,47.267841,,,
2007-08-27,515.44,47.267841,,,
2007-08-28,515.44,47.267841,,,
2007-08-29,515.44,47.267841,,,
2007-08-30,515.44,,,,
2007-08-31,515.44,47.267841,81.75161290322579,83.12109096774194,
2007-09-04,515.44,47.267841,,,
2007-09-05,528.36,47.252305,,,
2007-09-06,542.35,47.252305,,,
2007-09-07,549.42,47.252305,,,
2007-09-10,558.65,48.175734,,,
2007-09-11,566.95,48.175734,,,
2007-09-12,566.95,48.175734,,,
2007-09-13,566.95,48.175734,,,
2007-09-14,566.95,48.175734,,,
2007-09-17,567.88,48.175734,,,
2007-09-18,575.57,48.483511,,,
2007-09-19,577.1,48.483511,,,
2007-09-20,577.1,48.483511,,,
2007-09-21,577.1,49.406816,,,
2007-09-24,578.03,49.406816,,,
2007-09-25,578.03,49.406816,,,
2007-09-26,578.03,50.022319,,,
2007-09-27,578.03,50.022319,,,
2007-09-28,578.03,50.022319,,,
2007-09-30,,,79.89133333333332,92.71907400000003,
2007-10-01,578.03,50.022319,,,
2007-10-02,578.03,50.007201,,,
2007-10-03,577.85,50.007201,,,
2007-10-04,577.85,50.007201,,,
2007-10-05,577.85,50.007201,,,
2007-10-08,577.85,50.007201,,,
2007-10-09,585.53,50.007201,,,
2007-10-10,585.53,50.622614,,,
2007-10-11,591.68,50.622614,,,
2007-10-12,593.22,51.391864,,,
2007-10-15,593.22,51.391864,,,
2007-10-16,594.45,51.391864,,,
2007-10-17,594.45,51.391864,,,
2007-10-18,594.45,51.391864,,,
2007-10-19,594.45,51.391864,,,
2007-10-22,594.45,51.391864,,,
2007-10-23,594.45,51.391864,,,
2007-10-24,594.45,52.314845,,,
2007-10-25,597.53,52.314845,,,
2007-10-26,597.53,52.314845,,,
2007-10-29,597.53,52.314845,,,
2007-10-30,597.53,52.314845,,,
2007-10-31,597.53,52.314845,72.21290322580644,100.96206138709677,
2007-11-01,597.53,52.314845,,,
2007-11-02,597.53,52.913524,,,
2007-11-05,597.53,52.913524,,,
2007-11-06,597.35,52.913524,,,
2007-11-07,597.35,54.143992,,,
2007-11-08,599.5,54.143992,,,
2007-11-09,599.5,54.143992,,,
2007-11-12,,54.143992,,,
2007-11-13,588.74,54.143992,,,
2007-11-14,588.74,54.143992,,,
2007-11-15,588.74,54.143992,,,
2007-11-16,588.74,54.143992,,,
2007-11-19,588.74,54.143992,,,
2007-11-20,588.74,54.143992,,,
2007-11-21,588.74,54.143992,,,
2007-11-23,588.74,54.143992,,,
2007-11-26,591.2,54.143992,,,
2007-11-27,609.33,54.143992,,,
2007-11-28,609.33,54.143992,,,
2007-11-29,609.33,54.143992,,,
2007-11-30,601.65,54.143992,64.19,89.11012656666666,
2007-12-03,601.65,54.143992,,,
2007-12-04,601.45,54.125874,,,
2007-12-05,601.45,54.125874,,,
2007-12-06,602.37,54.125874,,,
2007-12-07,602.37,54.125874,,,
2007-12-10,614.67,54.125874,,,
2007-12-11,614.67,54.125874,,,
2007-12-12,615.9,54.125874,,,
2007-12-13,615.9,54.125874,,,
2007-12-14,615.9,54.125874,,,
2007-12-17,617.43,54.125874,,,
2007-12-18,617.43,54.125874,,,
2007-12-19,617.43,55.20203,,,
2007-12-20,617.43,,,,
2007-12-21,617.43,55.20203,,,
2007-12-24,617.43,55.20203,,,
2007-12-26,627.88,55.20203,,,
2007-12-27,627.88,55.20203,,,
2007-12-28,627.88,55.20203,,,
2007-12-31,627.88,55.20203,91.99612903225808,94.64804054838709,
2008-01-02,627.88,55.20203,,,
2008-01-03,627.88,55.799478,,,
2008-01-04,629.72,55.799478,,,
2008-01-07,639.35,55.799478,,,
2008-01-08,639.35,55.799478,,,
2008-01-09,639.35,55.799478,,,
2008-01-10,641.81,55.799478,,,
2008-01-11,641.81,57.029089,,,
2008-01-14,652.56,57.029089,,,
2008-01-15,652.56,57.951258,,,
2008-01-16,631.05,57.951258,,,
2008-01-17,629.83,57.951258,,,
2008-01-18,622.76,57.951258,,,
2008-01-22,622.76,57.951258,,,
2008-01-23,630.44,57.951258,,,
2008-01-24,630.75,57.951258,,,
2008-01-25,630.75,59.027008,,,
2008-01-28,630.75,59.027008,,,
2008-01-29,630.75,59.027008,,,
2008-01-30,630.75,59.027008,,,
2008-01-31,631.98,59.027008,182.06129032258065,80.78886370967743,
2008-02-01,631.36,59.949013,,,
2008-02-04,631.15,59.930067,,,
2008-02-05,631.15,59.930067,,,
2008-02-06,631.15,59.930067,,,
2008-02-07,631.15,59.930067,,,
2008-02-08,631.15,59.930067,,,
2008-02-11,631.15,59.930067,,,
2008-02-12,631.15,59.930067,,,
2008-02-13,631.15,59.930067,,,
2008-02-14,631.15,59.930067,,,
2008-02-15,631.15,59.930067,,,
2008-02-19,631.15,59.930067,,,
2008-02-20,631.15,59.930067,,,
2008-02-21,631.15,59.930067,,,
2008-02-22,631.15,59.930067,,,
2008-02-25,639.44,59.930067,,,
2008-02-26,639.44,59.930067,,,
2008-02-27,639.44,59.930067,,,
2008-02-28,639.44,59.930067,,,
2008-02-29,639.44,59.930067,118.06724137931033,81.63967399999999,
2008-03-03,647.73,59.930067,,,
2008-03-04,647.73,62.523683,,,
2008-03-05,647.73,62.523683,,,
2008-03-06,647.56,62.523683,,,
2008-03-07,647.56,62.523683,,,
2008-03-10,654.93,62.523683,,,
2008-03-11,652.48,62.523683,,,
2008-03-12,652.48,62.523683,,,
2008-03-13,652.48,62.523683,,,
2008-03-14,653.4,62.523683,,,
2008-03-17,663.83,62.830879,,,
2008-03-18,663.83,65.28837,,,
2008-03-19,648.79,67.131469,,,
2008-03-20,637.13,67.131469,,,
2008-03-24,634.06,67.131469,,,
2008-03-25,634.06,67.131469,,,
2008-03-26,634.06,64.059912,,,
2008-03-27,642.04,64.059912,,,
2008-03-28,642.04,64.059912,,,
2008-03-31,642.04,64.059912,121.86903225806452,78.19353658064517,
2008-04-01,642.04,64.059912,,,
2008-04-02,642.04,64.036402,,,
2008-04-03,642.04,64.036402,,,
2008-04-04,642.04,64.036402,,,
2008-04-07,642.04,64.036402,,,
2008-04-08,642.04,64.036402,,,
2008-04-09,641.82,64.036402,,,
2008-04-10,641.82,64.036402,,,
2008-04-11,641.82,64.036402,,,
2008-04-14,641.82,64.036402,,,
2008-04-15,641.82,64.036402,,,
2008-04-16,641.82,64.036402,,,
2008-04-17,641.82,64.036402,,,
2008-04-18,641.82,64.036402,,,
2008-04-21,641.82,64.036402,,,
2008-04-22,623.41,64.036402,,,
2008-04-23,611.75,64.036402,,,
2008-04-24,591.19,64.036402,,,
2008-04-25,591.19,64.036402,,,
2008-04-28,591.19,62.808234,,,
2008-04-29,580.45,62.808234,,,
2008-04-30,580.45,62.808234,100.466,71.86557193333333,
2008-05-01,580.45,62.808234,,,
2008-05-02,580.45,62.785672,,,
2008-05-05,580.45,61.250604,,,
2008-05-06,584.44,61.250604,,,
2008-05-07,590.57,61.250604,,,
2008-05-08,590.37,61.250604,,,
2008-05-09,590.37,61.250604,,,
2008-05-12,590.37,61.250604,,,
2008-05-13,590.37,61.250604,,,
2008-05-14,583.93,61.250604,,,
2008-05-15,583.93,61.250604,,,
2008-05-16,583.93,61.250604,,,
2008-05-19,583.93,61.250604,,,
2008-05-20,583.93,61.250604,,,
2008-05-21,583.93,61.250604,,,
2008-05-22,591.6,61.250604,,,
2008-05-23,591.6,61.250604,,,
2008-05-27,591.6,61.250604,,,
2008-05-28,591.6,61.250604,,,
2008-05-29,597.73,61.250604,,,
2008-05-30,597.73,61.250604,,,
2008-05-31,,,84.73419354838708,73.08874606451616,
2008-06-02,597.73,61.250604,,,
2008-06-03,597.73,61.2298,,,
2008-06-04,597.73,61.2298,,,
2008-06-05,597.73,61.2298,,,
2008-06-06,597.55,61.2298,,,
2008-06-09,597.55,61.2298,,,
2008-06-10,597.55,61.2298,,,
2008-06-11,597.55,61.2298,,,
2008-06-12,605.21,61.2298,,,
2008-06-13,605.21,61.2298,,,
2008-06-16,605.21,61.2298,,,
2008-06-17,617.48,61.2298,,,
2008-06-18,611.35,61.2298,,,
2008-06-19,614.41,61.2298,,,
2008-06-20,615.95,61.2298,,,
2008-06-23,628.21,61.2298,,,
2008-06-24,628.21,61.2298,,,
2008-06-25,628.21,61.2298,,,
2008-06-26,628.21,61.2298,,,
2008-06-27,644.16,61.2298,,,
2008-06-30,644.16,61.2298,98.48100000000001,86.78601696666666,
2008-07-01,644.16,61.2298,,,
2008-07-02,658.57,61.210773,,,
2008-07-03,658.38,61.210773,,,
2008-07-07,658.99,61.210773,,,
2008-07-08,658.99,61.210773,,,
2008-07-09,658.99,61.210773,,,
2008-07-10,659.91,61.210773,,,
2008-07-11,705.9,61.210773,,,
2008-07-14,701.91,61.210773,,,
2008-07-15,701.91,61.210773,,,
2008-07-16,701.91,61.210773,,,
2008-07-17,702.53,61.210773,,,
2008-07-18,702.53,61.210773,,,
2008-07-21,705.59,61.210773,,,
2008-07-22,690.26,61.210773,,,
2008-07-23,673.4,61.210773,,,
2008-07-24,673.4,61.210773,,,
2008-07-25,673.4,61.210773,,,
2008-07-28,673.4,61.210773,,,
2008-07-29,673.4,61.210773,,,
2008-07-30,673.4,61.210773,,,
2008-07-31,673.4,61.210773,101.74806451612906,89.4749849032258,
2008-08-01,674.02,61.210773,,,
2008-08-04,674.63,61.189248,,,
2008-08-05,659.31,61.189248,,,
2008-08-06,659.31,61.189248,,,
2008-08-07,659.31,61.189248,,,
2008-08-08,659.03,61.189248,,,
2008-08-11,659.03,61.189248,,,
2008-08-12,659.03,61.189248,,,
2008-08-13,659.03,61.189248,,,
2008-08-14,659.03,61.189248,,,
2008-08-15,659.03,61.189248,,,
2008-08-18,659.03,61.189248,,,
2008-08-19,651.37,61.189248,,,
2008-08-20,651.37,61.189248,,,
2008-08-21,651.37,61.189248,,,
2008-08-22,651.37,61.189248,,,
2008-08-25,651.37,61.189248,,,
2008-08-26,651.37,61.189248,,,
2008-08-27,651.37,59.502819,,,
2008-08-28,651.37,59.502819,,,
2008-08-29,651.37,59.502819,,,
2008-08-31,,,91.43612903225807,88.47457361290327,
2008-09-02,651.37,59.502819,,,
2008-09-03,642.18,59.481194,,,
2008-09-04,642.18,59.481194,,,
2008-09-05,642.18,59.481194,,,
2008-09-08,641.93,,,,
2008-09-09,631.2,59.481194,,,
2008-09-10,614.35,59.481194,,,
2008-09-11,614.35,59.634478,,,
2008-09-12,614.35,59.634478,,,
2008-09-15,614.35,59.634478,,,
2008-09-16,614.35,59.634478,,,
2008-09-17,650.81,59.634478,,,
2008-09-18,655.1,59.941029,,,
2008-09-19,679.6,61.780332,,,
2008-09-22,709.62,61.780332,,,
2008-09-23,724.94,62.853217,,,
2008-09-24,724.94,63.466284,,,
2008-09-25,723.71,64.23261,,,
2008-09-26,724.63,62.853242,,,
2008-09-29,752.2,62.853242,,,
2008-09-30,755.26,63.46627,183.9743333333333,89.21801056666666,
2008-10-01,755.26,63.46627,,,
2008-10-02,755.26,63.447523,,,
2008-10-03,739.95,62.987769,,,
2008-10-06,744.54,62.987769,,,
2008-10-07,745.22,62.987769,,,
2008-10-08,763.9,62.987769,,,
2008-10-09,765.74,64.213707,,,
2008-10-10,770.64,65.592869,,,
2008-10-13,770.64,65.592869,,,
2008-10-14,767.58,65.592869,,,
2008-10-15,767.58,65.592869,,,
2008-10-16,756.86,65.592869,,,
2008-10-17,756.86,65.592869,,,
2008-10-20,756.25,65.592869,,,
2008-10-21,755.64,65.286431,,,
2008-10-22,755.64,65.286431,,,
2008-10-23,747.06,64.520366,,,
2008-10-24,747.06,64.520366,,,
2008-10-27,749.21,64.520366,,,
2008-10-28,749.21,64.520366,,,
2008-10-29,749.21,64.520366,,,
2008-10-30,749.21,64.520366,,,
2008-10-31,749.21,64.520366,243.46741935483874,64.97080651612903,
2008-11-03,749.21,64.520366,,,
2008-11-04,749.21,64.496003,,,
2008-11-05,749.21,64.496003,,,
2008-11-06,749.21,64.496003,,,
2008-11-07,749.21,64.496003,,,
2008-11-10,749.21,64.496003,,,
2008-11-11,749.21,64.496003,,,
2008-11-12,748.94,63.883288,,,
2008-11-13,748.94,63.883288,,,
2008-11-14,748.94,63.883288,,,
2008-11-17,748.94,63.883288,,,
2008-11-18,748.94,63.883288,,,
2008-11-19,752.0,63.883288,,,
2008-11-20,752.0,63.883288,,,
2008-11-21,755.06,63.883288,,,
2008-11-24,755.06,65.414934,,,
2008-11-25,755.06,65.414934,,,
2008-11-26,758.12,65.414934,,,
2008-11-28,758.12,65.414934,,,
2008-11-30,,,220.64866666666668,79.13092203333335,
2008-12-01,758.12,65.414934,,,
2008-12-02,758.12,64.475402,,,
2008-12-03,758.12,64.475402,,,
2008-12-04,757.89,64.475402,,,
2008-12-05,757.89,64.475402,,,
2008-12-08,757.89,64.475402,,,
2008-12-09,757.89,64.475402,,,
2008-12-10,757.89,64.475402,,,
2008-12-11,762.17,64.934799,,,
2008-12-12,762.17,64.934799,,,
2008-12-15,765.23,64.934799,,,
2008-12-16,769.21,65.700421,,,
2008-12-17,775.33,65.700421,,,
2008-12-18,775.33,66.772277,,,
2008-12-19,775.33,66.772277,,,
2008-12-22,775.33,66.772277,,,
2008-12-23,775.33,66.772277,,,
2008-12-24,775.33,66.772277,,,
2008-12-26,775.33,66.772277,,,
2008-12-29,780.23,66.772277,,,
2008-12-30,780.23,66.772277,,,
2008-12-31,780.23,66.772277,165.27870967741933,94.08670748387097,
2009-01-02,780.23,66.772277,,,
2009-01-05,780.23,67.516928,,,
2009-01-06,787.88,67.516928,,,
2009-01-07,787.88,67.516928,,,
2009-01-08,787.6,67.516928,,,
2009-01-09,787.6,67.516928,,,
2009-01-12,787.6,67.516928,,,
2009-01-13,787.6,67.516928,,,
2009-01-14,790.66,68.129235,,,
2009-01-15,795.25,68.129235,,,
2009-01-16,795.25,68.129235,,,
2009-01-20,802.9,68.129235,,,
2009-01-21,805.96,68.129235,,,
2009-01-22,819.11,68.129235,,,
2009-01-23,832.57,68.129235,,,
2009-01-26,832.88,68.129235,,,
2009-01-27,832.88,68.74147,,,
2009-01-28,832.88,68.74147,,,
2009-01-29,843.59,68.74147,,,
2009-01-30,843.59,68.74147,,,
2009-01-31,,,215.21741935483877,86.23219754838709,
2009-02-02,853.37,68.74147,,,
2009-02-03,853.37,68.71953,,,
2009-02-04,859.49,68.71953,,,
2009-02-05,867.19,68.71953,,,
2009-02-06,867.19,68.71953,,,
2009-02-09,881.87,68.71953,,,
2009-02-10,894.72,68.71953,,,
2009-02-11,935.09,68.71953,,,
2009-02-12,970.57,69.790756,,,
2009-02-13,985.86,69.790756,,,
2009-02-17,1008.8,69.790756,,,
2009-02-18,1024.09,69.790756,,,
2009-02-19,1028.98,69.790756,,,
2009-02-20,1028.98,69.790756,,,
2009-02-23,1028.98,69.790756,,,
2009-02-24,1028.98,69.790756,,,
2009-02-25,1028.98,67.801612,,,
2009-02-26,1029.29,67.801612,,,
2009-02-27,1029.29,67.801612,,,
2009-02-28,,,238.85999999999999,67.12189474999998,
2009-03-02,1029.29,67.801612,,,
2009-03-03,1029.29,67.780304,,,
2009-03-04,1029.29,67.780304,,,
2009-03-05,1029.29,67.780304,,,
2009-03-06,1028.99,67.780304,,,
2009-03-09,1028.99,67.780304,,,
2009-03-10,1028.99,67.780304,,,
2009-03-11,1038.17,67.780304,,,
2009-03-12,1041.53,66.862399,,,
2009-03-13,1056.82,66.862399,,,
2009-03-16,1069.05,66.862399,,,
2009-03-17,1069.05,66.862399,,,
2009-03-18,1084.33,66.862399,,,
2009-03-19,1103.29,66.862399,,,
2009-03-20,1114.6,66.862399,,,
2009-03-23,1114.29,67.780222,,,
2009-03-24,1124.99,67.780222,,,
2009-03-25,1124.99,67.780222,,,
2009-03-26,1124.99,67.780222,,,
2009-03-27,1127.44,67.780222,,,
2009-03-30,1127.44,67.780222,,,
2009-03-31,1127.44,67.780222,189.93483870967742,72.05849170967744,
2009-04-01,1127.44,67.780222,,,
2009-04-02,1127.44,67.757223,,,
2009-04-03,1127.37,67.757223,,,
2009-04-06,1127.37,67.757223,,,
2009-04-07,1127.37,67.757223,,,
2009-04-08,1127.37,67.757223,,,
2009-04-09,1127.68,67.757223,,,
2009-04-13,1127.68,67.757223,,,
2009-04-14,1127.68,67.757223,,,
2009-04-15,1127.68,67.757223,,,
2009-04-16,1119.43,67.757223,,,
2009-04-17,1105.98,67.757223,,,
2009-04-20,1105.98,68.368909,,,
2009-04-21,1105.98,68.368909,,,
2009-04-22,1105.98,68.368909,,,
2009-04-23,1104.45,68.368909,,,
2009-04-24,1104.45,68.368909,,,
2009-04-27,1104.45,68.368909,,,
2009-04-28,1104.45,68.368909,,,
2009-04-29,1104.45,68.368909,,,
2009-04-30,1104.45,68.368909,139.21699999999998,85.9578996,
2009-05-01,1104.45,68.368909,,,
2009-05-04,1104.45,68.346443,,,
2009-05-05,1104.45,68.346443,,,
2009-05-06,1104.09,68.346443,,,
2009-05-07,1104.09,68.346443,,,
2009-05-08,1104.09,68.346443,,,
2009-05-11,1104.09,68.346443,,,
2009-05-12,1104.09,68.346443,,,
2009-05-13,1105.62,68.346443,,,
2009-05-14,1105.62,68.346443,,,
2009-05-15,1105.62,68.346443,,,
2009-05-18,1105.62,68.346443,,,
2009-05-19,1105.62,68.957925,,,
2009-05-20,1105.62,68.957925,,,
2009-05-21,1105.62,68.957925,,,
2009-05-22,1118.76,68.957925,,,
2009-05-26,1118.76,68.957925,,,
2009-05-27,1118.76,68.957925,,,
2009-05-28,1118.76,68.957925,,,
2009-05-29,1118.76,68.957925,,,
2009-05-31,,,122.90709677419353,91.18033580645162,
2009-06-01,1134.03,69.875051,,,
2009-06-02,1134.03,69.852929,,,
2009-06-03,1132.5,69.852929,,,
2009-06-04,1132.5,69.852929,,,
2009-06-05,1132.15,69.852929,,,
2009-06-08,1132.15,69.852929,,,
2009-06-09,1132.15,69.852929,,,
2009-06-10,1132.15,69.852929,,,
2009-06-11,1132.15,69.852929,,,
2009-06-12,1132.15,69.852929,,,
2009-06-15,1132.15,69.852929,,,
2009-06-16,1132.15,69.852929,,,
2009-06-17,1132.15,69.852929,,,
2009-06-18,1132.15,69.852929,,,
2009-06-19,1132.15,69.852929,,,
2009-06-22,1131.24,69.852929,,,
2009-06-23,1131.24,70.769807,,,
2009-06-24,1131.24,70.769807,,,
2009-06-25,1125.74,70.769807,,,
2009-06-26,1125.74,70.769807,,,
2009-06-29,1125.74,70.769807,,,
2009-06-30,1120.55,70.769807,107.17366666666668,81.25230360000002,
2009-07-01,1120.55,70.769807,,,
2009-07-02,1120.55,70.746625,,,
2009-07-06,1120.19,71.357813,,,
2009-07-07,1120.19,71.357813,,,
2009-07-08,1109.81,71.357813,,,
2009-07-09,1109.81,71.357813,,,
2009-07-10,1109.81,71.357813,,,
2009-07-13,1109.81,71.357813,,,
2009-07-14,1094.54,71.357813,,,
2009-07-15,1094.54,71.357813,,,
2009-07-16,1094.85,71.357813,,,
2009-07-17,1094.54,71.357813,,,
2009-07-20,1094.54,71.357813,,,
2009-07-21,1092.41,72.27442,,,
2009-07-22,1086.61,72.27442,,,
2009-07-23,1086.61,72.27442,,,
2009-07-24,1086.61,72.27442,,,
2009-07-27,1086.61,72.27442,,,
2009-07-28,1083.25,72.27442,,,
2009-07-29,1072.87,72.27442,,,
2009-07-30,1072.87,72.27442,,,
2009-07-31,1072.87,72.27442,121.4583870967742,81.0838515483871,
2009-08-03,1072.87,72.27442,,,
2009-08-04,1072.87,72.250696,,,
2009-08-05,1072.87,73.472643,,,
2009-08-06,1072.87,,,,
2009-08-07,1068.9,73.472643,,,
2009-08-10,1068.55,73.472643,,,
2009-08-11,1065.49,73.472643,,,
2009-08-12,1065.49,73.472643,,,
2009-08-13,1065.49,73.472643,,,
2009-08-14,1065.49,73.472643,,,
2009-08-17,1065.49,73.472643,,,
2009-08-18,1065.49,73.472643,,,
2009-08-19,1065.49,73.472643,,,
2009-08-20,1065.49,73.472643,,,
2009-08-21,1066.41,73.472643,,,
2009-08-24,1066.41,73.472643,,,
2009-08-25,1061.83,73.472643,,,
2009-08-26,1061.83,73.472643,,,
2009-08-27,1061.83,73.472643,,,
2009-08-28,1061.83,73.472643,,,
2009-08-31,1061.83,73.472643,94.85806451612905,73.76000748387098,
2009-09-01,1061.83,73.472643,,,
2009-09-02,1063.36,73.447849,,,
2009-09-03,1078.01,74.669409,,,
2009-09-04,1077.63,74.669409,,,
2009-09-08,1077.63,74.669409,,,
2009-09-09,1077.63,74.669409,,,
2009-09-10,1077.63,74.669409,,,
2009-09-11,1077.63,74.669409,,,
2009-09-14,1078.85,74.669409,,,
2009-09-15,1078.85,74.669409,,,
2009-09-16,1086.48,74.669409,,,
2009-09-17,1086.48,74.669409,,,
2009-09-18,1086.48,74.669409,,,
2009-09-21,1101.73,74.669409,,,
2009-09-22,1101.73,74.669409,,,
2009-09-23,1101.73,74.669409,,,
2009-09-24,1094.11,74.669409,,,
2009-09-25,1094.11,74.669409,,,
2009-09-28,1094.11,74.669409,,,
2009-09-29,1094.11,74.669409,,,
2009-09-30,1095.33,74.669409,91.19866666666668,91.1302992333333,
2009-10-01,1095.33,74.669409,,,
2009-10-02,1096.55,74.644963,,,
2009-10-05,1098.07,74.644963,,,
2009-10-06,1100.51,74.644963,,,
2009-10-07,1109.31,74.644963,,,
2009-10-08,1109.31,74.644963,,,
2009-10-09,1109.31,74.644963,,,
2009-10-12,1109.31,74.644963,,,
2009-10-13,1109.31,75.255478,,,
2009-10-14,1109.31,75.255478,,,
2009-10-15,1109.31,75.255478,,,
2009-10-16,1109.31,75.255478,,,
2009-10-19,1109.31,75.255478,,,
2009-10-20,1109.31,75.255478,,,
2009-10-21,1108.09,75.255478,,,
2009-10-22,1108.09,75.255478,,,
2009-10-23,1108.09,75.255478,,,
2009-10-26,1106.87,75.255478,,,
2009-10-27,1105.65,76.171106,,,
2009-10-28,1104.43,79.833572,,,
2009-10-29,1104.43,79.833572,,,
2009-10-30,1103.52,79.833572,,,
2009-10-31,,,81.96032258064515,90.38770312903227,
2009-11-02,1103.52,79.833572,,,
2009-11-03,1108.4,79.833572,,,
2009-11-04,1108.4,79.80894,,,
2009-11-05,1108.34,79.80894,,,
2009-11-06,1108.34,79.80894,,,
2009-11-09,1114.44,79.80894,,,
2009-11-10,1114.44,79.80894,,,
2009-11-11,1114.44,79.80894,,,
2009-11-12,1114.44,79.80894,,,
2009-11-13,1113.83,79.80894,,,
2009-11-16,1113.83,79.80894,,,
2009-11-17,1113.83,79.80894,,,
2009-11-18,1117.49,79.80894,,,
2009-11-19,1117.49,80.724356,,,
2009-11-20,1117.49,80.724356,,,
2009-11-23,1121.46,80.724356,,,
2009-11-24,1122.37,80.724356,,,
2009-11-25,1127.86,80.724356,,,
2009-11-27,1127.86,80.724356,,,
2009-11-30,1129.99,80.724356,111.3786666666667,81.02965713333334,
2009-12-01,1130.6,81.792211,,,
2009-12-02,1131.21,81.767546,,,
2009-12-03,1131.49,82.987931,,,
2009-12-04,1129.97,82.987931,,,
2009-12-07,1129.97,82.987931,,,
2009-12-08,1116.25,82.987931,,,
2009-12-09,1116.25,81.76763,,,
2009-12-10,1116.25,81.76763,,,
2009-12-11,1116.25,81.76763,,,
2009-12-14,1116.55,81.76763,,,
2009-12-15,1116.55,81.76763,,,
2009-12-16,1120.51,81.76763,,,
2009-12-17,1120.51,81.76763,,,
2009-12-18,1126.61,81.76763,,,
2009-12-21,1132.71,81.76763,,,
2009-12-22,1132.71,80.242483,,,
2009-12-23,1132.71,80.242483,,,
2009-12-24,1132.71,80.242483,,,
2009-12-28,1132.71,80.242483,,,
2009-12-29,1133.62,79.327462,,,
2009-12-30,1133.62,79.327462,,,
2009-12-31,1133.62,79.327462,129.59000000000003,95.8221368064516,
2010-01-04,1128.75,79.327462,,,
2010-01-05,1128.75,79.299477,,,
2010-01-06,1123.87,79.299477,,,
2010-01-07,1123.5,79.299477,,,
2010-01-08,1119.54,79.299477,,,
2010-01-11,1119.54,79.299477,,,
2010-01-12,1115.88,79.299477,,,
2010-01-13,1115.88,79.299477,,,
2010-01-14,1113.75,79.299477,,,
2010-01-15,1112.84,79.299477,,,
2010-01-19,1111.92,79.299477,,,
2010-01-20,1111.92,79.299477,,,
2010-01-21,1111.92,79.299477,,,
2010-01-22,1111.92,79.299477,,,
2010-01-25,1111.92,79.299477,,,
2010-01-26,1111.92,79.299477,,,
2010-01-27,1111.92,79.299477,,,
2010-01-28,1111.92,79.299477,,,
2010-01-29,1111.92,79.299477,,,
2010-01-31,,,156.72870967741935,93.6784295483871,
2010-02-01,1111.92,79.299477,,,
2010-02-02,1111.92,79.299477,,,
2010-02-03,1110.34,79.272627,,,
2010-02-04,1104.55,79.272627,,,
2010-02-05,1106.38,79.272627,,,
2010-02-08,1106.38,77.443363,,,
2010-02-09,1106.38,77.443363,,,
2010-02-10,1106.38,77.443363,,,
2010-02-11,1106.38,77.443363,,,
2010-02-12,1106.38,77.443363,,,
2010-02-16,1109.42,77.443363,,,
2010-02-17,1109.42,77.443363,,,
2010-02-18,1109.42,77.443363,,,
2010-02-19,1107.6,77.443363,,,
2010-02-22,1107.9,77.443363,,,
2010-02-23,1106.99,77.443363,,,
2010-02-24,1106.99,77.443363,,,
2010-02-25,1106.99,77.443363,,,
2010-02-26,1106.99,76.681333,,,
2010-02-28,,,151.77142857142854,81.47286299999999,
2010-03-01,1106.99,76.681333,,,
2010-03-02,1111.56,77.572301,,,
2010-03-03,1115.51,77.572301,,,
2010-03-04,1115.51,77.572301,,,
2010-03-05,1116.12,77.572301,,,
2010-03-08,1116.12,77.572301,,,
2010-03-09,1116.12,77.572301,,,
2010-03-10,1115.51,77.572301,,,
2010-03-11,1115.51,77.572301,,,
2010-03-12,1115.51,77.572301,,,
2010-03-15,1115.51,77.572301,,,
2010-03-16,1115.51,77.572301,,,
2010-03-17,1115.51,77.572301,,,
2010-03-18,1115.51,77.572301,,,
2010-03-19,1115.51,76.962814,,,
2010-03-22,1115.51,76.962814,,,
2010-03-23,1120.08,76.962814,,,
2010-03-24,1120.08,76.962814,,,
2010-03-25,1124.65,76.962814,,,
2010-03-26,1124.65,76.962814,,,
2010-03-29,1129.82,76.962814,,,
2010-03-30,1129.82,76.962814,,,
2010-03-31,1129.82,76.962814,110.02806451612904,72.72510970967741,
2010-04-01,1129.82,76.962814,,,
2010-04-05,1129.82,76.936825,,,
2010-04-06,1129.82,76.936825,,,
2010-04-07,1130.74,76.936825,,,
2010-04-08,1140.43,76.936825,,,
2010-04-09,1141.04,76.936825,,,
2010-04-12,1141.04,76.936825,,,
2010-04-13,1141.04,76.936825,,,
2010-04-14,1141.04,76.936825,,,
2010-04-15,1141.04,76.936825,,,
2010-04-16,1141.04,76.479849,,,
2010-04-19,1141.04,76.479849,,,
2010-04-20,1141.04,76.479849,,,
2010-04-21,1141.04,76.479849,,,
2010-04-22,1140.13,76.784479,,,
2010-04-23,1140.13,78.307614,,,
2010-04-26,1146.22,78.307614,,,
2010-04-27,1146.83,78.307614,,,
2010-04-28,1152.91,78.612225,,,
2010-04-29,1159.0,78.612225,,,
2010-04-30,1159.0,78.612225,87.81633333333335,88.62468543333334,
2010-05-03,1159.0,78.612225,,,
2010-05-04,1159.0,78.612225,,,
2010-05-05,1166.0,78.587336,,,
2010-05-06,1185.79,78.587336,,,
2010-05-07,1188.5,80.110248,,,
2010-05-10,1192.15,80.871696,,,
2010-05-11,1192.15,80.871696,,,
2010-05-12,1209.5,81.785395,,,
2010-05-13,1209.5,81.785395,,,
2010-05-14,1214.06,81.785395,,,
2010-05-17,1217.11,82.394509,,,
2010-05-18,1217.11,82.394509,,,
2010-05-19,1220.15,82.394509,,,
2010-05-20,1220.15,82.394509,,,
2010-05-21,1220.15,82.394509,,,
2010-05-24,1236.89,83.00357,,,
2010-05-25,1267.32,83.00357,,,
2010-05-26,1267.63,83.612607,,,
2010-05-27,1267.93,84.221641,,,
2010-05-28,1267.93,84.221641,,,
2010-05-31,,,118.88548387096776,87.13836803225806,
2010-06-01,1268.23,84.221641,,,
2010-06-02,1268.54,84.221641,,,
2010-06-03,1289.84,84.194391,,,
2010-06-04,1286.36,84.194391,,,
2010-06-07,1286.36,84.194391,,,
2010-06-08,1298.53,84.194391,,,
2010-06-09,1298.53,84.955577,,,
2010-06-10,1306.14,84.955577,,,
2010-06-11,1306.14,84.955577,,,
2010-06-14,1306.14,84.955577,,,
2010-06-15,1306.14,84.955577,,,
2010-06-16,1306.14,84.955577,,,
2010-06-17,1307.96,84.955577,,,
2010-06-18,1307.96,84.955577,,,
2010-06-21,1307.96,84.955577,,,
2010-06-22,1313.13,84.955577,,,
2010-06-23,1313.13,84.955577,,,
2010-06-24,1316.18,84.955577,,,
2010-06-25,1316.18,84.955577,,,
2010-06-28,1316.18,85.412204,,,
2010-06-29,1320.44,85.412204,,,
2010-06-30,1320.44,85.868811,127.63266666666665,96.34650856666667,
2010-07-01,1319.22,85.884031,,,
2010-07-02,1318.91,86.159906,,,
2010-07-06,1316.48,87.073089,,,
2010-07-07,1316.48,87.073089,,,
2010-07-08,1316.04,87.681856,,,
2010-07-09,1314.51,87.681856,,,
2010-07-12,1314.82,89.203752,,,
2010-07-13,1314.82,89.203752,,,
2010-07-14,1314.82,89.203752,,,
2010-07-15,1314.21,89.203752,,,
2010-07-16,1314.21,89.660303,,,
2010-07-19,1314.21,89.660303,,,
2010-07-20,1308.13,89.660303,,,
2010-07-21,1308.13,89.660303,,,
2010-07-22,1302.05,89.660303,,,
2010-07-23,1302.05,89.660303,,,
2010-07-26,1301.74,89.660303,,,
2010-07-27,1300.83,90.877676,,,
2010-07-28,1282.28,90.877676,,,
2010-07-29,1282.28,90.877676,,,
2010-07-30,1282.28,90.877676,,,
2010-07-31,,,176.80419354838713,79.39271329032258,
2010-08-02,1282.28,90.877676,,,
2010-08-03,1282.28,90.877676,,,
2010-08-04,1281.83,90.858696,,,
2010-08-05,1282.75,90.858696,,,
2010-08-06,1282.75,90.858696,,,
2010-08-09,1282.75,90.858696,,,
2010-08-10,1282.75,91.16301,,,
2010-08-11,1285.79,91.16301,,,
2010-08-12,1286.7,92.380251,,,
2010-08-13,1286.7,92.380251,,,
2010-08-16,1286.7,92.380251,,,
2010-08-17,1294.6,92.380251,,,
2010-08-18,1295.52,93.52137,,,
2010-08-19,1299.47,93.977815,,,
2010-08-20,1299.47,93.977815,,,
2010-08-23,1299.47,93.977815,,,
2010-08-24,1297.95,93.977815,,,
2010-08-25,1297.95,93.977815,,,
2010-08-26,1297.95,94.495095,,,
2010-08-27,1298.56,94.495095,,,
2010-08-30,1298.56,95.012368,,,
2010-08-31,1302.51,95.012368,161.4696774193549,81.61330932258065,
2010-09-01,1304.03,95.392706,,,
2010-09-02,1294.91,96.12295,,,
2010-09-03,1294.44,96.103874,,,
2010-09-07,1294.44,96.103874,,,
2010-09-08,1294.44,96.712386,,,
2010-09-09,1293.53,97.260044,,,
2010-09-10,1293.53,97.260044,,,
2010-09-13,1292.62,97.260044,,,
2010-09-14,1298.7,97.260044,,,
2010-09-15,1294.75,97.716406,,,
2010-09-16,1294.75,97.716406,,,
2010-09-17,1300.83,98.294459,,,
2010-09-20,1304.47,98.294459,,,
2010-09-21,1304.17,98.750804,,,
2010-09-22,1304.17,98.750804,,,
2010-09-23,1301.43,98.750804,,,
2010-09-24,1300.52,98.750804,,,
2010-09-27,1300.52,98.750804,,,
2010-09-28,1305.69,98.750804,,,
2010-09-29,1305.69,99.420075,,,
2010-09-30,1304.78,99.724285,213.92533333333333,71.82437746666666,
2010-10-01,1302.34,99.724285,,,
2010-10-04,1301.91,99.704977,,,
2010-10-05,1301.91,100.16128,,,
2010-10-06,1301.91,100.16128,,,
2010-10-07,1288.54,100.16128,,,
2010-10-08,1288.24,101.256385,,,
2010-10-11,1287.33,101.256385,,,
2010-10-12,1287.33,101.256385,,,
2010-10-13,1285.2,101.682245,,,
2010-10-14,1304.34,101.682245,,,
2010-10-15,1301.91,102.290609,,,
2010-10-18,1301.0,102.290609,,,
2010-10-19,1300.09,102.290609,,,
2010-10-20,1299.18,102.290609,,,
2010-10-21,1298.27,102.290609,,,
2010-10-22,1298.27,102.290609,,,
2010-10-25,1298.27,102.290609,,,
2010-10-26,1298.27,102.670807,,,
2010-10-27,1298.27,102.670807,,,
2010-10-28,1293.1,102.670807,,,
2010-10-29,1293.1,102.670807,,,
2010-10-31,,,229.3158064516129,65.55662219354838,
2010-11-01,1293.1,102.670807,,,
2010-11-02,1292.19,102.64939,,,
2010-11-03,1292.19,102.64939,,,
2010-11-04,1292.19,102.64939,,,
2010-11-05,1291.77,102.892701,,,
2010-11-08,1294.2,104.413381,,,
2010-11-09,1292.98,104.413381,,,
2010-11-10,1291.77,104.413381,,,
2010-11-11,1290.86,105.447409,,,
2010-11-12,1290.86,105.447409,,,
2010-11-15,1290.86,105.903591,,,
2010-11-16,1290.86,105.903591,,,
2010-11-17,1290.86,105.903591,,,
2010-11-18,1286.3,105.903591,,,
2010-11-19,1289.34,105.903591,,,
2010-11-22,1285.08,106.420571,,,
2010-11-23,1285.08,106.420571,,,
2010-11-24,1285.08,107.028769,,,
2010-11-26,1285.08,107.028769,,,
2010-11-29,1286.6,107.028769,,,
2010-11-30,1286.6,107.028769,169.8963333333333,95.60385463333337,
2010-12-01,1293.89,107.393671,,,
2010-12-02,1298.45,107.950115,,,
2010-12-03,1298.03,107.950115,,,
2010-12-06,1298.03,107.950115,,,
2010-12-07,1297.73,107.950115,,,
2010-12-08,1295.3,107.950115,,,
2010-12-09,1293.78,107.950115,,,
2010-12-10,1289.83,107.950115,,,
2010-12-13,1289.83,108.421414,,,
2010-12-14,1286.79,116.630971,,,
2010-12-15,1286.19,116.630971,,,
2010-12-16,1283.76,116.630971,,,
2010-12-17,1298.94,116.630971,,,
2010-12-20,1298.94,116.630971,,,
2010-12-21,1298.03,116.630971,,,
2010-12-22,1288.62,116.630971,,,
2010-12-23,1284.97,117.178241,,,
2010-12-27,1284.97,117.178241,,,
2010-12-28,1284.06,117.178241,,,
2010-12-29,1284.06,117.178241,,,
2010-12-30,1280.72,117.178241,,,
2010-12-31,1280.72,117.664678,157.47000000000003,97.89414264516128,
2011-01-03,1280.72,117.664678,,,
2011-01-04,1276.47,117.968694,,,
2011-01-05,1272.68,117.944805,,,
2011-01-06,1272.68,117.944805,,,
2011-01-07,1271.16,117.579996,,,
2011-01-10,1272.68,117.579996,,,
2011-01-11,1271.47,117.579996,,,
2011-01-12,1271.47,117.579996,,,
2011-01-13,1265.09,117.579996,,,
2011-01-14,1259.33,117.032807,,,
2011-01-18,1256.9,117.032807,,,
2011-01-19,1251.43,117.914358,,,
2011-01-20,1251.43,117.914358,,,
2011-01-21,1271.77,117.06322,,,
2011-01-24,1260.84,117.06322,,,
2011-01-25,1229.58,116.546472,,,
2011-01-26,1229.58,116.546472,,,
2011-01-27,1226.55,115.816956,,,
2011-01-28,1224.12,115.816956,,,
2011-01-31,1227.15,111.166368,139.74677419354836,78.8394935483871,
2011-02-01,1227.15,110.862414,,,
2011-02-02,1227.15,110.836957,,,
2011-02-03,1229.28,110.836957,,,
2011-02-04,1228.86,110.836957,,,
2011-02-07,1228.86,110.836957,,,
2011-02-08,1228.56,110.836957,,,
2011-02-09,1226.44,111.262471,,,
2011-02-10,1225.53,111.262471,,,
2011-02-11,1225.53,111.657585,,,
2011-02-14,1225.53,111.657585,,,
2011-02-15,1224.01,111.657585,,,
2011-02-16,1224.01,111.657585,,,
2011-02-17,1224.01,115.730132,,,
2011-02-18,1223.1,115.730132,,,
2011-02-22,1218.24,116.337967,,,
2011-02-23,1218.24,116.337967,,,
2011-02-24,1211.57,116.337967,,,
2011-02-25,1211.57,117.55359,,,
2011-02-28,1210.96,117.55359,118.35964285714286,88.93610225,
2011-03-01,1210.96,118.526063,,,
2011-03-02,1210.96,118.505116,,,
2011-03-03,1210.62,118.960958,,,
2011-03-04,1210.62,119.416796,,,
2011-03-07,1217.3,119.416796,,,
2011-03-08,1217.3,119.416796,,,
2011-03-09,1217.3,120.99698,,,
2011-03-10,1217.3,122.516379,,,
2011-03-11,1215.48,122.516379,,,
2011-03-14,1213.65,122.516379,,,
2011-03-15,1212.74,122.516379,,,
2011-03-16,1217.3,122.972179,,,
2011-03-17,1217.3,122.972179,,,
2011-03-18,1226.4,124.126855,,,
2011-03-21,1215.78,124.126855,,,
2011-03-22,1214.87,124.400325,,,
2011-03-23,1214.87,124.400325,,,
2011-03-24,1213.96,124.400325,,,
2011-03-25,1213.96,124.932061,,,
2011-03-28,1211.84,124.932061,,,
2011-03-29,1211.84,124.932061,,,
2011-03-30,1211.84,124.932061,,,
2011-03-31,1211.23,125.266279,140.79451612903227,136.07912222580646,
2011-04-01,1211.23,125.266279,,,
2011-04-04,1211.23,125.240216,,,
2011-04-05,1212.75,125.240216,,,
2011-04-06,1205.47,125.240216,,,
2011-04-07,1217.21,133.352243,,,
2011-04-08,1217.21,133.352243,,,
2011-04-11,1217.21,133.352243,,,
2011-04-12,1216.3,133.352243,,,
2011-04-13,1212.96,133.352243,,,
2011-04-14,1212.96,133.352243,,,
2011-04-15,1231.16,133.686429,,,
2011-04-18,1231.16,133.686429,,,
2011-04-19,1230.25,133.686429,,,
2011-04-20,1230.25,134.020604,,,
2011-04-21,1229.64,134.020604,,,
2011-04-25,1229.64,134.020604,,,
2011-04-26,1229.64,134.020604,,,
2011-04-27,1229.64,134.202872,,,
2011-04-28,1229.64,134.202872,,,
2011-04-29,1229.64,134.445894,,,
2011-04-30,,,116.03166666666667,90.67220473333332,
2011-05-02,1229.64,134.612971,,,
2011-05-03,1224.49,136.633039,,,
2011-05-04,1219.94,136.607109,,,
2011-05-05,1208.42,136.33372,,,
2011-05-06,1205.39,136.33372,,,
2011-05-09,1201.95,135.665446,,,
2011-05-10,1201.95,135.665446,,,
2011-05-11,1201.04,136.394452,,,
2011-05-12,1193.16,135.999576,,,
2011-05-13,1192.25,135.999576,,,
2011-05-16,1192.25,135.999576,,,
2011-05-17,1192.25,135.999576,,,
2011-05-18,1191.34,135.361726,,,
2011-05-19,1191.34,135.361726,,,
2011-05-20,1201.95,135.361726,,,
2011-05-23,1209.53,135.361726,,,
2011-05-24,1214.08,136.181787,,,
2011-05-25,1214.08,136.941099,,,
2011-05-26,1214.08,137.609288,,,
2011-05-27,1213.17,137.609288,,,
2011-05-31,1210.74,137.609288,93.21774193548387,104.47366767741936,
2011-06-01,1212.87,137.912999,,,
2011-06-02,1212.87,137.884531,,,
2011-06-03,1212.87,139.038615,,,
2011-06-06,1212.87,139.038615,,,
2011-06-07,1212.87,139.038615,,,
2011-06-08,1211.57,139.797855,,,
2011-06-09,1211.57,141.316324,,,
2011-06-10,1200.96,141.316324,,,
2011-06-13,1200.05,141.316324,,,
2011-06-14,1200.05,141.316324,,,
2011-06-15,1200.05,141.316324,,,
2011-06-16,1200.05,141.695923,,,
2011-06-17,1209.14,141.695923,,,
2011-06-20,1209.14,142.060333,,,
2011-06-21,1209.14,142.060333,,,
2011-06-22,1209.14,142.485467,,,
2011-06-23,1209.14,142.789132,,,
2011-06-24,1209.14,142.789132,,,
2011-06-27,1209.14,144.459263,,,
2011-06-28,1209.14,144.459263,,,
2011-06-29,1208.23,144.459263,,,
2011-06-30,1208.23,144.277074,126.05866666666664,84.53678269999999,
2011-07-01,1205.81,144.277074,,,
2011-07-05,1205.81,144.277074,,,
2011-07-06,1205.81,144.247145,,,
2011-07-07,1205.81,144.611506,,,
2011-07-08,1205.41,144.611506,,,
2011-07-11,1205.41,145.15804,,,
2011-07-12,1225.41,145.15804,,,
2011-07-13,1225.41,147.435207,,,
2011-07-14,1225.41,147.435207,,,
2011-07-15,1236.01,150.015964,,,
2011-07-18,1249.34,150.015964,,,
2011-07-19,1246.01,150.896434,,,
2011-07-20,1246.01,150.896434,,,
2011-07-21,1242.68,150.896434,,,
2011-07-22,1241.77,151.503642,,,
2011-07-25,1241.77,154.828087,,,
2011-07-26,1241.77,154.828087,,,
2011-07-27,1244.8,155.738869,,,
2011-07-28,1262.97,156.163899,,,
2011-07-29,1263.58,156.163899,,,
2011-07-31,,,200.15064516129033,78.28513293548386,
2011-08-01,1263.58,156.619282,,,
2011-08-02,1281.75,156.619282,,,
2011-08-03,1286.3,157.575653,,,
2011-08-04,1286.3,160.520366,,,
2011-08-05,1286.3,160.945373,,,
2011-08-08,1309.92,161.643594,,,
2011-08-09,1296.9,165.134634,,,
2011-08-10,1296.52,165.134634,,,
2011-08-11,1272.89,166.045331,,,
2011-08-12,1260.17,166.470319,,,
2011-08-15,1260.17,166.470319,,,
2011-08-16,1262.9,166.227476,,,
2011-08-17,1271.98,166.682805,,,
2011-08-18,1286.83,166.682805,,,
2011-08-19,1290.76,167.365793,,,
2011-08-22,1284.4,167.669341,,,
2011-08-23,1259.57,168.41302,,,
2011-08-24,1232.31,168.10948,,,
2011-08-25,1232.31,168.10948,,,
2011-08-26,1230.8,167.517591,,,
2011-08-29,1230.8,167.517591,,,
2011-08-30,1232.31,167.517591,,,
2011-08-31,1232.31,167.229242,253.9187096774194,86.39183041935482,
2011-09-01,1232.31,166.971248,,,
2011-09-02,1232.31,166.93759,,,
2011-09-06,1232.31,167.210757,,,
2011-09-07,1232.31,166.937597,,,
2011-09-08,1231.41,168.060576,,,
2011-09-09,1241.92,168.060576,,,
2011-09-12,1241.92,168.060576,,,
2011-09-13,1241.31,168.591697,,,
2011-09-14,1241.31,168.591697,,,
2011-09-15,1241.31,168.591697,,,
2011-09-16,1251.91,168.318555,,,
2011-09-19,1251.91,168.318555,,,
2011-09-20,1252.21,168.318555,,,
2011-09-21,1252.21,168.318555,,,
2011-09-22,1252.21,168.090947,,,
2011-09-23,1252.21,167.575041,,,
2011-09-26,1246.76,165.147272,,,
2011-09-27,1241.92,164.024464,,,
2011-09-28,1241.92,164.024464,,,
2011-09-29,1231.93,164.024464,,,
2011-09-30,1231.93,163.736181,221.50666666666666,83.14460333333334,
2011-10-03,1232.23,163.736181,,,
2011-10-04,1229.51,163.699086,,,
2011-10-05,1229.51,163.699086,,,
2011-10-06,1229.51,163.699086,,,
2011-10-07,1229.51,163.699086,,,
2011-10-10,1227.99,163.699086,,,
2011-10-11,1227.99,163.699086,,,
2011-10-12,1227.99,163.699086,,,
2011-10-13,1227.51,163.699086,,,
2011-10-14,1227.51,163.699086,,,
2011-10-17,1227.51,163.699086,,,
2011-10-18,1227.51,164.214901,,,
2011-10-19,1227.51,164.214901,,,
2011-10-20,1227.51,164.214901,,,
2011-10-21,1227.51,164.214901,,,
2011-10-24,1233.56,164.214901,,,
2011-10-25,1244.16,164.214901,,,
2011-10-26,1244.16,164.609327,,,
2011-10-27,1243.55,164.609327,,,
2011-10-28,1243.55,165.018918,,,
2011-10-31,1243.55,165.018918,133.75290322580648,75.16556051612903,
2011-11-01,1243.55,165.38299,,,
2011-11-02,1243.55,165.364087,,,
2011-11-03,1243.55,165.364087,,,
2011-11-04,1245.06,168.094565,,,
2011-11-07,1255.65,168.443457,,,
2011-11-08,1264.13,168.443457,,,
2011-11-09,1267.15,168.443457,,,
2011-11-10,1268.67,168.974361,,,
2011-11-11,1268.67,168.974361,,,
2011-11-14,1268.28,168.974361,,,
2011-11-15,1268.28,168.974361,,,
2011-11-16,1277.36,169.277724,,,
2011-11-17,1289.46,169.277724,,,
2011-11-18,1293.09,171.401224,,,
2011-11-21,1291.27,171.401224,,,
2011-11-22,1297.32,171.401224,,,
2011-11-23,1297.32,171.401224,,,
2011-11-25,1297.32,171.401224,,,
2011-11-28,1297.32,171.401224,,,
2011-11-29,1297.32,171.537724,,,
2011-11-30,1298.53,171.537724,133.72266666666664,83.25008093333331,
2011-12-01,1297.93,171.537724,,,
2011-12-02,1297.93,171.503251,,,
2011-12-05,1297.93,171.503251,,,
2011-12-06,1297.93,171.503251,,,
2011-12-07,1295.81,171.503251,,,
2011-12-08,1295.81,171.503251,,,
2011-12-09,1295.4,172.064383,,,
2011-12-12,1294.8,172.064383,,,
2011-12-13,1294.8,172.064383,,,
2011-12-14,1294.8,172.82264,,,
2011-12-15,1279.98,172.82264,,,
2011-12-16,1279.98,172.367695,,,
2011-12-19,1279.98,172.367695,,,
2011-12-20,1279.98,172.519339,,,
2011-12-21,1267.88,172.519339,,,
2011-12-22,1254.57,172.519339,,,
2011-12-23,1254.57,172.519339,,,
2011-12-27,1254.57,172.519339,,,
2011-12-28,1254.57,172.519339,,,
2011-12-29,1254.57,172.519339,,,
2011-12-30,1254.57,171.033342,,,
2011-12-31,,,186.00387096774193,84.81960912903227,
2012-01-03,1254.57,171.033342,,,
2012-01-04,1254.57,170.995616,,,
2012-01-05,1254.57,170.995616,,,
2012-01-06,1254.57,170.995616,,,
2012-01-09,1254.57,170.995616,,,
2012-01-10,1254.57,171.844704,,,
2012-01-11,1254.16,171.844704,,,
2012-01-12,1254.16,171.844704,,,
2012-01-13,1254.16,173.178961,,,
2012-01-17,1255.67,173.178961,,,
2012-01-18,1255.67,173.178961,,,
2012-01-19,1255.67,173.178961,,,
2012-01-20,1255.67,174.027994,,,
2012-01-23,1250.53,174.027994,,,
2012-01-24,1250.53,174.027994,,,
2012-01-25,1259.6,174.027994,,,
2012-01-26,1261.11,174.027994,,,
2012-01-27,1271.09,174.027994,,,
2012-01-30,1271.09,174.634418,,,
2012-01-31,1271.09,176.104963,156.16677419354838,77.90155767741938,
2012-02-01,1271.09,176.953933,,,
2012-02-02,1277.14,177.67735,,,
2012-02-03,1277.14,177.67735,,,
2012-02-06,1277.14,177.67735,,,
2012-02-07,1277.14,177.67735,,,
2012-02-08,1277.14,178.435323,,,
2012-02-09,1278.34,178.435323,,,
2012-02-10,1278.65,179.269083,,,
2012-02-13,1278.65,179.269083,,,
2012-02-14,1278.26,179.269083,,,
2012-02-15,1278.26,179.269083,,,
2012-02-16,1281.28,179.269083,,,
2012-02-17,1281.28,179.269083,,,
2012-02-21,1281.59,179.269083,,,
2012-02-22,1281.59,180.117933,,,
2012-02-23,1282.8,180.117933,,,
2012-02-24,1284.61,180.875827,,,
2012-02-27,1284.61,181.239613,,,
2012-02-28,1284.61,181.239613,,,
2012-02-29,1293.68,181.542761,112.6948275862069,91.48578462068966,
2012-03-01,1293.68,181.542761,,,
2012-03-02,1293.68,181.506859,,,
2012-03-05,1293.68,182.355648,,,
2012-03-06,1293.68,182.355648,,,
2012-03-07,1293.68,182.355648,,,
2012-03-08,1293.68,182.355648,,,
2012-03-09,1293.68,182.355648,,,
2012-03-12,1293.68,182.355648,,,
2012-03-13,1293.27,182.355648,,,
2012-03-14,1293.27,182.355648,,,
2012-03-15,1293.27,182.355648,,,
2012-03-16,1293.27,182.355648,,,
2012-03-19,1293.27,182.355648,,,
2012-03-20,1290.25,182.355648,,,
2012-03-21,1290.25,182.355648,,,
2012-03-22,1282.69,182.355648,,,
2012-03-23,1282.69,181.597908,,,
2012-03-26,1288.74,181.597908,,,
2012-03-27,1286.62,181.597908,,,
2012-03-28,1286.62,181.173585,,,
2012-03-29,1286.62,181.173585,,,
2012-03-30,1286.62,181.173585,,,
2012-03-31,,,90.24903225806453,88.07977558064516,
2012-04-02,1286.62,180.809888,,,
2012-04-03,1286.62,180.771341,,,
2012-04-04,1286.62,180.771341,,,
2012-04-05,1286.62,180.771341,,,
2012-04-09,1286.62,180.771341,,,
2012-04-10,1286.17,180.771341,,,
2012-04-11,1286.17,180.165225,,,
2012-04-12,1286.17,180.165225,,,
2012-04-13,1286.17,180.165225,,,
2012-04-16,1286.17,180.165225,,,
2012-04-17,1286.17,180.165225,,,
2012-04-18,1286.17,180.165225,,,
2012-04-19,1286.17,180.165225,,,
2012-04-20,1286.17,180.165225,,,
2012-04-23,1281.94,180.165225,,,
2012-04-24,1281.94,180.165225,,,
2012-04-25,1281.94,180.165225,,,
2012-04-26,1281.94,180.165225,,,
2012-04-27,1284.36,180.165225,,,
2012-04-30,1278.31,180.165225,94.95399999999998,98.37070509999998,
2012-05-01,1274.09,180.165225,,,
2012-05-02,1274.09,180.12858,,,
2012-05-03,1274.09,180.12858,,,
2012-05-04,1274.09,180.12858,,,
2012-05-07,1274.99,,,,
2012-05-08,1274.99,180.12858,,,
2012-05-09,1274.99,180.12858,,,
2012-05-10,1277.11,179.219588,,,
2012-05-11,1277.11,179.219588,,,
2012-05-14,1277.11,178.310606,,,
2012-05-15,1277.11,177.492541,,,
2012-05-16,1276.6,176.583585,,,
2012-05-17,1278.71,176.341199,,,
2012-05-18,1282.94,176.341199,,,
2012-05-21,1282.94,176.341199,,,
2012-05-22,1265.43,176.341199,,,
2012-05-23,1268.15,176.795655,,,
2012-05-24,1270.26,176.795655,,,
2012-05-25,1270.26,176.795655,,,
2012-05-29,1270.26,176.795655,,,
2012-05-30,1270.26,176.189742,,,
2012-05-31,1270.26,176.189742,120.23387096774195,77.68080409677421,
2012-06-01,1273.88,176.189742,,,
2012-06-04,1273.88,176.152325,,,
2012-06-05,1273.88,176.909689,,,
2012-06-06,1274.79,177.273221,,,
2012-06-07,1274.79,177.273221,,,
2012-06-08,1274.79,178.091157,,,
2012-06-11,1274.79,179.908777,,,
2012-06-12,1274.37,179.908777,,,
2012-06-13,1274.37,179.908777,,,
2012-06-14,1277.39,180.787266,,,
2012-06-15,1277.39,180.787266,,,
2012-06-18,1281.62,181.696035,,,
2012-06-19,1281.62,181.696035,,,
2012-06-20,1281.62,181.696035,,,
2012-06-21,1281.62,181.696035,,,
2012-06-22,1281.62,181.696035,,,
2012-06-25,1281.62,180.757024,,,
2012-06-26,1281.62,181.665728,,,
2012-06-27,1281.62,181.665728,,,
2012-06-28,1281.62,181.938335,,,
2012-06-29,1279.51,180.999362,,,
2012-06-30,,,169.62566666666672,77.59097856666668,
2012-07-02,1279.51,180.999362,,,
2012-07-03,1279.51,180.962484,,,
2012-07-05,1279.51,180.962484,,,
2012-07-06,1279.08,180.962484,,,
2012-07-09,1275.46,180.962484,,,
2012-07-10,1271.24,180.962484,,,
2012-07-11,1271.24,181.901383,,,
2012-07-12,1269.73,181.901383,,,
2012-07-13,1269.73,183.779151,,,
2012-07-16,1266.11,183.779151,,,
2012-07-17,1266.11,183.779151,,,
2012-07-18,1266.11,181.901441,,,
2012-07-19,1257.05,181.901441,,,
2012-07-20,1254.64,181.962012,,,
2012-07-23,1254.64,181.962012,,,
2012-07-24,1254.64,182.900826,,,
2012-07-25,1252.53,182.900826,,,
2012-07-26,1252.53,181.962021,,,
2012-07-27,1248.61,182.90082,,,
2012-07-30,1248.61,182.90082,,,
2012-07-31,1251.92,182.90082,171.59258064516123,81.20776925806452,
2012-08-01,1251.92,182.90082,,,
2012-08-02,1251.92,182.862407,,,
2012-08-03,1254.94,182.862407,,,
2012-08-06,1254.94,182.862407,,,
2012-08-07,1254.94,182.862407,,,
2012-08-08,1254.94,183.604298,,,
2012-08-09,1254.94,183.604298,,,
2012-08-10,1258.15,184.543007,,,
2012-08-13,1258.15,184.543007,,,
2012-08-14,1258.15,184.543007,,,
2012-08-15,1258.15,184.543007,,,
2012-08-16,1263.58,184.543007,,,
2012-08-17,1274.74,183.604345,,,
2012-08-20,1274.74,183.604345,,,
2012-08-21,1278.96,185.330225,,,
2012-08-22,1281.98,185.330225,,,
2012-08-23,1286.5,185.330225,,,
2012-08-24,1286.5,188.267209,,,
2012-08-27,1286.5,188.267209,,,
2012-08-28,1289.52,188.872755,,,
2012-08-29,1289.52,188.872755,,,
2012-08-30,1289.52,188.872755,,,
2012-08-31,1289.52,188.872755,149.64612903225807,74.86811238709677,
2012-09-04,1293.14,189.326901,,,
2012-09-05,1293.14,190.197649,,,
2012-09-06,1293.14,190.954539,,,
2012-09-07,1293.14,190.954539,,,
2012-09-10,1293.14,191.83252,,,
2012-09-11,1293.14,191.83252,,,
2012-09-12,1289.42,191.983892,,,
2012-09-13,1292.43,194.224182,,,
2012-09-14,1301.48,194.678292,,,
2012-09-17,1301.48,195.586507,,,
2012-09-18,1303.29,195.586507,,,
2012-09-19,1305.4,196.797428,,,
2012-09-20,1308.41,198.613797,,,
2012-09-21,1317.76,199.506838,,,
2012-09-24,1326.81,,,,
2012-09-25,1331.33,199.824692,,,
2012-09-26,1320.78,199.824692,,,
2012-09-27,1320.78,199.824692,,,
2012-09-28,1320.78,199.824692,,,
2012-09-30,,,146.60366666666667,68.97198743333335,
2012-10-01,1322.59,201.065801,,,
2012-10-02,1322.59,201.026995,,,
2012-10-03,1324.4,201.571857,,,
2012-10-04,1333.44,204.598854,,,
2012-10-05,1333.44,204.598854,,,
2012-10-08,1340.52,205.446402,,,
2012-10-09,1340.52,205.446402,,,
2012-10-10,1340.52,205.446402,,,
2012-10-11,1340.52,205.068046,,,
2012-10-12,1340.52,205.068046,,,
2012-10-15,1333.89,205.068046,,,
2012-10-16,1333.89,205.945801,,,
2012-10-17,1333.89,207.126223,,,
2012-10-18,1333.89,207.126223,,,
2012-10-19,1334.19,207.126223,,,
2012-10-22,1336.9,207.126223,,,
2012-10-23,1336.9,208.003935,,,
2012-10-24,1336.9,208.003935,,,
2012-10-25,1336.9,208.457917,,,
2012-10-26,1336.3,208.594111,,,
2012-10-31,1336.3,208.730304,161.6977419354839,81.94055532258065,
2012-11-01,1336.3,209.547433,,,
2012-11-02,1336.3,209.502995,,,
2012-11-05,1332.38,209.502995,,,
2012-11-06,1334.49,209.502995,,,
2012-11-07,1337.21,209.502995,,,
2012-11-08,1339.62,209.502995,,,
2012-11-09,1338.71,210.622705,,,
2012-11-12,1338.71,212.014768,,,
2012-11-13,1338.71,212.014768,,,
2012-11-14,1336.3,212.014768,,,
2012-11-15,1339.62,212.771298,,,
2012-11-16,1342.63,212.771298,,,
2012-11-19,1342.2,212.771298,,,
2012-11-20,1342.2,212.771298,,,
2012-11-21,1342.2,213.648839,,,
2012-11-23,1342.2,213.951436,,,
2012-11-26,1342.2,213.951436,,,
2012-11-27,1345.81,214.768423,,,
2012-11-28,1347.02,214.783552,,,
2012-11-29,1347.02,214.783552,,,
2012-11-30,1348.83,215.040746,208.19033333333334,79.75129573333334,
2012-12-03,1348.83,215.040746,,,
2012-12-04,1351.24,215.511707,,,
2012-12-05,1351.54,215.511707,,,
2012-12-06,1351.54,215.935303,,,
2012-12-07,1353.35,215.935303,,,
2012-12-10,1353.35,215.935303,,,
2012-12-11,1351.42,215.935303,,,
2012-12-12,1351.42,215.935303,,,
2012-12-13,1351.42,216.81271,,,
2012-12-14,1351.42,216.81271,,,
2012-12-17,1350.52,216.51016,,,
2012-12-18,1350.52,216.51016,,,
2012-12-19,1350.52,216.842955,,,
2012-12-20,1350.52,216.358894,,,
2012-12-21,1350.82,217.115234,,,
2012-12-24,1350.82,217.115234,,,
2012-12-26,1350.82,217.72029,,,
2012-12-27,1350.82,217.72029,,,
2012-12-28,1350.82,217.72029,,,
2012-12-31,1350.82,217.72029,211.77129032258065,74.97084545161292,
2013-01-02,1349.92,217.72029,,,
2013-01-03,1340.28,218.58219,,,
2013-01-04,1342.09,218.733444,,,
2013-01-07,1340.74,218.733444,,,
2013-01-08,1339.84,219.035945,,,
2013-01-09,1339.84,219.035945,,,
2013-01-10,1337.73,219.035945,,,
2013-01-11,1337.73,219.035945,,,
2013-01-14,1337.73,219.035945,,,
2013-01-15,1336.83,219.58042,,,
2013-01-16,1334.42,219.58042,,,
2013-01-17,1332.61,219.58042,,,
2013-01-18,1332.61,219.58042,,,
2013-01-22,1335.92,219.58042,,,
2013-01-23,1334.11,219.58042,,,
2013-01-24,1331.71,220.215602,,,
2013-01-25,1329.9,220.215602,,,
2013-01-28,1328.09,220.215602,,,
2013-01-29,1328.09,220.215602,,,
2013-01-30,1328.09,219.76192,,,
2013-01-31,1328.09,220.351704,204.00322580645164,90.24035970967739,
2013-02-01,1328.09,220.654155,,,
2013-02-04,1328.09,220.380771,,,
2013-02-05,1328.09,220.380771,,,
2013-02-06,1328.09,220.698334,,,
2013-02-07,1329.9,220.698334,,,
2013-02-08,1326.89,220.698334,,,
2013-02-11,1326.89,221.121741,,,
2013-02-12,1326.89,221.121741,,,
2013-02-13,1325.99,221.121741,,,
2013-02-14,1322.97,221.121741,,,
2013-02-15,1322.97,220.365687,,,
2013-02-19,1319.96,219.670125,,,
2013-02-20,1299.19,218.309278,,,
2013-02-21,1290.31,216.646034,,,
2013-02-22,1280.67,215.890021,,,
2013-02-25,1272.85,215.300335,,,
2013-02-26,1270.44,215.300335,,,
2013-02-27,1258.4,215.300335,,,
2013-02-28,1254.49,215.300335,145.20964285714288,82.87265164285712,
2013-03-01,1253.88,214.635075,,,
2013-03-04,1253.28,214.591706,,,
2013-03-05,1244.86,214.213728,,,
2013-03-06,1244.86,214.213728,,,
2013-03-07,1243.05,214.213728,,,
2013-03-08,1239.74,213.714807,,,
2013-03-11,1236.73,213.488026,,,
2013-03-12,1236.31,213.351961,,,
2013-03-13,1236.31,213.790392,,,
2013-03-14,1236.31,213.533382,,,
2013-03-15,1233.0,211.628502,,,
2013-03-18,1219.45,213.140302,,,
2013-03-19,1222.16,212.17277,,,
2013-03-20,1222.16,210.736598,,,
2013-03-21,1221.26,210.736598,,,
2013-03-22,1221.26,211.069181,,,
2013-03-25,1221.26,211.069181,,,
2013-03-26,1221.26,212.580879,,,
2013-03-27,1221.26,212.580879,,,
2013-03-28,1221.26,212.157612,,,
2013-03-31,,,137.82903225806453,74.79130838709678,
2013-04-01,1217.05,212.157612,,,
2013-04-02,1208.92,211.32622,,,
2013-04-03,1206.22,211.280758,,,
2013-04-04,1206.22,210.676117,,,
2013-04-05,1205.31,210.207525,,,
2013-04-08,1205.31,210.207525,,,
2013-04-09,1200.38,210.207525,,,
2013-04-10,1183.53,210.207525,,,
2013-04-11,1181.42,210.207525,,,
2013-04-12,1158.56,210.207525,,,
2013-04-15,1154.34,206.942675,,,
2013-04-16,1145.92,205.008013,,,
2013-04-17,1134.79,200.473686,,,
2013-04-18,1132.99,197.284556,,,
2013-04-19,1123.06,196.982271,,,
2013-04-22,1104.71,196.226562,,,
2013-04-23,1097.19,195.924284,,,
2013-04-24,1092.98,195.561555,,,
2013-04-25,1090.27,195.561555,,,
2013-04-26,1083.05,195.561555,,,
2013-04-29,1080.64,195.561555,,,
2013-04-30,1078.54,195.561555,89.16766666666668,93.84421520000002,
2013-05-01,1075.23,195.561555,,,
2013-05-02,1069.21,195.518353,,,
2013-05-03,1065.61,195.518353,,,
2013-05-06,1062.3,194.792938,,,
2013-05-07,1057.79,194.792938,,,
2013-05-08,1051.47,194.792938,,,
2013-05-09,1054.18,194.792938,,,
2013-05-10,1051.65,194.566255,,,
2013-05-13,1051.65,194.203566,,,
2013-05-14,1051.65,193.599096,,,
2013-05-15,1047.13,192.99463,,,
2013-05-16,1041.42,191.846156,,,
2013-05-17,1038.41,191.846156,,,
2013-05-20,1031.5,189.881693,,,
2013-05-21,1023.08,189.881693,,,
2013-05-22,1020.07,189.594588,,,
2013-05-23,1018.57,188.385725,,,
2013-05-24,1016.16,188.385725,,,
2013-05-28,1012.25,187.584865,,,
2013-05-29,1013.15,187.222222,,,
2013-05-30,1013.15,187.222222,,,
2013-05-31,1013.15,187.222222,78.37612903225808,83.3852976451613,
2013-06-03,1013.15,186.920025,,,
2013-06-04,1010.45,186.878789,,,
2013-06-05,1010.45,186.878789,,,
2013-06-06,1007.74,186.878789,,,
2013-06-07,1007.14,186.878789,,,
2013-06-10,1009.85,186.878789,,,
2013-06-11,1009.85,186.878789,,,
2013-06-12,1009.85,186.334875,,,
2013-06-13,1003.53,186.334875,,,
2013-06-14,1003.53,186.334875,,,
2013-06-17,1003.17,186.334875,,,
2013-06-18,1001.66,186.334875,,,
2013-06-19,999.56,185.549262,,,
2013-06-20,995.35,185.549262,,,
2013-06-21,989.94,183.887421,,,
2013-06-24,985.73,181.349352,,,
2013-06-25,969.5,180.548671,,,
2013-06-26,969.5,179.037962,,,
2013-06-27,969.5,179.037962,,,
2013-06-28,969.5,179.037962,,,
2013-06-30,,,81.67000000000002,82.57989666666666,
2013-07-01,968.3,179.037962,,,
2013-07-02,964.69,181.111686,,,
2013-07-03,964.69,181.111686,,,
2013-07-05,961.99,180.054253,,,
2013-07-08,946.96,180.054253,,,
2013-07-09,939.75,179.450027,,,
2013-07-10,939.07,178.996859,,,
2013-07-11,939.07,178.996859,,,
2013-07-12,939.07,178.996859,,,
2013-07-15,939.07,178.996859,,,
2013-07-16,937.57,178.996859,,,
2013-07-17,936.07,178.241616,,,
2013-07-18,935.17,178.241616,,,
2013-07-19,932.46,178.241616,,,
2013-07-22,931.26,178.241616,,,
2013-07-23,929.76,178.241616,,,
2013-07-24,929.76,178.845784,,,
2013-07-25,927.36,178.845784,,,
2013-07-26,927.36,178.845784,,,
2013-07-29,927.36,178.845784,,,
2013-07-30,927.36,178.845784,,,
2013-07-31,927.36,178.845784,93.22290322580645,77.08005551612902,
2013-08-01,921.05,178.845784,,,
2013-08-02,918.64,178.355639,,,
2013-08-05,917.14,178.355639,,,
2013-08-06,915.04,178.355639,,,
2013-08-07,910.53,177.600503,,,
2013-08-08,909.33,177.600503,,,
2013-08-09,911.13,177.600503,,,
2013-08-12,911.13,177.600503,,,
2013-08-13,911.13,177.600503,,,
2013-08-14,913.23,177.600503,,,
2013-08-15,912.92,177.600503,,,
2013-08-16,915.32,177.600503,,,
2013-08-19,912.32,177.600503,,,
2013-08-20,914.12,178.204561,,,
2013-08-21,913.52,178.204561,,,
2013-08-22,913.52,178.204561,,,
2013-08-23,920.13,178.204561,,,
2013-08-26,920.13,178.204561,,,
2013-08-27,921.03,178.204561,,,
2013-08-28,921.03,178.204561,,,
2013-08-29,921.03,178.204561,,,
2013-08-30,921.03,178.204561,,,
2013-08-31,,,92.8774193548387,88.84743187096774,
2013-09-03,919.23,178.204561,,,
2013-09-04,919.23,178.168225,,,
2013-09-05,919.23,178.168225,,,
2013-09-06,919.23,178.168225,,,
2013-09-09,917.13,178.168225,,,
2013-09-10,917.13,178.168225,,,
2013-09-11,917.13,177.564257,,,
2013-09-12,917.13,177.564257,,,
2013-09-13,911.12,177.564257,,,
2013-09-16,911.12,177.564257,,,
2013-09-17,911.12,177.564257,,,
2013-09-18,911.12,177.564257,,,
2013-09-19,912.0,177.564257,,,
2013-09-20,910.19,177.564257,,,
2013-09-23,909.59,177.564257,,,
2013-09-24,909.59,178.077584,,,
2013-09-25,909.59,178.077584,,,
2013-09-26,909.59,178.077584,,,
2013-09-27,905.99,178.077584,,,
2013-09-30,905.99,177.654864,116.71700000000001,98.07846696666664,
2013-10-01,905.99,177.654864,,,
2013-10-02,901.79,177.616559,,,
2013-10-03,899.99,176.831525,,,
2013-10-04,899.99,176.831525,,,
2013-10-07,899.99,176.831525,,,
2013-10-08,898.18,176.831525,,,
2013-10-09,898.18,176.831525,,,
2013-10-10,896.38,176.016335,,,
2013-10-11,890.98,175.412496,,,
2013-10-14,889.13,175.412496,,,
2013-10-15,889.13,175.412496,,,
2013-10-16,885.53,174.20486,,,
2013-10-17,882.23,173.148187,,,
2013-10-18,882.23,173.148187,,,
2013-10-21,871.72,172.544379,,,
2013-10-22,878.32,172.544379,,,
2013-10-23,878.32,172.544379,,,
2013-10-24,876.52,171.880212,,,
2013-10-25,872.02,171.880212,,,
2013-10-28,872.02,171.880212,,,
2013-10-29,872.02,171.880212,,,
2013-10-30,872.02,171.880212,,,
2013-10-31,872.02,171.880212,176.28096774193548,73.56673325806453,
2013-11-01,866.32,171.578335,,,
2013-11-04,866.32,171.541056,,,
2013-11-05,866.32,171.541056,,,
2013-11-06,868.42,170.997699,,,
2013-11-07,868.42,170.997699,,,
2013-11-08,868.42,172.205145,,,
2013-11-11,868.42,172.205145,,,
2013-11-12,868.42,172.205145,,,
2013-11-13,865.71,172.205145,,,
2013-11-14,865.71,172.205145,,,
2013-11-15,865.71,172.205145,,,
2013-11-18,864.51,172.205145,,,
2013-11-19,863.01,172.205145,,,
2013-11-20,860.31,172.205145,,,
2013-11-21,856.71,171.601478,,,
2013-11-22,852.21,170.303606,,,
2013-11-25,848.91,169.971595,,,
2013-11-26,848.91,169.971595,,,
2013-11-27,843.21,169.971595,,,
2013-11-29,843.21,169.971595,,,
2013-11-30,,,83.81566666666667,76.75024939999999,
2013-12-02,843.21,169.156694,,,
2013-12-03,841.41,169.120056,,,
2013-12-04,838.71,169.120056,,,
2013-12-05,838.71,168.214646,,,
2013-12-06,835.71,168.969148,,,
2013-12-09,835.71,,,,
2013-12-10,835.71,167.897771,,,
2013-12-11,833.6,167.897771,,,
2013-12-12,827.6,167.897771,,,
2013-12-13,827.6,167.897771,,,
2013-12-16,818.9,167.445094,,,
2013-12-17,816.82,166.81136,,,
2013-12-18,812.62,166.81136,,,
2013-12-19,808.72,166.81136,,,
2013-12-20,814.12,165.362859,,,
2013-12-23,805.72,,,,
2013-12-24,805.72,164.216161,,,
2013-12-26,804.22,,,,
2013-12-27,801.22,163.688087,,,
2013-12-30,798.22,163.688087,,,
2013-12-31,798.22,162.375481,90.93870967741935,70.24215016129033,
2014-01-02,794.62,162.375481,,,
2014-01-03,794.62,161.827143,,,
2014-01-06,794.62,,,,
2014-01-07,794.62,161.827143,,,
2014-01-08,793.12,161.827143,,,
2014-01-09,793.12,161.827143,,,
2014-01-10,793.12,161.827143,,,
2014-01-13,793.12,161.827143,,,
2014-01-14,789.56,161.827143,,,
2014-01-15,789.56,161.374565,,,
2014-01-16,789.56,161.374565,,,
2014-01-17,797.05,161.374565,,,
2014-01-21,797.05,,,,
2014-01-22,795.85,161.374565,,,
2014-01-23,790.46,161.374565,,,
2014-01-24,790.46,,,,
2014-01-27,790.46,161.374565,,,
2014-01-28,790.46,161.374565,,,
2014-01-29,792.56,161.374565,,,
2014-01-30,793.16,161.374565,,,
2014-01-31,793.16,161.857262,95.62741935483871,78.61989429032258,
2014-02-03,793.16,161.857262,,,
2014-02-04,797.05,161.823469,,,
2014-02-05,797.05,162.577659,,,
2014-02-06,797.05,162.577659,,,
2014-02-07,797.05,162.577659,,,
2014-02-10,797.05,163.180999,,,
2014-02-11,798.85,163.180999,,,
2014-02-12,798.85,163.633492,,,
2014-02-13,806.35,163.633492,,,
2014-02-14,801.25,163.633492,,,
2014-02-18,801.25,,,,
2014-02-19,795.61,163.633492,,,
2014-02-20,795.61,164.236785,,,
2014-02-21,798.31,164.236785,,,
2014-02-24,801.61,164.236785,,,
2014-02-25,803.7,164.236785,,,
2014-02-26,803.7,164.236785,,,
2014-02-27,803.7,164.236785,,,
2014-02-28,803.7,164.236785,83.49142857142859,70.26414689285716,
2014-03-03,803.7,164.568575,,,
2014-03-04,803.7,164.538542,,,
2014-03-05,803.7,165.141783,,,
2014-03-06,803.7,165.141783,,,
2014-03-07,805.2,165.141783,,,
2014-03-10,812.7,165.141783,,,
2014-03-11,812.7,165.141783,,,
2014-03-12,811.2,165.141783,,,
2014-03-13,813.3,165.141783,,,
2014-03-14,816.59,165.141783,,,
2014-03-17,812.78,165.141783,,,
2014-03-18,812.78,166.137044,,,
2014-03-19,812.78,166.137044,,,
2014-03-20,812.78,166.137044,,,
2014-03-21,816.97,166.137044,,,
2014-03-24,821.47,166.137044,,,
2014-03-25,818.77,166.137044,,,
2014-03-26,816.97,166.137044,,,
2014-03-27,816.97,166.137044,,,
2014-03-28,816.97,166.137044,,,
2014-03-31,813.08,165.202181,72.93064516129033,119.53876393548387,
2014-04-01,810.98,165.202181,,,
2014-04-02,810.98,165.165604,,,
2014-04-03,810.98,164.411708,,,
2014-04-04,809.18,164.411708,,,
2014-04-07,809.18,164.411708,,,
2014-04-08,806.48,164.411708,,,
2014-04-09,806.48,164.411708,,,
2014-04-10,806.22,164.411708,,,
2014-04-11,804.42,164.411708,,,
2014-04-14,806.22,164.411708,,,
2014-04-15,806.82,164.411708,,,
2014-04-16,798.43,164.411708,,,
2014-04-17,795.14,164.411708,,,
2014-04-21,792.14,164.411708,,,
2014-04-22,792.14,164.411708,,,
2014-04-23,792.14,164.411708,,,
2014-04-24,792.14,164.411708,,,
2014-04-25,792.14,164.411708,,,
2014-04-28,792.14,164.411708,,,
2014-04-29,792.14,164.411708,,,
2014-04-30,787.94,164.411708,63.76,92.7823445666667,
2014-05-01,785.55,164.049908,,,
2014-05-02,782.85,164.015534,,,
2014-05-05,782.85,164.015534,,,
2014-05-06,782.85,164.015534,,,
2014-05-07,782.85,164.015534,,,
2014-05-08,782.85,164.015534,,,
2014-05-09,782.85,164.015534,,,
2014-05-12,780.46,164.015534,,,
2014-05-13,780.46,164.015534,,,
2014-05-14,780.46,164.015534,,,
2014-05-15,782.25,164.015534,,,
2014-05-16,781.98,164.015534,,,
2014-05-19,781.98,164.015534,,,
2014-05-20,780.19,164.015534,,,
2014-05-21,776.89,164.015534,,,
2014-05-22,776.89,164.015534,,,
2014-05-23,776.89,164.015534,,,
2014-05-27,785.28,164.015534,,,
2014-05-28,785.28,164.015534,,,
2014-05-29,785.28,163.412654,,,
2014-05-30,785.28,163.412654,,,
2014-05-31,,,68.40258064516128,83.18502377419355,
2014-06-02,785.28,163.412654,,,
2014-06-03,787.08,163.412654,,,
2014-06-04,787.08,162.508375,,,
2014-06-05,787.08,162.472368,,,
2014-06-06,787.08,162.472368,,,
2014-06-09,787.08,162.472368,,,
2014-06-10,787.08,162.472368,,,
2014-06-11,787.08,162.472368,,,
2014-06-12,787.08,162.472368,,,
2014-06-13,787.08,163.195748,,,
2014-06-16,782.88,163.195748,,,
2014-06-17,782.62,163.195748,,,
2014-06-18,782.62,163.195748,,,
2014-06-19,782.62,163.195748,,,
2014-06-20,782.62,163.195748,,,
2014-06-23,785.02,163.195748,,,
2014-06-24,785.02,163.195748,,,
2014-06-25,785.02,163.617688,,,
2014-06-26,785.02,163.617688,,,
2014-06-27,785.02,163.617688,,,
2014-06-30,790.7,164.762904,68.896,98.17381826666666,
2014-07-01,796.39,164.762904,,,
2014-07-02,796.39,164.278583,,,
2014-07-03,796.39,164.278583,,,
2014-07-07,798.19,164.278583,,,
2014-07-08,800.28,164.278583,,,
2014-07-09,800.28,164.278583,,,
2014-07-10,800.05,164.278583,,,
2014-07-11,800.05,164.278583,,,
2014-07-14,808.73,165.062095,,,
2014-07-15,808.73,165.062095,,,
2014-07-16,806.03,165.062095,,,
2014-07-17,803.34,165.062095,,,
2014-07-18,805.14,165.062095,,,
2014-07-21,803.34,165.062095,,,
2014-07-22,804.84,165.062095,,,
2014-07-23,805.44,165.062095,,,
2014-07-24,801.84,165.062095,,,
2014-07-25,801.84,165.664742,,,
2014-07-28,801.84,165.664742,,,
2014-07-29,801.84,165.664742,,,
2014-07-30,801.84,165.664742,,,
2014-07-31,801.84,165.664742,72.39387096774193,136.12800661290322,
2014-08-01,801.84,165.96605,,,
2014-08-04,800.05,165.930473,,,
2014-08-05,800.05,165.930473,,,
2014-08-06,797.65,165.930473,,,
2014-08-07,797.65,165.930473,,,
2014-08-08,795.86,165.930473,,,
2014-08-11,795.86,165.930473,,,
2014-08-12,795.86,165.930473,,,
2014-08-13,795.6,165.930473,,,
2014-08-14,795.6,165.930473,,,
2014-08-15,795.6,165.930473,,,
2014-08-18,797.69,165.930473,,,
2014-08-19,799.19,166.412506,,,
2014-08-20,800.08,166.412506,,,
2014-08-21,800.08,166.412506,,,
2014-08-22,800.08,166.412506,,,
2014-08-25,797.09,165.960613,,,
2014-08-26,795.6,165.960613,,,
2014-08-27,795.6,165.448481,,,
2014-08-28,795.6,165.448481,,,
2014-08-29,795.0,165.448481,,,
2014-08-31,,,53.53774193548386,132.44592409677423,
2014-09-02,793.2,165.267732,,,
2014-09-03,790.51,165.231746,,,
2014-09-04,785.72,165.231746,,,
2014-09-05,785.72,165.231746,,,
2014-09-08,785.72,165.231746,,,
2014-09-09,785.72,165.231746,,,
2014-09-10,788.72,165.231746,,,
2014-09-11,788.4,165.231746,,,
2014-09-12,788.4,164.719672,,,
2014-09-15,788.4,164.719673,,,
2014-09-16,784.22,164.719673,,,
2014-09-17,784.22,164.719673,,,
2014-09-18,784.22,164.719673,,,
2014-09-19,776.44,164.719673,,,
2014-09-22,774.65,164.719673,,,
2014-09-23,773.45,164.719673,,,
2014-09-24,773.45,164.177523,,,
2014-09-25,773.45,164.177523,,,
2014-09-26,772.25,163.545024,,,
2014-09-29,772.25,163.545024,,,
2014-09-30,769.86,162.430658,57.96766666666666,130.56609946666669,
2014-10-01,768.66,162.430658,,,
2014-10-02,767.47,162.396168,,,
2014-10-03,767.47,162.396168,,,
2014-10-06,767.47,162.396168,,,
2014-10-07,767.47,161.673366,,,
2014-10-08,762.08,161.673366,,,
2014-10-09,762.08,161.071039,,,
2014-10-10,759.44,161.071039,,,
2014-10-13,761.23,161.071039,,,
2014-10-14,761.23,161.402307,,,
2014-10-15,759.14,161.402307,,,
2014-10-16,760.93,161.402307,,,
2014-10-17,760.93,161.402307,,,
2014-10-20,751.96,161.402307,,,
2014-10-21,751.96,161.402307,,,
2014-10-22,749.87,161.402307,,,
2014-10-23,749.87,161.914237,,,
2014-10-24,745.39,162.21537,,,
2014-10-27,745.39,161.688391,,,
2014-10-28,743.59,161.688391,,,
2014-10-29,742.4,161.327044,,,
2014-10-30,741.2,161.327044,,,
2014-10-31,741.2,161.327044,66.28516129032259,80.79179338709676,
2014-11-03,741.21,160.815153,,,
2014-11-04,738.82,160.417855,,,
2014-11-05,735.82,160.417855,,,
2014-11-06,732.83,160.417855,,,
2014-11-07,727.15,160.417855,,,
2014-11-10,725.36,160.417855,,,
2014-11-11,724.46,160.417855,,,
2014-11-12,722.67,160.417855,,,
2014-11-13,720.62,160.417855,,,
2014-11-14,720.62,160.116769,,,
2014-11-17,723.01,160.116769,,,
2014-11-18,723.01,160.417847,,,
2014-11-19,720.91,160.417847,,,
2014-11-20,720.91,160.417847,,,
2014-11-21,720.91,160.417847,,,
2014-11-24,720.91,159.996348,,,
2014-11-25,720.91,159.996348,,,
2014-11-26,718.82,161.200598,,,
2014-11-28,717.63,161.802719,,,
2014-11-30,,,58.17799999999998,84.14203810000001,
2014-12-01,717.63,161.802719,,,
2014-12-02,720.02,161.77024,,,
2014-12-03,720.02,162.793803,,,
2014-12-04,720.02,162.793803,,,
2014-12-05,720.91,162.793803,,,
2014-12-08,719.12,162.372345,,,
2014-12-09,721.81,162.372345,,,
2014-12-10,724.8,162.372345,,,
2014-12-11,725.75,162.101416,,,
2014-12-12,725.75,161.740181,,,
2014-12-15,723.36,161.439153,,,
2014-12-16,721.56,161.439153,,,
2014-12-17,721.56,161.439153,,,
2014-12-18,721.56,161.01773,,,
2014-12-19,724.55,161.01773,,,
2014-12-22,724.55,161.348844,,,
2014-12-23,712.9,161.348844,,,
2014-12-24,712.9,161.950851,,,
2014-12-26,712.3,161.950851,,,
2014-12-29,712.3,161.725103,,,
2014-12-30,710.81,161.725103,,,
2014-12-31,709.02,161.725103,66.24161290322581,85.45243658064514,
2015-01-02,709.02,161.183324,,,
2015-01-05,710.81,161.148207,,,
2015-01-06,707.82,159.899155,,,
2015-01-07,704.83,162.291903,,,
2015-01-08,704.83,162.291903,,,
2015-01-09,707.82,162.291903,,,
2015-01-12,707.82,162.622969,,,
2015-01-13,707.82,162.622969,,,
2015-01-14,707.59,163.044313,,,
2015-01-15,717.15,163.616134,,,
2015-01-16,730.89,163.616134,,,
2015-01-20,742.24,165.421867,,,
2015-01-21,740.45,167.618782,,,
2015-01-22,740.45,166.986796,,,
2015-01-23,741.65,167.543542,,,
2015-01-26,743.44,167.543542,,,
2015-01-27,752.7,167.543542,,,
2015-01-28,752.7,167.543542,,,
2015-01-29,758.37,167.543542,,,
2015-01-30,758.37,167.543542,,,
2015-01-31,,,80.64967741935483,108.33973258064518,
2015-02-02,766.73,167.543542,,,
2015-02-03,764.94,167.509436,,,
2015-02-04,767.93,167.750171,,,
2015-02-05,773.31,167.750171,,,
2015-02-06,773.31,167.750171,,,
2015-02-09,773.31,167.750171,,,
2015-02-10,773.31,167.750171,,,
2015-02-11,773.31,167.750171,,,
2015-02-12,771.51,167.028008,,,
2015-02-13,768.26,167.028008,,,
2015-02-17,768.26,167.028008,,,
2015-02-18,767.96,167.028008,,,
2015-02-19,769.46,167.028008,,,
2015-02-20,771.25,167.930659,,,
2015-02-23,771.25,166.877572,,,
2015-02-24,771.25,166.877572,,,
2015-02-25,771.25,166.426263,,,
2015-02-26,771.25,166.426263,,,
2015-02-27,771.25,166.426263,,,
2015-02-28,,,68.65714285714286,112.5079531785714,
2015-03-02,763.49,165.974962,,,
2015-03-03,760.8,165.94242,,,
2015-03-04,760.8,165.461045,,,
2015-03-05,760.8,165.461045,,,
2015-03-06,756.32,165.461045,,,
2015-03-09,753.04,164.85934,,,
2015-03-10,753.04,164.85934,,,
2015-03-11,753.04,164.016974,,,
2015-03-12,750.95,164.016974,,,
2015-03-13,750.67,164.016974,,,
2015-03-16,750.67,164.016974,,,
2015-03-17,747.98,164.016974,,,
2015-03-18,749.77,164.016974,,,
2015-03-19,749.77,164.708877,,,
2015-03-20,744.4,164.708877,,,
2015-03-23,744.4,164.708877,,,
2015-03-24,744.4,164.708877,,,
2015-03-25,743.21,164.708877,,,
2015-03-26,737.24,164.708877,,,
2015-03-27,737.24,164.708877,,,
2015-03-30,737.24,164.708877,,,
2015-03-31,737.24,164.919439,62.27483870967742,103.47884835483869,
2015-04-01,737.24,164.919439,,,
2015-04-02,737.24,164.884932,,,
2015-04-06,735.45,164.884932,,,
2015-04-07,733.06,165.27596,,,
2015-04-08,733.06,165.27596,,,
2015-04-09,736.04,165.27596,,,
2015-04-10,734.29,165.27596,,,
2015-04-13,734.29,165.27596,,,
2015-04-14,736.08,165.27596,,,
2015-04-15,736.08,165.27596,,,
2015-04-16,736.08,165.27596,,,
2015-04-17,739.06,165.27596,,,
2015-04-20,739.06,165.27596,,,
2015-04-21,742.35,165.576721,,,
2015-04-22,742.35,165.576721,,,
2015-04-23,742.35,165.576721,,,
2015-04-24,742.35,165.576721,,,
2015-04-27,739.06,165.576721,,,
2015-04-28,739.06,165.576721,,,
2015-04-29,739.06,165.576721,,,
2015-04-30,739.36,,66.03,99.56071893333335,
2015-05-01,741.75,,,,
2015-05-04,741.75,,,,
2015-05-05,741.75,,,,
2015-05-06,741.75,166.14358,,,
2015-05-07,739.07,166.14358,,,
2015-05-08,728.32,166.14358,,,
2015-05-11,728.32,166.14358,,,
2015-05-12,728.32,166.14358,,,
2015-05-13,728.32,166.14358,,,
2015-05-14,723.91,166.14358,,,
2015-05-15,723.91,166.14358,,,
2015-05-18,718.24,166.14358,,,
2015-05-19,718.24,166.14358,,,
2015-05-20,715.26,166.14358,,,
2015-05-21,715.26,166.594628,,,
2015-05-22,715.26,166.594628,,,
2015-05-26,715.86,166.594628,,,
2015-05-27,715.86,166.594628,,,
2015-05-28,715.86,166.594628,,,
2015-05-29,715.86,166.594628,,,
2015-05-31,,,62.85967741935483,74.4100867419355,
2015-06-01,714.07,166.594628,,,
2015-06-02,709.89,166.709773,,,
2015-06-03,709.89,166.709773,,,
2015-06-04,709.89,166.709773,,,
2015-06-05,708.7,167.010441,,,
2015-06-08,708.7,167.010441,,,
2015-06-09,705.72,167.010441,,,
2015-06-10,704.22,167.010441,,,
2015-06-11,704.22,167.010441,,,
2015-06-12,703.98,167.010441,,,
2015-06-15,701.9,167.010441,,,
2015-06-16,701.9,167.010441,,,
2015-06-17,701.9,167.010441,,,
2015-06-18,701.9,167.311081,,,
2015-06-19,701.9,167.792104,,,
2015-06-22,705.48,167.792104,,,
2015-06-23,705.48,167.792104,,,
2015-06-24,706.37,167.792104,,,
2015-06-25,713.23,167.792104,,,
2015-06-26,711.44,167.792104,,,
2015-06-29,711.44,167.792104,,,
2015-06-30,711.44,167.792104,67.02600000000001,85.28621270000004,
2015-07-01,711.44,167.792104,,,
2015-07-02,709.65,167.3966,,,
2015-07-06,709.65,167.3966,,,
2015-07-07,709.65,167.3966,,,
2015-07-08,709.37,167.3966,,,
2015-07-09,707.58,167.3966,,,
2015-07-10,707.58,167.757314,,,
2015-07-13,709.07,167.757314,,,
2015-07-14,709.07,167.757314,,,
2015-07-15,709.07,167.757314,,,
2015-07-16,707.88,167.757314,,,
2015-07-17,696.25,167.757314,,,
2015-07-20,694.46,167.757314,,,
2015-07-21,689.69,167.757314,,,
2015-07-22,687.31,167.276404,,,
2015-07-23,684.63,164.240694,,,
2015-07-24,680.15,163.849961,,,
2015-07-27,680.15,163.849961,,,
2015-07-28,680.15,163.549405,,,
2015-07-29,680.15,163.549405,,,
2015-07-30,680.15,162.918248,,,
2015-07-31,672.7,162.918248,74.31193548387095,106.23084825806451,
2015-08-03,672.7,162.918248,,,
2015-08-04,670.62,162.580979,,,
2015-08-05,667.93,162.580979,,,
2015-08-06,667.93,161.829637,,,
2015-08-07,667.69,161.829637,,,
2015-08-10,667.69,161.378838,,,
2015-08-11,667.69,161.378838,,,
2015-08-12,671.87,161.018208,,,
2015-08-13,671.87,161.018208,,,
2015-08-14,671.87,161.018208,,,
2015-08-17,671.87,161.018208,,,
2015-08-18,671.87,161.018208,,,
2015-08-19,671.87,161.018208,,,
2015-08-20,675.44,161.018208,,,
2015-08-21,677.83,161.619223,,,
2015-08-24,681.1,162.069981,,,
2015-08-25,681.1,162.069981,,,
2015-08-26,681.1,162.069981,,,
2015-08-27,682.59,162.069981,,,
2015-08-28,682.59,162.069981,,,
2015-08-31,682.59,161.168509,76.01096774193549,80.77308183870967,
2015-09-01,682.59,161.168509,,,
2015-09-02,682.59,161.134901,,,
2015-09-03,682.59,161.134901,,,
2015-09-04,682.35,160.774327,,,
2015-09-08,682.35,160.35366,,,
2015-09-09,678.18,160.35366,,,
2015-09-10,678.18,160.35366,,,
2015-09-11,678.18,159.902965,,,
2015-09-14,678.18,159.902965,,,
2015-09-15,678.18,159.902965,,,
2015-09-16,678.18,159.902965,,,
2015-09-17,678.18,159.302062,,,
2015-09-18,678.18,159.302062,,,
2015-09-21,674.61,159.302062,,,
2015-09-22,675.8,159.302062,,,
2015-09-23,676.4,159.302062,,,
2015-09-24,680.27,159.812806,,,
2015-09-25,684.14,160.293504,,,
2015-09-28,684.14,160.293504,,,
2015-09-29,684.14,160.293504,,,
2015-09-30,687.42,160.654015,87.06199999999997,96.2667048,
2015-10-01,689.2,160.654015,,,
2015-10-02,689.2,160.620908,,,
2015-10-05,688.98,160.620908,,,
2015-10-06,688.98,160.620908,,,
2015-10-07,687.2,160.620908,,,
2015-10-08,687.2,160.620908,,,
2015-10-09,687.2,160.620908,,,
2015-10-12,687.2,160.620908,,,
2015-10-13,687.2,161.747403,,,
2015-10-14,694.94,161.747403,,,
2015-10-15,700.0,161.747403,,,
2015-10-16,693.75,161.747403,,,
2015-10-19,697.32,162.828809,,,
2015-10-20,697.32,162.828809,,,
2015-10-21,697.32,162.828809,,,
2015-10-22,697.32,162.828809,,,
2015-10-23,695.54,162.828809,,,
2015-10-26,695.54,162.828809,,,
2015-10-27,695.54,161.987775,,,
2015-10-28,694.34,161.987775,,,
2015-10-29,694.34,161.987775,,,
2015-10-30,692.26,161.326977,,,
2015-10-31,,,65.75161290322579,86.38631567741938,
2015-11-02,689.28,160.996581,,,
2015-11-03,686.3,160.300785,,,
2015-11-04,680.11,160.300785,,,
2015-11-05,671.77,160.300785,,,
2015-11-06,669.09,160.300785,,,
2015-11-09,666.11,160.300785,,,
2015-11-10,663.43,160.300785,,,
2015-11-11,663.43,159.850281,,,
2015-11-12,661.94,159.850281,,,
2015-11-13,661.94,160.390878,,,
2015-11-16,661.94,162.49319,,,
2015-11-17,661.94,163.244,,,
2015-11-18,661.94,163.244,,,
2015-11-19,661.94,160.721315,,,
2015-11-20,660.75,160.270838,,,
2015-11-23,655.69,160.270838,,,
2015-11-24,655.69,160.270838,,,
2015-11-25,655.69,159.52007,,,
2015-11-27,654.8,159.52007,,,
2015-11-30,654.8,158.649199,55.510666666666665,146.2837246666667,
2015-12-01,654.8,158.003567,,,
2015-12-02,639.02,157.96989,,,
2015-12-03,638.8,157.069019,,,
2015-12-04,638.8,157.069019,,,
2015-12-07,634.63,157.069019,,,
2015-12-08,634.63,157.069019,,,
2015-12-09,634.63,157.069019,,,
2015-12-10,634.63,157.069019,,,
2015-12-11,634.63,156.318335,,,
2015-12-14,634.63,156.318335,,,
2015-12-15,634.63,155.867936,,,
2015-12-16,634.63,155.867936,,,
2015-12-17,630.17,155.867936,,,
2015-12-18,648.91,155.867936,,,
2015-12-21,645.94,154.321611,,,
2015-12-22,645.94,154.321611,,,
2015-12-23,645.94,154.321611,,,
2015-12-24,644.75,153.721117,,,
2015-12-28,643.56,153.721117,,,
2015-12-29,643.56,153.210714,,,
2015-12-30,643.56,153.210714,,,
2015-12-31,642.37,152.580229,71.08064516129032,140.49793341935484,
2016-01-04,642.37,152.580229,,,
2016-01-05,642.37,152.547551,,,
2016-01-06,640.97,152.547551,,,
2016-01-07,645.13,156.420382,,,
2016-01-08,649.59,160.173102,,,
2016-01-11,651.68,160.173102,,,
2016-01-12,651.68,160.713479,,,
2016-01-13,654.06,160.713479,,,
2016-01-14,654.06,161.163787,,,
2016-01-15,657.92,161.463989,,,
2016-01-19,657.92,161.463989,,,
2016-01-20,660.3,161.463989,,,
2016-01-21,662.09,161.824218,,,
2016-01-22,664.17,161.824218,,,
2016-01-25,664.17,161.824218,,,
2016-01-26,669.23,165.126208,,,
2016-01-27,669.23,165.846638,,,
2016-01-28,669.23,166.446992,,,
2016-01-29,669.23,166.446992,,,
2016-01-31,,,80.38064516129036,115.96384012903228,
2016-02-01,681.43,166.446992,,,
2016-02-02,685.59,166.864378,,,
2016-02-03,690.05,170.55642,,,
2016-02-04,693.62,171.471918,,,
2016-02-05,698.46,173.032758,,,
2016-02-08,703.52,173.783158,,,
2016-02-09,702.03,173.783158,,,
2016-02-10,702.03,174.833691,,,
2016-02-11,716.01,174.833691,,,
2016-02-12,710.95,179.185854,,,
2016-02-16,710.95,179.185854,,,
2016-02-17,710.95,180.386406,,,
2016-02-18,713.63,181.496909,,,
2016-02-19,732.96,184.498245,,,
2016-02-22,752.29,187.499569,,,
2016-02-23,752.29,187.499569,,,
2016-02-24,760.32,188.24988,,,
2016-02-25,760.32,188.24988,,,
2016-02-26,762.4,188.519988,,,
2016-02-29,777.27,189.420343,78.93103448275862,101.2229757586207,
2016-03-01,786.2,189.870511,,,
2016-03-02,788.57,190.1362,,,
2016-03-03,793.33,190.766427,,,
2016-03-04,793.12,191.066534,,,
2016-03-07,793.12,191.066534,,,
2016-03-08,790.74,191.516681,,,
2016-03-09,792.82,191.516681,,,
2016-03-10,798.77,191.516681,,,
2016-03-11,798.77,191.966819,,,
2016-03-14,790.14,191.966819,,,
2016-03-15,792.23,191.516694,,,
2016-03-16,795.2,191.516694,,,
2016-03-17,807.09,191.516694,,,
2016-03-18,818.98,192.717004,,,
2016-03-21,821.66,192.717004,,,
2016-03-22,821.66,192.717004,,,
2016-03-23,821.66,193.017072,,,
2016-03-24,823.74,193.017072,,,
2016-03-28,823.74,193.017072,,,
2016-03-29,820.47,185.875786,,,
2016-03-30,819.28,185.875786,,,
2016-03-31,819.28,186.325859,63.63000000000001,105.28732664516127,
2016-04-01,818.09,186.325859,,,
2016-04-04,815.72,187.244376,,,
2016-04-05,815.43,186.959338,,,
2016-04-06,819.6,186.959338,,,
2016-04-07,819.6,187.259373,,,
2016-04-08,817.81,187.259373,,,
2016-04-11,817.81,187.739423,,,
2016-04-12,815.14,188.039447,,,
2016-04-13,810.08,188.039447,,,
2016-04-14,806.82,188.039447,,,
2016-04-15,812.46,188.039447,,,
2016-04-18,812.46,188.039447,,,
2016-04-19,805.03,187.559431,,,
2016-04-20,805.03,187.559431,,,
2016-04-21,805.03,187.559431,,,
2016-04-22,805.03,187.559431,,,
2016-04-25,802.65,187.559431,,,
2016-04-26,802.65,187.559431,,,
2016-04-27,802.65,187.559431,,,
2016-04-28,804.14,187.559431,,,
2016-04-29,804.14,187.859421,,,
2016-04-30,,,52.435666666666656,83.62793003333333,
2016-05-02,824.94,188.309406,,,
2016-05-03,824.94,191.309243,,,
2016-05-04,825.54,194.782265,,,
2016-05-05,829.44,195.382225,,,
2016-05-06,834.19,196.432148,,,
2016-05-09,836.87,197.182089,,,
2016-05-10,839.25,197.782027,,,
2016-05-11,841.92,197.782027,,,
2016-05-12,845.19,197.782027,,,
2016-05-13,851.13,198.381955,,,
2016-05-16,851.13,198.381955,,,
2016-05-17,855.89,198.381955,,,
2016-05-18,855.89,198.981861,,,
2016-05-19,860.34,199.431789,,,
2016-05-20,869.26,199.431789,,,
2016-05-23,872.52,199.431789,,,
2016-05-24,868.66,199.431789,,,
2016-05-25,868.66,198.891901,,,
2016-05-26,868.66,198.891901,,,
2016-05-27,868.66,198.292034,,,
2016-05-31,868.66,197.542207,55.181612903225805,84.68827348387099,
2016-06-01,870.74,197.842129,,,
2016-06-02,875.2,197.798842,,,
2016-06-03,881.44,196.899087,,,
2016-06-06,881.15,196.899087,,,
2016-06-07,881.15,196.899087,,,
2016-06-08,881.15,196.899087,,,
2016-06-09,887.38,196.899087,,,
2016-06-10,893.92,196.899087,,,
2016-06-13,896.29,196.899087,,,
2016-06-14,898.67,196.899087,,,
2016-06-15,900.75,197.648824,,,
2016-06-16,902.53,198.398555,,,
2016-06-17,907.88,200.407825,,,
2016-06-20,908.77,201.457434,,,
2016-06-21,912.33,201.907258,,,
2016-06-22,915.9,201.907258,,,
2016-06-23,915.9,201.907258,,,
2016-06-24,934.31,201.907258,,,
2016-06-27,947.38,202.357071,,,
2016-06-28,947.38,203.406613,,,
2016-06-29,950.05,203.70648,,,
2016-06-30,950.05,208.174444,133.64800000000002,88.54716020000001,
2016-07-01,953.91,208.174444,,,
2016-07-05,982.72,211.434121,,,
2016-07-06,982.44,213.188269,,,
2016-07-07,978.29,213.188269,,,
2016-07-08,981.26,214.087819,,,
2016-07-11,981.26,214.087819,,,
2016-07-12,965.22,214.537582,,,
2016-07-13,965.22,214.897389,,,
2016-07-14,962.85,214.897389,,,
2016-07-15,962.85,216.336597,,,
2016-07-18,965.22,216.336597,,,
2016-07-19,965.22,216.936251,,,
2016-07-20,965.22,216.936251,,,
2016-07-21,963.14,217.535896,,,
2016-07-22,963.14,217.535896,,,
2016-07-25,958.69,217.985624,,,
2016-07-26,954.23,217.985624,,,
2016-07-27,954.23,217.985624,,,
2016-07-28,954.23,218.585242,,,
2016-07-29,958.09,219.184856,,,
2016-07-31,,,94.67,112.01366122580647,
2016-08-01,964.03,219.694525,,,
2016-08-02,969.97,219.649501,,,
2016-08-03,969.65,219.649501,,,
2016-08-04,973.21,220.398989,,,
2016-08-05,980.34,220.398989,,,
2016-08-08,973.81,220.398989,,,
2016-08-09,972.62,221.238386,,,
2016-08-10,972.62,221.837952,,,
2016-08-11,972.32,222.287623,,,
2016-08-12,960.45,222.887181,,,
2016-08-15,960.45,222.887181,,,
2016-08-16,962.23,223.846446,,,
2016-08-17,957.78,223.846446,,,
2016-08-18,955.99,223.846446,,,
2016-08-19,955.99,223.846446,,,
2016-08-22,958.37,223.846446,,,
2016-08-23,958.37,223.846446,,,
2016-08-24,958.37,224.595832,,,
2016-08-25,956.59,224.895584,,,
2016-08-26,956.59,224.895584,,,
2016-08-29,956.59,225.435129,,,
2016-08-30,955.4,225.435129,,,
2016-08-31,943.23,225.435129,71.41258064516128,98.61115222580646,
2016-09-01,937.89,225.435129,,,
2016-09-02,937.89,225.386853,,,
2016-09-06,952.14,225.386853,,,
2016-09-07,951.81,225.386853,,,
2016-09-08,950.62,225.386853,,,
2016-09-09,939.94,225.386853,,,
2016-09-12,939.94,225.386853,,,
2016-09-13,935.49,225.836421,,,
2016-09-14,935.49,225.836421,,,
2016-09-15,932.22,225.836421,,,
2016-09-16,942.61,225.836421,,,
2016-09-19,942.61,223.513721,,,
2016-09-20,938.75,223.513721,,,
2016-09-21,944.39,223.513721,,,
2016-09-22,950.92,223.813415,,,
2016-09-23,951.22,224.412799,,,
2016-09-26,951.22,226.285862,,,
2016-09-27,949.14,226.675451,,,
2016-09-28,949.14,226.675451,,,
2016-09-29,949.14,226.675451,,,
2016-09-30,947.95,226.675451,50.28933333333334,103.71691956666668,
2016-10-03,947.95,226.675451,,,
2016-10-04,947.95,227.228196,,,
2016-10-05,947.63,227.228196,,,
2016-10-06,947.63,227.228196,,,
2016-10-07,958.9,227.228196,,,
2016-10-10,958.9,227.228196,,,
2016-10-11,958.9,227.228196,,,
2016-10-12,958.9,227.228196,,,
2016-10-13,961.57,227.228196,,,
2016-10-14,965.43,227.557808,,,
2016-10-17,967.21,227.557808,,,
2016-10-18,967.21,227.557808,,,
2016-10-19,967.21,227.557808,,,
2016-10-20,970.17,228.157079,,,
2016-10-21,953.56,228.157079,,,
2016-10-24,953.56,228.157079,,,
2016-10-25,956.83,228.157079,,,
2016-10-26,942.59,228.606514,,,
2016-10-27,942.59,230.554051,,,
2016-10-28,942.59,230.554051,,,
2016-10-31,942.59,231.033439,69.44645161290323,86.1662782903226,
2016-11-01,945.26,231.632661,,,
2016-11-02,945.26,231.585081,,,
2016-11-03,949.69,230.985865,,,
2016-11-04,949.69,230.985865,,,
2016-11-07,949.69,230.985865,,,
2016-11-08,949.69,230.985865,,,
2016-11-09,955.03,227.98991,,,
2016-11-10,941.68,224.978994,,,
2016-11-11,934.56,218.777456,,,
2016-11-14,928.93,212.66586,,,
2016-11-15,927.45,211.018163,,,
2016-11-16,926.26,210.119423,,,
2016-11-17,920.63,208.921113,,,
2016-11-18,915.29,207.722811,,,
2016-11-21,908.76,206.374731,,,
2016-11-22,904.91,205.775598,,,
2016-11-23,891.57,205.236381,,,
2016-11-25,885.04,203.289232,,,
2016-11-28,885.04,202.839896,,,
2016-11-29,885.04,202.839896,,,
2016-11-30,883.86,202.390571,125.67233333333334,83.57939576666668,
2016-12-01,870.22,200.683153,,,
2016-12-02,870.22,199.287839,,,
2016-12-05,869.9,199.287839,,,
2016-12-06,869.9,198.688768,,,
2016-12-07,863.67,198.688768,,,
2016-12-08,860.71,198.059752,,,
2016-12-09,857.45,198.059752,,,
2016-12-12,856.26,197.460698,,,
2016-12-13,856.26,196.951512,,,
2016-12-14,849.44,196.352474,,,
2016-12-15,842.33,196.352474,,,
2016-12-16,836.99,195.603689,,,
2016-12-19,828.1,195.603689,,,
2016-12-20,828.1,195.603689,,,
2016-12-21,824.54,195.603689,,,
2016-12-22,824.54,195.603689,,,
2016-12-23,824.54,195.603689,,,
2016-12-27,823.36,195.603689,,,
2016-12-28,823.36,195.603689,,,
2016-12-29,823.36,196.202665,,,
2016-12-30,822.17,196.202665,,,
2016-12-31,,,123.92709677419354,101.61987722580645,
2017-01-03,813.87,196.202665,,,
2017-01-04,813.87,196.61016,,,
2017-01-05,813.59,197.403767,,,
2017-01-06,813.59,198.302184,,,
2017-01-09,805.0,198.302184,,,
2017-01-10,805.0,198.302184,,,
2017-01-11,805.0,198.302184,,,
2017-01-12,805.0,198.302184,,,
2017-01-13,807.96,198.302184,,,
2017-01-17,807.96,198.302184,,,
2017-01-18,807.96,198.751357,,,
2017-01-19,807.96,198.751357,,,
2017-01-20,809.15,198.751357,,,
2017-01-23,807.07,198.751357,,,
2017-01-24,804.11,198.751357,,,
2017-01-25,799.07,198.751357,,,
2017-01-26,799.07,198.751357,,,
2017-01-27,799.07,198.302213,,,
2017-01-30,799.07,198.901067,,,
2017-01-31,799.07,200.098752,144.1354838709678,104.88912435483873,
2017-02-01,809.74,200.398172,,,
2017-02-02,811.22,199.907565,,,
2017-02-03,814.5,199.907565,,,
2017-02-06,818.65,199.907565,,,
2017-02-07,826.95,200.296795,,,
2017-02-08,832.58,200.296795,,,
2017-02-09,832.58,200.895601,,,
2017-02-10,836.72,200.895601,,,
2017-02-13,840.87,201.284821,,,
2017-02-14,840.87,201.284821,,,
2017-02-15,843.54,202.033298,,,
2017-02-16,843.54,202.033298,,,
2017-02-17,841.17,201.374646,,,
2017-02-21,841.17,201.374646,,,
2017-02-22,841.17,201.823711,,,
2017-02-23,841.17,201.823711,,,
2017-02-24,841.17,201.823711,,,
2017-02-27,841.17,201.823711,,,
2017-02-28,841.17,202.242823,119.4275,113.19088410714282,
2017-03-01,843.54,202.242823,,,
2017-03-02,845.32,202.653541,,,
2017-03-03,840.58,197.908708,,,
2017-03-06,836.77,197.519545,,,
2017-03-07,836.77,197.519545,,,
2017-03-08,836.77,197.519545,,,
2017-03-09,834.1,197.220199,,,
2017-03-10,825.22,196.920855,,,
2017-03-13,832.03,196.920855,,,
2017-03-14,834.99,197.220191,,,
2017-03-15,839.43,197.220191,,,
2017-03-16,837.06,197.818853,,,
2017-03-17,834.1,197.818853,,,
2017-03-20,830.25,197.818853,,,
2017-03-21,834.4,197.818853,,,
2017-03-22,834.4,198.417493,,,
2017-03-23,834.4,198.716812,,,
2017-03-24,832.62,198.716812,,,
2017-03-27,835.28,198.716812,,,
2017-03-28,833.51,198.956259,,,
2017-03-29,833.51,198.956259,,,
2017-03-30,832.32,198.956259,,,
2017-03-31,832.32,199.854162,112.85290322580646,98.49747654838713,
2017-04-03,836.77,199.854162,,,
2017-04-04,836.77,199.854162,,,
2017-04-05,836.77,199.812624,,,
2017-04-06,836.77,200.261559,,,
2017-04-07,836.49,,,,
2017-04-10,838.26,200.620704,,,
2017-04-11,842.41,201.668182,,,
2017-04-12,842.41,201.668182,,,
2017-04-13,848.92,202.865285,,,
2017-04-17,848.92,202.865285,,,
2017-04-18,848.92,203.463817,,,
2017-04-19,860.76,204.361607,,,
2017-04-20,854.25,204.361607,,,
2017-04-21,858.69,204.361607,,,
2017-04-24,860.17,204.361607,,,
2017-04-25,854.25,204.361607,,,
2017-04-26,854.25,204.361607,,,
2017-04-27,853.36,204.361607,,,
2017-04-28,853.36,204.361607,,,
2017-04-30,,,101.35633333333334,115.10228833333332,
2017-05-01,853.36,203.82297,,,
2017-05-02,853.36,203.82297,,,
2017-05-03,853.36,204.229852,,,
2017-05-04,853.08,203.032925,,,
2017-05-05,853.08,201.686392,,,
2017-05-08,851.89,201.686392,,,
2017-05-09,851.89,201.686392,,,
2017-05-10,851.89,201.686392,,,
2017-05-11,851.89,201.686392,,,
2017-05-12,851.89,201.686392,,,
2017-05-15,851.89,201.686392,,,
2017-05-16,851.89,202.284806,,,
2017-05-17,851.89,202.284806,,,
2017-05-18,850.71,202.823373,,,
2017-05-19,850.71,202.823373,,,
2017-05-22,852.48,202.823373,,,
2017-05-23,847.45,202.823373,,,
2017-05-24,847.45,202.823373,,,
2017-05-25,847.45,202.823373,,,
2017-05-26,847.45,202.972967,,,
2017-05-30,847.45,202.972967,,,
2017-05-31,847.45,202.972967,92.18935483870968,101.37748041935484,
2017-06-01,847.45,202.972967,,,
2017-06-02,851.0,204.336718,,,
2017-06-05,851.0,204.994894,,,
2017-06-06,855.16,204.994894,,,
2017-06-07,864.93,205.563304,,,
2017-06-08,867.0,206.161627,,,
2017-06-09,867.0,206.610365,,,
2017-06-12,867.0,206.610365,,,
2017-06-13,867.0,207.059091,,,
2017-06-14,854.87,207.059091,,,
2017-06-15,853.68,207.059091,,,
2017-06-16,853.68,207.059091,,,
2017-06-19,853.68,207.059091,,,
2017-06-20,853.68,207.059091,,,
2017-06-21,853.98,207.059091,,,
2017-06-22,853.98,207.956486,,,
2017-06-23,851.02,208.40518,,,
2017-06-26,853.68,208.40518,,,
2017-06-27,853.68,209.003423,,,
2017-06-28,853.68,209.751222,,,
2017-06-29,853.68,210.349457,,,
2017-06-30,852.5,210.349457,95.05999999999999,126.94453860000002,
2017-07-03,846.29,210.349457,,,
2017-07-05,840.67,210.305855,,,
2017-07-06,840.67,210.754507,,,
2017-07-07,835.35,210.754507,,,
2017-07-10,832.39,211.412522,,,
2017-07-11,832.39,211.412522,,,
2017-07-12,832.39,211.412522,,,
2017-07-13,828.84,211.412522,,,
2017-07-14,828.84,211.412522,,,
2017-07-17,827.07,211.412522,,,
2017-07-18,821.45,211.412522,,,
2017-07-19,816.12,211.412522,,,
2017-07-20,816.12,211.861133,,,
2017-07-21,813.76,211.861133,,,
2017-07-24,809.62,211.861133,,,
2017-07-25,800.45,213.05739,,,
2017-07-26,795.42,210.874239,,,
2017-07-27,791.88,210.874239,,,
2017-07-28,791.88,210.874239,,,
2017-07-31,791.88,210.874239,100.40903225806453,101.59804809677419,
2017-08-01,791.88,212.070441,,,
2017-08-02,791.88,211.428713,,,
2017-08-03,791.88,211.428713,,,
2017-08-04,787.14,211.428713,,,
2017-08-07,786.87,211.428713,,,
2017-08-08,786.87,211.428713,,,
2017-08-09,786.87,211.428713,,,
2017-08-10,786.87,213.820968,,,
2017-08-11,786.87,213.282714,,,
2017-08-14,791.01,213.282714,,,
2017-08-15,791.01,213.282714,,,
2017-08-16,795.44,213.282714,,,
2017-08-17,795.44,213.282714,,,
2017-08-18,799.29,214.47878,,,
2017-08-21,799.29,215.465528,,,
2017-08-22,799.29,215.465528,,,
2017-08-23,799.29,215.465528,,,
2017-08-24,799.29,215.914033,,,
2017-08-25,805.2,216.362537,,,
2017-08-28,814.36,218.126634,,,
2017-08-29,816.43,219.591702,,,
2017-08-30,816.43,216.960566,,,
2017-08-31,816.43,217.259556,73.28774193548388,137.11038945161286,
2017-09-01,831.21,218.575105,,,
2017-09-05,840.08,217.933079,,,
2017-09-06,837.12,218.531037,,,
2017-09-07,836.87,218.531037,,,
2017-09-08,834.5,219.577449,,,
2017-09-11,835.68,219.577449,,,
2017-09-12,838.64,220.324865,,,
2017-09-13,838.64,220.922793,,,
2017-09-14,838.64,220.922793,,,
2017-09-15,838.64,220.922793,,,
2017-09-18,843.96,221.341334,,,
2017-09-19,846.03,221.341334,,,
2017-09-20,846.03,222.028919,,,
2017-09-21,852.23,222.028919,,,
2017-09-22,856.08,222.028919,,,
2017-09-25,856.08,222.537122,,,
2017-09-26,862.58,224.823988,,,
2017-09-27,864.65,226.617598,,,
2017-09-28,864.65,227.364929,,,
2017-09-29,864.65,228.560645,,,
2017-09-30,,,84.18766666666666,118.73107660000004,
2017-10-02,859.33,228.560645,,,
2017-10-03,854.3,229.231132,,,
2017-10-04,854.3,229.589835,,,
2017-10-05,851.06,229.589835,,,
2017-10-06,854.02,228.693088,,,
2017-10-09,858.45,228.693088,,,
2017-10-10,858.45,228.693088,,,
2017-10-11,858.45,228.693088,,,
2017-10-12,858.45,228.693088,,,
2017-10-13,853.13,228.693088,,,
2017-10-16,853.13,228.872428,,,
2017-10-17,853.13,228.872428,,,
2017-10-18,853.13,228.872428,,,
2017-10-19,853.13,230.366872,,,
2017-10-20,853.13,231.56242,,,
2017-10-23,853.13,231.891193,,,
2017-10-24,853.13,231.891193,,,
2017-10-25,853.13,233.146474,,,
2017-10-26,851.95,233.146474,,,
2017-10-27,850.77,233.146474,,,
2017-10-30,850.77,234.341953,,,
2017-10-31,850.77,234.341953,70.2106451612903,91.91498454838707,
2017-11-01,849.59,234.341953,,,
2017-11-02,846.04,234.292987,,,
2017-11-03,845.75,235.189562,,,
2017-11-06,845.45,235.189562,,,
2017-11-07,844.27,235.189562,,,
2017-11-08,843.09,235.787258,,,
2017-11-09,843.09,235.787258,,,
2017-11-10,843.09,237.29642,,,
2017-11-13,843.39,237.29642,,,
2017-11-14,843.39,237.29642,,,
2017-11-15,843.39,237.29642,,,
2017-11-16,843.39,237.29642,,,
2017-11-17,843.39,237.29642,,,
2017-11-20,843.39,237.29642,,,
2017-11-21,843.39,237.774535,,,
2017-11-22,843.39,238.372173,,,
2017-11-24,843.39,239.86626,,,
2017-11-27,842.21,241.061514,,,
2017-11-28,839.55,241.061514,,,
2017-11-29,839.55,241.36032,,,
2017-11-30,839.55,,91.19500000000001,93.25364053333334,
2017-12-01,848.11,241.62924,,,
2017-12-04,846.93,241.580251,,,
2017-12-05,845.47,241.580251,,,
2017-12-06,845.47,241.580251,,,
2017-12-07,842.81,242.11807,,,
2017-12-08,842.81,242.11807,,,
2017-12-11,842.81,242.835151,,,
2017-12-12,842.81,242.835151,,,
2017-12-13,844.29,242.835151,,,
2017-12-14,844.29,242.835151,,,
2017-12-15,837.2,243.970484,,,
2017-12-18,837.2,243.970484,,,
2017-12-19,836.02,244.299124,,,
2017-12-20,836.02,244.299124,,,
2017-12-21,836.02,243.910736,,,
2017-12-22,837.5,243.313221,,,
2017-12-26,837.5,243.313221,,,
2017-12-27,837.5,243.313221,,,
2017-12-28,837.5,243.492469,,,
2017-12-29,837.5,243.492469,,,
2017-12-31,,,90.5725806451613,84.61367348387097,
2018-01-02,836.32,243.492469,,,
2018-01-03,836.32,243.920727,,,
2018-01-04,836.04,245.085787,,,
2018-01-05,834.86,246.191093,,,
2018-01-08,834.86,247.80423,,,
2018-01-09,831.91,247.80423,,,
2018-01-10,828.96,248.341927,,,
2018-01-11,828.96,248.341927,,,
2018-01-12,828.96,249.028977,,,
2018-01-15,828.96,,,,
2018-01-16,828.96,250.223838,,,
2018-01-17,828.96,250.73164,,,
2018-01-18,840.76,251.418663,,,
2018-01-19,846.67,253.27062,,,
2018-01-22,846.67,254.047243,,,
2018-01-23,849.32,254.435546,,,
2018-01-24,849.32,254.943324,,,
2018-01-25,849.32,256.795213,,,
2018-01-26,848.14,257.945168,,,
2018-01-29,846.67,259.139917,,,
2018-01-30,845.48,260.767729,,,
2018-01-31,841.35,261.305352,114.80000000000001,91.999911,33726.23
2018-02-01,841.35,261.305352,,,
2018-02-02,841.35,261.252605,,,
2018-02-05,841.35,261.969418,,,
2018-02-06,829.26,262.895285,,,
2018-02-07,826.9,262.895285,,,
2018-02-08,826.31,262.895285,,,
2018-02-09,820.71,262.895285,,,
2018-02-12,820.71,262.895285,,,
2018-02-13,823.66,262.895285,,,
2018-02-14,823.66,262.895285,,,
2018-02-15,821.3,264.328796,,,
2018-02-16,824.54,264.776767,,,
2018-02-20,827.79,264.776767,,,
2018-02-21,827.79,264.776767,,,
2018-02-22,827.79,264.776767,,,
2018-02-23,829.26,265.105262,,,
2018-02-26,831.03,266.00115,,,
2018-02-27,831.03,266.00115,,,
2018-02-28,831.03,266.00115,84.03857142857143,65.82219935714285,33790.83
2018-03-01,833.98,265.105293,,,
2018-03-02,833.98,265.053793,,,
2018-03-05,833.98,265.053793,,,
2018-03-06,833.98,265.053793,,,
2018-03-07,833.73,265.053793,,,
2018-03-08,833.73,265.053793,,,
2018-03-09,833.73,265.053793,,,
2018-03-12,833.73,265.053793,,,
2018-03-13,833.73,265.053793,,,
2018-03-14,833.73,265.053793,,,
2018-03-15,838.15,265.74055,,,
2018-03-16,840.22,266.039137,,,
2018-03-19,850.84,270.04018,,,
2018-03-20,850.54,270.04018,,,
2018-03-21,850.54,270.338757,,,
2018-03-22,850.54,270.338757,,,
2018-03-23,850.54,270.338757,,,
2018-03-26,847.3,270.338757,,,
2018-03-27,846.12,270.338757,,,
2018-03-28,846.12,271.383732,,,
2018-03-29,846.12,271.383732,,,
2018-03-31,,,76.3758064516129,109.245653,33673.29
2018-04-02,852.31,271.383732,,,
2018-04-03,852.31,272.279385,,,
2018-04-04,852.03,275.118946,,,
2018-04-05,854.09,275.118946,,,
2018-04-06,859.99,276.432546,,,
2018-04-09,859.99,278.10439,,,
2018-04-10,859.99,279.238832,,,
2018-04-11,859.99,280.373267,,,
2018-04-12,865.89,281.746522,,,
2018-04-13,865.89,281.746522,,,
2018-04-16,865.89,282.254022,,,
2018-04-17,865.89,283.597376,,,
2018-04-18,865.89,284.134714,,,
2018-04-19,865.89,286.433313,,,
2018-04-20,865.89,286.940793,,,
2018-04-23,865.89,286.940793,,,
2018-04-24,871.2,286.940793,,,
2018-04-25,871.2,286.940793,,,
2018-04-26,871.2,287.328848,,,
2018-04-27,871.2,288.522855,,,
2018-04-30,871.2,288.522855,88.59600000000002,122.02704509999997,33827.75
2018-05-01,866.77,288.522855,,,
2018-05-02,866.77,288.971286,,,
2018-05-03,865.59,288.971286,,,
2018-05-04,864.13,288.971286,,,
2018-05-07,864.13,289.448862,,,
2018-05-08,864.13,289.448862,,,
2018-05-09,862.95,289.956273,,,
2018-05-10,862.95,290.403986,,,
2018-05-11,857.64,292.344058,,,
2018-05-14,856.17,292.702223,,,
2018-05-15,856.17,292.075447,,,
2018-05-16,856.17,291.090523,,,
2018-05-17,856.17,290.58314,,,
2018-05-18,855.28,290.58314,,,
2018-05-21,852.04,290.58314,,,
2018-05-22,852.04,290.58314,,,
2018-05-23,852.04,290.58314,,,
2018-05-24,852.04,290.58314,,,
2018-05-25,848.5,290.135474,,,
2018-05-29,851.45,290.135474,,,
2018-05-30,851.45,286.076778,,,
2018-05-31,847.03,286.076778,87.8674193548387,122.07622051612903,33813.44
2018-06-01,836.42,286.076778,,,
2018-06-04,836.42,285.089583,,,
2018-06-05,836.13,282.597767,,,
2018-06-06,832.59,281.583141,,,
2018-06-07,832.59,278.44976,,,
2018-06-08,828.76,277.823088,,,
2018-06-11,828.76,277.047214,,,
2018-06-12,828.76,276.659286,,,
2018-06-13,828.76,276.659286,,,
2018-06-14,828.76,276.659286,,,
2018-06-15,828.76,276.659286,,,
2018-06-18,828.76,273.660385,,,
2018-06-19,828.76,273.660385,,,
2018-06-20,828.76,273.660385,,,
2018-06-21,824.63,272.974094,,,
2018-06-22,824.63,272.01926,,,
2018-06-25,820.21,272.01926,,,
2018-06-26,824.63,272.01926,,,
2018-06-27,821.69,271.512023,,,
2018-06-28,820.51,269.423415,,,
2018-06-29,819.04,268.662573,,,
2018-06-30,,,103.78933333333335,103.35734116666666,33813.19
2018-07-02,809.31,268.662573,,,
2018-07-03,803.42,268.03715,,,
2018-07-05,803.42,266.84371,,,
2018-07-06,802.24,266.217162,,,
2018-07-09,800.77,266.366339,,,
2018-07-10,799.02,266.366339,,,
2018-07-11,799.02,266.067994,,,
2018-07-12,795.19,265.113295,,,
2018-07-13,795.19,264.337607,,,
2018-07-16,794.01,264.337607,,,
2018-07-17,794.01,263.38294,,,
2018-07-18,794.01,263.38294,,,
2018-07-19,798.13,262.21946,,,
2018-07-20,798.13,262.21946,,,
2018-07-23,802.55,262.21946,,,
2018-07-24,802.55,262.21946,,,
2018-07-25,800.2,262.21946,,,
2018-07-26,800.2,262.21946,,,
2018-07-27,800.2,262.21946,,,
2018-07-30,800.2,262.21946,,,
2018-07-31,800.2,262.21946,99.52677419354842,109.55801274193544,33734.67
2018-08-01,796.96,262.21946,,,
2018-08-02,796.96,262.162341,,,
2018-08-03,794.89,262.162341,,,
2018-08-06,788.71,262.162341,,,
2018-08-07,787.53,261.699993,,,
2018-08-08,786.08,261.699993,,,
2018-08-09,786.08,261.699993,,,
2018-08-10,786.08,261.699993,,,
2018-08-13,784.6,261.699993,,,
2018-08-14,776.65,261.699993,,,
2018-08-15,774.59,261.371893,,,
2018-08-16,773.41,261.371893,,,
2018-08-17,772.24,261.371893,,,
2018-08-20,772.24,261.371893,,,
2018-08-21,768.7,261.371893,,,
2018-08-22,768.7,261.371893,,,
2018-08-23,767.23,261.371893,,,
2018-08-24,764.58,261.699973,,,
2018-08-27,764.58,261.699973,,,
2018-08-28,759.87,261.699973,,,
2018-08-29,759.87,263.519267,,,
2018-08-30,757.81,263.519267,,,
2018-08-31,755.16,263.519267,85.71451612903226,113.0449313548387,33736.94
2018-09-04,746.91,264.249951,,,
2018-09-05,746.91,264.969245,,,
2018-09-06,746.91,264.671017,,,
2018-09-07,745.44,263.925453,,,
2018-09-10,745.44,263.925453,,,
2018-09-11,745.18,264.611352,,,
2018-09-12,745.18,265.297247,,,
2018-09-13,742.53,265.714745,,,
2018-09-14,742.53,265.714745,,,
2018-09-17,742.53,265.714745,,,
2018-09-18,742.23,266.10241,,,
2018-09-19,742.23,266.460251,,,
2018-09-20,742.23,266.460251,,,
2018-09-21,742.23,,,,
2018-09-24,742.23,266.460251,,,
2018-09-25,742.23,266.460251,,,
2018-09-26,742.23,267.59336,,,
2018-09-27,742.23,267.59336,,,
2018-09-28,742.23,267.59336,,,
2018-09-30,,,67.36266666666668,73.96346220000001,33763.63
2018-10-01,740.17,267.59336,,,
2018-10-02,737.82,267.538386,,,
2018-10-03,731.64,268.820527,,,
2018-10-04,731.64,268.820527,,,
2018-10-05,730.17,268.820527,,,
2018-10-08,730.17,269.536125,,,
2018-10-09,730.17,269.536125,,,
2018-10-10,738.99,268.641653,,,
2018-10-11,738.99,268.641653,,,
2018-10-12,744.64,268.641653,,,
2018-10-15,748.76,268.641653,,,
2018-10-16,748.76,268.641653,,,
2018-10-17,748.76,270.192003,,,
2018-10-18,748.76,271.38457,,,
2018-10-19,745.82,271.38457,,,
2018-10-22,747.88,271.38457,,,
2018-10-23,747.88,271.38457,,,
2018-10-24,749.64,272.57709,,,
2018-10-25,749.64,272.57709,,,
2018-10-26,749.64,272.57709,,,
2018-10-29,754.94,272.57709,,,
2018-10-30,754.94,272.57709,,,
2018-10-31,754.06,272.57709,90.25129032258066,92.58265267741935,33876.83
2018-11-01,760.82,272.57709,,,
2018-11-02,759.06,272.520446,,,
2018-11-05,757.29,272.520446,,,
2018-11-06,756.7,272.520446,,,
2018-11-07,755.23,272.520446,,,
2018-11-08,755.23,272.729116,,,
2018-11-09,755.23,272.729116,,,
2018-11-12,762.0,272.729116,,,
2018-11-13,761.15,271.477143,,,
2018-11-14,761.15,271.477143,,,
2018-11-15,761.15,271.477143,,,
2018-11-16,759.68,271.477143,,,
2018-11-19,760.86,271.477143,,,
2018-11-20,760.86,271.477143,,,
2018-11-21,762.92,271.477143,,,
2018-11-23,762.92,271.477143,,,
2018-11-26,761.74,271.477143,,,
2018-11-27,761.74,271.477143,,,
2018-11-28,761.74,271.477143,,,
2018-11-29,761.74,271.745393,,,
2018-11-30,761.74,271.745393,79.472,79.83305390000002,33695.37
2018-12-03,758.21,271.745393,,,
2018-12-04,758.21,272.166802,,,
2018-12-05,758.21,,,,
2018-12-06,758.21,272.166802,,,
2018-12-07,759.73,272.166802,,,
2018-12-10,760.32,272.166802,,,
2018-12-11,763.56,272.166802,,,
2018-12-12,763.56,274.655356,,,
2018-12-13,763.56,274.655356,,,
2018-12-14,763.56,274.655356,,,
2018-12-17,763.56,274.655356,,,
2018-12-18,771.79,274.655356,,,
2018-12-19,771.79,275.012975,,,
2018-12-20,769.14,275.012975,,,
2018-12-21,772.67,275.907012,,,
2018-12-24,774.14,276.71164,,,
2018-12-26,790.02,277.844056,,,
2018-12-27,787.67,279.63206,,,
2018-12-28,787.67,279.870459,,,
2018-12-31,787.67,280.228048,127.53290322580648,86.58019561290322,
2019-01-02,795.31,280.228048,,,
2019-01-03,795.31,281.86984,,,
2019-01-04,798.25,283.06178,,,
2019-01-07,796.78,284.730486,,,
2019-01-08,796.53,285.177451,,,
2019-01-09,799.18,286.101174,,,
2019-01-10,797.71,286.101174,,,
2019-01-11,797.71,286.101174,,,
2019-01-14,797.71,286.101174,,,
2019-01-15,797.71,288.484875,,,
2019-01-16,797.71,288.484875,,,
2019-01-17,797.71,288.484875,,,
2019-01-18,809.76,288.484875,,,
2019-01-22,809.76,289.080784,,,
2019-01-23,809.76,289.080784,,,
2019-01-24,809.76,290.272559,,,
2019-01-25,809.76,292.775273,,,
2019-01-28,815.64,292.775273,,,
2019-01-29,823.87,292.775273,,,
2019-01-30,823.87,292.179407,,,
2019-01-31,823.87,292.507131,146.5874193548387,87.5074286451613,33872.71
2019-02-01,817.4,292.507131,,,
2019-02-04,813.29,,,,
2019-02-05,811.82,295.501296,,,
2019-02-06,809.76,295.501296,,,
2019-02-07,803.29,295.91838,,,
2019-02-08,802.12,295.91838,,,
2019-02-11,802.12,296.15671,,,
2019-02-12,798.89,298.093103,,,
2019-02-13,796.85,298.763389,,,
2019-02-14,796.85,298.912341,,,
2019-02-15,793.03,298.912341,,,
2019-02-19,792.45,298.912341,,,
2019-02-20,794.5,298.912341,,,
2019-02-21,789.51,299.954955,,,
2019-02-22,789.51,299.954955,,,
2019-02-25,788.33,299.954955,,,
2019-02-26,788.33,299.954955,,,
2019-02-27,788.33,299.731547,,,
2019-02-28,784.22,299.523035,82.65035714285712,98.55523303571428,33869.17
2019-03-01,772.46,299.850695,,,
2019-03-04,766.59,302.474171,,,
2019-03-05,766.59,301.58058,,,
2019-03-06,766.59,301.252932,,,
2019-03-07,766.59,300.880607,,,
2019-03-08,766.59,300.404035,,,
2019-03-11,769.53,300.627426,,,
2019-03-12,772.46,300.627426,,,
2019-03-13,772.46,300.627426,,,
2019-03-14,772.46,300.627426,,,
2019-03-15,771.04,301.014623,,,
2019-03-18,779.27,301.014623,,,
2019-03-19,778.09,300.359385,,,
2019-03-20,778.09,300.359385,,,
2019-03-21,778.09,300.359385,,,
2019-03-22,781.03,300.359385,,,
2019-03-25,781.03,300.359385,,,
2019-03-26,784.26,301.252851,,,
2019-03-27,784.26,301.252851,,,
2019-03-28,784.26,301.550668,,,
2019-03-29,784.26,301.550668,,,
2019-03-31,,,94.65645161290323,79.65598306451612,33869.17
2019-04-01,772.8,301.550668,,,
2019-04-02,768.1,301.039664,,,
2019-04-03,764.29,301.679944,,,
2019-04-04,762.55,302.037307,,,
2019-04-05,761.67,302.037307,,,
2019-04-08,760.49,302.037307,,,
2019-04-09,757.85,302.483995,,,
2019-04-10,757.85,302.483995,,,
2019-04-11,757.85,302.900898,,,
2019-04-12,757.85,302.900898,,,
2019-04-15,754.03,302.394666,,,
2019-04-16,752.27,302.394666,,,
2019-04-17,752.86,300.608014,,,
2019-04-18,751.68,297.481392,,,
2019-04-22,751.68,297.838717,,,
2019-04-23,749.63,297.838717,,,
2019-04-24,747.87,298.58312,,,
2019-04-25,747.87,297.779172,,,
2019-04-26,746.69,296.052179,,,
2019-04-29,746.69,295.337566,,,
2019-04-30,746.69,295.337566,78.739,78.9641673,33871.36
2019-05-01,746.69,295.337566,,,
2019-05-02,745.52,294.114596,,,
2019-05-03,740.82,293.042721,,,
2019-05-06,739.64,290.988307,,,
2019-05-07,739.94,290.988307,,,
2019-05-08,739.94,289.276342,,,
2019-05-09,739.94,288.323604,,,
2019-05-10,733.23,286.447913,,,
2019-05-13,736.46,285.167688,,,
2019-05-14,736.46,284.676449,,,
2019-05-15,733.23,284.676449,,,
2019-05-16,733.23,284.825308,,,
2019-05-17,736.17,284.587136,,,
2019-05-20,736.17,284.378738,,,
2019-05-21,739.69,284.378738,,,
2019-05-22,738.81,283.798215,,,
2019-05-23,738.81,283.440973,,,
2019-05-24,738.81,283.440973,,,
2019-05-28,737.34,283.024195,,,
2019-05-29,740.86,283.024195,,,
2019-05-30,740.86,282.607433,,,
2019-05-31,743.21,282.607433,94.45225806451614,105.10344558064516,33976.55
2019-06-03,759.65,282.905117,,,
2019-06-04,759.65,282.220663,,,
2019-06-05,757.59,282.220663,,,
2019-06-06,757.59,281.77415,,,
2019-06-07,756.42,281.77415,,,
2019-06-10,756.42,281.77415,,,
2019-06-11,756.18,281.77415,,,
2019-06-12,759.7,281.77415,,,
2019-06-13,759.7,283.67918,,,
2019-06-14,764.1,284.899582,,,
2019-06-17,764.1,286.045562,,,
2019-06-18,764.1,286.789689,,,
2019-06-19,764.1,288.024933,,,
2019-06-20,764.1,288.798816,,,
2019-06-21,799.03,288.798816,,,
2019-06-24,801.96,288.798816,,,
2019-06-25,799.61,289.885196,,,
2019-06-26,797.85,292.415118,,,
2019-06-27,795.8,293.605657,,,
2019-06-28,794.04,294.677133,,,
2019-06-30,,,137.37066666666666,103.33177109999997,34023.87
2019-07-01,800.2,294.677133,,,
2019-07-02,798.44,295.363917,,,
2019-07-03,798.44,295.363917,,,
2019-07-05,796.97,294.768678,,,
2019-07-08,795.8,295.39367,,,
2019-07-09,794.08,294.947255,,,
2019-07-10,800.54,295.185341,,,
2019-07-11,800.54,295.185341,,,
2019-07-12,800.54,295.185341,,,
2019-07-15,800.54,295.185341,,,
2019-07-16,799.37,296.271565,,,
2019-07-17,803.18,296.271565,,,
2019-07-18,814.62,296.271565,,,
2019-07-19,820.49,297.164333,,,
2019-07-22,825.18,300.095576,,,
2019-07-23,823.13,300.541949,,,
2019-07-24,822.25,301.464445,,,
2019-07-25,819.32,301.464445,,,
2019-07-26,818.14,301.464445,,,
2019-07-29,824.89,302.089349,,,
2019-07-30,824.89,306.746272,,,
2019-07-31,823.42,307.832386,94.79645161290324,93.06078177419354,34212.25
2019-08-01,827.82,308.516782,,,
2019-08-02,830.76,309.465096,,,
2019-08-05,835.16,309.807289,,,
2019-08-06,836.92,309.807289,,,
2019-08-07,845.42,310.863594,,,
2019-08-08,839.85,311.131388,,,
2019-08-09,839.85,312.381086,,,
2019-08-12,847.77,312.381086,,,
2019-08-13,836.66,313.392719,,,
2019-08-14,844.29,314.448973,,,
2019-08-15,844.29,315.044042,,,
2019-08-16,843.41,316.055654,,,
2019-08-19,843.41,317.305283,,,
2019-08-20,845.17,318.004465,,,
2019-08-21,851.91,318.688767,,,
2019-08-22,854.84,318.688767,,,
2019-08-23,859.83,319.149921,,,
2019-08-26,859.83,319.149921,,,
2019-08-27,873.32,320.161456,,,
2019-08-28,882.41,320.860602,,,
2019-08-29,880.36,323.835675,,,
2019-08-30,878.31,326.260344,,,
2019-08-31,,,155.23322580645166,106.01592493548387,34076.88
2019-09-03,890.04,326.260344,,,
2019-09-04,895.9,324.707854,,,
2019-09-05,889.75,325.942452,,,
2019-09-06,889.75,328.173635,,,
2019-09-09,882.42,329.304094,,,
2019-09-10,882.42,329.304094,,,
2019-09-11,882.42,329.304094,,,
2019-09-12,880.37,329.304094,,,
2019-09-13,874.51,330.330389,,,
2019-09-16,874.51,330.330389,,,
2019-09-17,880.37,330.330389,,,
2019-09-18,883.6,331.312027,,,
2019-09-19,883.6,332.472138,,,
2019-09-20,894.15,333.498384,,,
2019-09-23,908.52,334.004067,,,
2019-09-24,908.52,334.004067,,,
2019-09-25,924.94,336.621649,,,
2019-09-26,924.94,337.841199,,,
2019-09-27,922.88,338.793033,,,
2019-09-30,920.83,342.511076,118.307,92.55197456666666,34407.58
2019-10-01,920.83,342.511076,,,
2019-10-02,923.76,342.857709,,,
2019-10-03,923.76,343.363347,,,
2019-10-04,923.76,343.868983,,,
2019-10-07,923.76,345.147935,,,
2019-10-08,923.76,346.54583,,,
2019-10-09,923.76,350.903072,,,
2019-10-10,921.71,350.903072,,,
2019-10-11,921.71,351.453295,,,
2019-10-14,921.71,351.453295,,,
2019-10-15,919.66,351.453295,,,
2019-10-16,918.19,352.464484,,,
2019-10-17,918.19,354.367881,,,
2019-10-18,924.64,354.367881,,,
2019-10-21,924.64,355.319568,,,
2019-10-22,919.66,355.319568,,,
2019-10-23,918.48,355.319568,,,
2019-10-24,918.48,356.033309,,,
2019-10-25,918.48,356.033309,,,
2019-10-28,918.48,356.033309,,,
2019-10-29,917.31,356.033309,,,
2019-10-30,915.55,356.033309,,,
2019-10-31,915.55,356.984918,98.00290322580643,95.20806703225806,34392.65
2019-11-01,914.67,356.984918,,,
2019-11-04,914.67,356.911121,,,
2019-11-05,915.85,357.5802,,,
2019-11-06,915.85,357.5802,,,
2019-11-07,914.38,357.5802,,,
2019-11-08,901.19,357.907298,,,
2019-11-11,901.19,357.907298,,,
2019-11-12,897.09,357.907298,,,
2019-11-13,896.77,357.907298,,,
2019-11-14,896.77,357.208527,,,
2019-11-15,896.77,357.208527,,,
2019-11-18,891.79,357.208527,,,
2019-11-19,891.79,357.208527,,,
2019-11-20,891.79,357.208527,,,
2019-11-21,891.79,357.922132,,,
2019-11-22,891.79,358.546532,,,
2019-11-25,896.48,358.546532,,,
2019-11-26,896.48,358.546532,,,
2019-11-27,896.48,358.546532,,,
2019-11-29,895.6,358.546532,,,
2019-11-30,,,81.04199999999999,73.70891909999997,34490.44
2019-12-02,889.16,358.546532,,,
2019-12-03,889.16,358.085937,,,
2019-12-04,888.57,358.085937,,,
2019-12-05,888.57,359.587337,,,
2019-12-06,886.23,359.587337,,,
2019-12-09,886.23,359.587337,,,
2019-12-10,885.93,359.587337,,,
2019-12-11,886.22,360.330573,,,
2019-12-12,886.22,360.895429,,,
2019-12-13,886.22,361.727841,,,
2019-12-16,886.22,361.727841,,,
2019-12-17,880.66,361.727841,,,
2019-12-18,883.29,361.727841,,,
2019-12-19,883.29,361.073829,,,
2019-12-20,885.93,359.944178,,,
2019-12-23,885.93,359.944178,,,
2019-12-24,888.86,359.944178,,,
2019-12-26,892.37,,,,
2019-12-27,893.25,359.542874,,,
2019-12-30,893.25,359.542874,,,
2019-12-31,893.25,360.092794,121.3074193548387,72.31251816129031,34500.85
2020-01-02,895.3,360.092794,,,
2020-01-03,895.3,361.163271,,,
2020-01-06,896.18,359.959418,,,
2020-01-07,896.18,361.609109,,,
2020-01-08,886.81,363.154756,,,
2020-01-09,882.12,365.711001,,,
2020-01-10,874.52,366.023099,,,
2020-01-13,874.52,362.902146,,,
2020-01-14,874.52,363.511462,,,
2020-01-15,878.32,364.046468,,,
2020-01-16,879.49,364.551747,,,
2020-01-17,898.82,365.175911,,,
2020-01-21,898.82,365.175911,,,
2020-01-22,898.82,,,,
2020-01-23,900.58,,,,
2020-01-24,900.58,367.925098,,,
2020-01-27,899.41,368.786994,,,
2020-01-28,899.41,369.574574,,,
2020-01-29,903.5,370.09467,,,
2020-01-30,903.5,371.238873,,,
2020-01-31,903.21,371.892699,110.07451612903226,139.8703630322581,34564.95
2020-02-03,912.58,372.353346,,,
2020-02-04,912.58,368.963388,,,
2020-02-05,914.91,369.498318,,,
2020-02-06,914.91,368.651351,,,
2020-02-07,916.08,369.126838,,,
2020-02-10,916.08,370.107524,,,
2020-02-11,922.23,370.434412,,,
2020-02-12,922.23,371.340779,,,
2020-02-13,922.23,372.32143,,,
2020-02-14,923.99,373.34665,,,
2020-02-18,929.84,374.327289,,,
2020-02-19,931.6,374.327289,,,
2020-02-20,933.94,374.847308,,,
2020-02-21,933.94,375.382181,,,
2020-02-24,933.94,375.887338,,,
2020-02-25,940.09,375.337619,,,
2020-02-26,935.69,375.872476,,,
2020-02-27,934.23,377.387891,,,
2020-02-28,934.23,377.803886,,,
2020-02-29,,,113.26000000000002,75.72699855172414,34716.5
2020-03-02,931.01,377.803886,,,
2020-03-03,934.52,381.875143,,,
2020-03-04,934.52,383.212215,,,
2020-03-05,947.4,383.212215,,,
2020-03-06,955.6,384.103583,,,
2020-03-09,963.79,385.188075,,,
2020-03-10,962.03,385.90115,,,
2020-03-11,953.26,389.109969,,,
2020-03-12,944.18,390.446968,,,
2020-03-13,931.59,389.377382,,,
2020-03-16,929.84,385.217907,,,
2020-03-17,929.84,383.583872,,,
2020-03-18,923.69,382.217227,,,
2020-03-19,922.23,382.217227,,,
2020-03-20,908.18,381.979554,,,
2020-03-23,923.99,381.385376,,,
2020-03-24,935.98,383.167881,,,
2020-03-25,949.15,384.356221,,,
2020-03-26,953.54,383.836325,,,
2020-03-27,964.66,384.341364,,,
2020-03-30,964.36,390.728568,,,
2020-03-31,967.0,,380.3896774193547,82.76741435483872,34735.73
2020-04-01,968.75,391.025642,,,
2020-04-02,971.97,391.894124,,,
2020-04-03,978.99,393.022973,,,
2020-04-06,984.26,392.607084,,,
2020-04-07,985.71,394.44884,,,
2020-04-08,988.63,397.746158,,,
2020-04-09,994.19,398.251149,,,
2020-04-13,1009.7,398.904663,,,
2020-04-14,1017.59,407.578342,,,
2020-04-15,1021.69,408.46947,,,
2020-04-16,1021.69,409.954673,,,
2020-04-17,1021.69,410.84579,,,
2020-04-20,1029.59,413.905258,,,
2020-04-21,1033.39,414.202287,,,
2020-04-22,1042.46,414.974559,,,
2020-04-23,1042.46,415.984449,,,
2020-04-24,1048.31,417.7666,,,
2020-04-27,1048.31,420.796224,,,
2020-04-28,1056.5,420.796224,,,
2020-04-29,1056.5,421.390251,,,
2020-04-30,1056.5,422.221885,555.3246666666669,69.76431943333336,34789.48
2020-05-01,1067.9,423.112913,,,
2020-05-04,1071.71,423.386627,,,
2020-05-05,1076.39,424.455832,,,
2020-05-06,1075.8,425.346829,,,
2020-05-07,1081.65,428.316801,,,
2020-05-08,1081.65,428.316801,,,
2020-05-11,1081.07,429.029584,,,
2020-05-12,1083.66,429.029584,,,
2020-05-13,1092.14,429.68295,,,
2020-05-14,1104.72,431.227261,,,
2020-05-15,1113.78,433.900095,,,
2020-05-18,1113.78,435.681973,,,
2020-05-19,1113.78,435.681973,,,
2020-05-20,1112.32,436.721374,,,
2020-05-21,1112.32,437.018344,,,
2020-05-22,1116.71,437.463795,,,
2020-05-26,1116.71,437.76076,,,
2020-05-27,1119.05,438.057717,,,
2020-05-28,1119.63,439.987915,,,
2020-05-29,1123.14,441.76963,,,
2020-05-31,,,484.18225806451613,69.50140077419354,34859.33
2020-06-01,1128.4,441.76963,,,
2020-06-02,1129.28,442.272804,,,
2020-06-03,1133.37,442.272804,,,
2020-06-04,1132.2,444.351388,,,
2020-06-05,1128.11,442.554909,,,
2020-06-08,1125.48,445.524277,,,
2020-06-09,1124.6,446.118138,,,
2020-06-10,1129.49,446.711996,,,
2020-06-11,1135.05,447.75124,,,
2020-06-12,1136.22,447.75124,,,
2020-06-15,1136.22,447.75124,,,
2020-06-16,1136.22,448.255997,,,
2020-06-17,1136.22,448.255997,,,
2020-06-18,1136.22,449.087352,,,
2020-06-19,1159.31,450.660979,,,
2020-06-22,1166.04,451.254796,,,
2020-06-23,1169.25,450.304706,,,
2020-06-24,1176.85,452.501776,,,
2020-06-25,1175.39,452.501776,,,
2020-06-26,1178.9,453.986261,,,
2020-06-29,1178.9,454.238622,,,
2020-06-30,1178.9,455.930891,313.916,71.60573240000002,34891.51
2020-07-01,1182.11,455.930891,,,
2020-07-02,1191.47,457.028835,,,
2020-07-06,1191.47,457.889797,,,
2020-07-07,1199.36,457.296045,,,
2020-07-08,1202.57,459.522595,,,
2020-07-09,1200.82,462.461623,,,
2020-07-10,1200.46,463.678789,,,
2020-07-13,1203.97,465.459995,,,
2020-07-14,1206.89,466.202149,,,
2020-07-15,1206.89,466.202149,,,
2020-07-16,1206.89,466.795865,,,
2020-07-17,1206.89,468.725424,,,
2020-07-20,1211.86,470.476859,,,
2020-07-21,1219.75,471.070555,,,
2020-07-22,1225.01,473.62343,,,
2020-07-23,1227.05,478.966636,,,
2020-07-24,1228.81,482.231907,,,
2020-07-27,1234.65,484.10201,,,
2020-07-28,1243.12,487.960886,,,
2020-07-29,1241.95,489.44506,,,
2020-07-30,1241.95,490.721442,,,
2020-07-31,1241.95,491.463519,359.45258064516133,68.53134106451613,34904.76
2020-08-03,1248.38,492.650836,,,
2020-08-04,1257.73,493.225796,,,
2020-08-05,1267.96,494.620855,,,
2020-08-06,1267.96,496.995409,,,
2020-08-07,1262.12,498.301405,,,
2020-08-10,1262.12,498.301405,,,
2020-08-11,1257.93,499.755771,,,
2020-08-12,1250.63,499.755771,,,
2020-08-13,1252.09,500.49778,,,
2020-08-14,1248.29,500.913302,,,
2020-08-17,1252.38,500.319703,,,
2020-08-18,1252.38,501.714636,,,
2020-08-19,1252.38,502.011429,,,
2020-08-20,1252.38,503.287629,,,
2020-08-21,1252.38,503.97024,,,
2020-08-24,1252.38,503.97024,,,
2020-08-25,1248.87,503.673461,,,
2020-08-26,1252.09,503.673461,,,
2020-08-27,1251.5,504.563786,,,
2020-08-28,1251.5,504.563786,,,
2020-08-31,1251.5,505.394747,298.5867741935484,64.93029567741935,35017.79
2020-09-01,1250.63,508.243698,,,
2020-09-02,1250.04,512.18898,,,
2020-09-03,1250.04,512.367037,,,
2020-09-04,1250.04,513.153452,,,
2020-09-08,1250.04,515.171408,,,
2020-09-09,1252.96,515.171408,,,
2020-09-10,1252.96,516.744174,,,
2020-09-11,1248.0,516.744174,,,
2020-09-14,1248.0,516.744174,,,
2020-09-15,1247.57,516.744174,,,
2020-09-16,1247.57,516.744174,,,
2020-09-17,1246.98,516.744174,,,
2020-09-18,1259.83,516.744174,,,
2020-09-21,1278.82,519.236708,,,
2020-09-22,1278.23,519.236708,,,
2020-09-23,1267.14,519.83015,,,
2020-09-24,1267.14,518.346561,,,
2020-09-25,1266.84,517.21904,,,
2020-09-28,1268.89,516.862984,,,
2020-09-29,1268.89,516.862984,,,
2020-09-30,1268.89,518.198162,247.73666666666668,83.04108733333332,35182.85
2020-10-01,1276.19,518.198162,,,
2020-10-02,1275.6,519.975352,,,
2020-10-05,1275.6,519.678651,,,
2020-10-06,1271.52,519.678651,,,
2020-10-07,1271.52,519.678651,,,
2020-10-08,1271.52,520.123687,,,
2020-10-09,1271.52,520.56872,,,
2020-10-12,1277.65,520.56872,,,
2020-10-13,1277.65,521.814781,,,
2020-10-14,1277.94,522.556478,,,
2020-10-15,1276.06,524.084363,,,
2020-10-16,1272.56,524.084363,,,
2020-10-19,1272.85,524.084363,,,
2020-10-20,1269.93,524.173363,,,
2020-10-21,1269.35,524.618359,,,
2020-10-22,1265.55,525.953343,,,
2020-10-23,1263.8,526.3835,,,
2020-10-26,1263.8,526.3835,,,
2020-10-27,1266.72,527.86676,,,
2020-10-28,1258.25,527.86676,,,
2020-10-29,1258.25,527.184472,,,
2020-10-30,1257.67,527.184472,,,
2020-10-31,,,271.4293548387097,76.71051838709678,35123.13
2020-11-02,1255.92,527.92608,,,
2020-11-03,1255.92,530.781012,,,
2020-11-04,1252.42,530.781012,,,
2020-11-05,1252.42,530.781012,,,
2020-11-06,1260.3,530.48438,,,
2020-11-09,1249.79,531.018314,,,
2020-11-10,1249.79,531.018314,,,
2020-11-11,1240.74,531.018314,,,
2020-11-12,1239.57,529.905993,,,
2020-11-13,1234.32,530.350919,,,
2020-11-16,1231.4,529.817011,,,
2020-11-17,1226.3,529.817011,,,
2020-11-18,1219.0,528.778886,,,
2020-11-19,1217.25,528.511942,,,
2020-11-20,1220.17,527.918738,,,
2020-11-23,1213.16,527.740777,,,
2020-11-24,1199.74,527.740777,,,
2020-11-25,1194.78,528.927141,,,
2020-11-27,1194.78,527.963227,,,
2020-11-30,1194.78,527.963227,264.6863333333333,70.3648926,35106.06
2020-12-01,1191.28,525.990988,,,
2020-12-02,1191.28,523.80293,,,
2020-12-03,1189.82,523.506355,,,
2020-12-04,1182.7,523.506355,,,
2020-12-07,1179.78,525.463724,,,
2020-12-08,1179.78,525.463724,,,
2020-12-09,1179.78,525.463724,,,
2020-12-10,1179.78,526.056846,,,
2020-12-11,1175.99,526.056846,,,
2020-12-14,1171.32,526.056846,,,
2020-12-15,1170.15,526.056846,,,
2020-12-16,1170.15,523.981006,,,
2020-12-17,1167.82,523.387912,,,
2020-12-18,1167.82,523.091367,,,
2020-12-21,1169.86,523.091367,,,
2020-12-22,1167.53,523.091367,,,
2020-12-23,1167.53,523.091367,,,
2020-12-24,1167.53,523.091367,,,
2020-12-28,1169.86,523.091367,,,
2020-12-29,1169.86,523.891979,,,
2020-12-30,1169.86,524.633281,,,
2020-12-31,1170.74,525.07806,238.67387096774192,62.289100709677406,35171.34
2021-01-04,1187.95,525.07806,,,
2021-01-05,1186.78,526.24706,,,
2021-01-06,1186.78,526.988332,,,
2021-01-07,1182.11,528.470867,,,
2021-01-08,1182.11,529.063877,,,
2021-01-11,1181.71,529.063877,,,
2021-01-12,1181.71,529.745818,,,
2021-01-13,1171.21,529.745818,,,
2021-01-14,1161.0,529.4938,,,
2021-01-15,1177.63,529.4938,,,
2021-01-19,1174.13,530.20537,,,
2021-01-20,1174.13,528.426492,,,
2021-01-21,1174.13,528.426492,,,
2021-01-22,1173.25,528.426492,,,
2021-01-25,1173.25,528.426492,,,
2021-01-26,1172.38,528.426492,,,
2021-01-27,1169.17,528.426492,,,
2021-01-28,1164.79,527.551925,,,
2021-01-29,1160.13,526.810771,,,
2021-01-31,,,216.06225806451613,74.98195693548386,35191.11
2021-02-01,1157.5,526.810771,,,
2021-02-02,1157.5,525.809055,,,
2021-02-03,1157.5,525.809055,,,
2021-02-04,1159.84,525.809055,,,
2021-02-05,1156.51,525.423674,,,
2021-02-08,1152.43,,,,
2021-02-09,1148.34,525.423674,,,
2021-02-10,1146.59,525.349564,,,
2021-02-11,1142.22,525.186524,,,
2021-02-12,1142.22,525.171703,,,
2021-02-16,1136.68,524.697412,,,
2021-02-17,1132.89,524.697412,,,
2021-02-18,1132.89,523.808151,,,
2021-02-19,1127.64,523.185671,,,
2021-02-22,1115.4,523.185671,,,
2021-02-23,1110.44,522.296438,,,
2021-02-24,1106.36,521.496135,,,
2021-02-25,1100.24,520.755119,,,
2021-02-26,1093.53,519.643603,,,
2021-02-28,,,154.39642857142863,72.32457789285715,35196.91
2021-03-01,1084.5,518.131957,,,
2021-03-02,1087.12,516.322963,,,
2021-03-03,1082.38,513.151563,,,
2021-03-04,1078.3,511.373219,,,
2021-03-05,1069.26,509.891278,,,
2021-03-08,1063.43,508.750191,,,
2021-03-09,1061.98,507.890689,,,
2021-03-10,1060.23,506.319885,,,
2021-03-11,1055.27,506.319885,,,
2021-03-12,1052.07,506.319885,,,
2021-03-15,1050.32,505.816052,,,
2021-03-16,1050.32,505.653051,,,
2021-03-17,1048.28,505.593778,,,
2021-03-18,1048.28,504.156419,,,
2021-03-19,1051.78,507.105203,,,
2021-03-22,1051.78,507.697919,,,
2021-03-23,1045.36,507.697919,,,
2021-03-24,1043.03,507.609014,,,
2021-03-25,1043.03,507.105222,,,
2021-03-26,1036.62,506.882962,,,
2021-03-29,1037.5,506.882962,,,
2021-03-30,1037.5,506.275471,,,
2021-03-31,1037.5,503.949257,176.70193548387093,77.55295370967742,35244.45
2021-04-01,1032.83,503.949257,,,
2021-04-05,1032.83,503.841709,,,
2021-04-06,1029.04,503.308326,,,
2021-04-07,1028.69,503.412038,,,
2021-04-08,1026.07,502.819399,,,
2021-04-09,1026.07,501.871182,,,
2021-04-12,1026.07,501.308181,,,
2021-04-13,1026.07,500.908163,,,
2021-04-14,1022.86,500.01924,,,
2021-04-15,1022.86,498.759942,,,
2021-04-16,1019.66,498.759942,,,
2021-04-19,1021.7,497.767329,,,
2021-04-20,1021.7,497.767329,,,
2021-04-21,1021.7,497.767329,,,
2021-04-22,1021.7,496.908081,,,
2021-04-23,1021.7,496.908081,,,
2021-04-26,1021.7,496.611793,,,
2021-04-27,1021.7,496.611793,,,
2021-04-28,1021.7,496.048861,,,
2021-04-29,1017.04,495.974792,,,
2021-04-30,1017.04,495.737772,122.48066666666665,84.63264043333334,35218.63
2021-05-03,1018.2,495.737772,,,
2021-05-04,1018.2,496.048852,,,
2021-05-05,1019.33,495.948551,,,
2021-05-06,1019.33,495.504154,,,
2021-05-07,1025.15,496.007801,,,
2021-05-10,1025.15,496.007801,,,
2021-05-11,1025.15,495.933737,,,
2021-05-12,1025.15,495.933737,,,
2021-05-13,1024.28,496.585488,,,
2021-05-14,1028.36,496.392927,,,
2021-05-17,1035.93,497.015044,,,
2021-05-18,1035.93,497.015044,,,
2021-05-19,1031.27,496.852113,,,
2021-05-20,1037.09,497.414964,,,
2021-05-21,1042.92,497.414964,,,
2021-05-24,1046.12,498.985001,,,
2021-05-25,1046.12,499.133115,,,
2021-05-26,1044.08,500.554995,,,
2021-05-27,1044.08,500.554995,,,
2021-05-28,1043.21,500.554995,,,
2021-05-31,,,129.44483870967744,90.02756193548387,
2021-06-01,1045.83,501.621386,,,
2021-06-02,1041.75,501.815041,,,
2021-06-03,1041.75,501.815041,,,
2021-06-04,1043.16,501.815041,,,
2021-06-07,1037.33,501.815041,,,
2021-06-08,1037.33,502.940597,,,
2021-06-09,1043.16,502.940597,,,
2021-06-10,1044.61,502.940597,,,
2021-06-11,1044.61,502.940597,,,
2021-06-14,1044.61,502.940597,,,
2021-06-15,1044.61,502.940597,,,
2021-06-16,1045.78,503.710672,,,
2021-06-17,1041.99,503.710672,,,
2021-06-18,1053.06,503.710672,,,
2021-06-21,1049.56,503.710672,,,
2021-06-22,1049.56,504.836112,,,
2021-06-23,1046.65,504.836112,,,
2021-06-24,1042.87,504.836112,,,
2021-06-25,1042.87,504.836112,,,
2021-06-28,1045.78,504.836112,,,
2021-06-29,1045.78,504.836112,,,
2021-06-30,1045.78,504.836112,113.14600000000002,73.63074943333335,35394.82
2021-07-01,1043.16,504.836112,,,
2021-07-02,1042.58,499.665263,,,
2021-07-06,1042.23,499.665263,,,
2021-07-07,1040.48,499.665263,,,
2021-07-08,1040.19,499.665263,,,
2021-07-09,1040.19,499.665263,,,
2021-07-12,1037.28,499.665263,,,
2021-07-13,1037.28,499.665263,,,
2021-07-14,1034.37,499.665263,,,
2021-07-15,1034.37,496.704038,,,
2021-07-16,1028.55,496.704038,,,
2021-07-19,1028.55,496.704038,,,
2021-07-20,1028.55,496.704038,,,
2021-07-21,1028.55,496.704038,,,
2021-07-22,1027.38,496.704038,,,
2021-07-23,1027.38,496.704038,,,
2021-07-26,1025.64,496.704038,,,
2021-07-27,1025.64,496.704038,,,
2021-07-28,1025.64,496.704038,,,
2021-07-29,1031.46,497.533099,,,
2021-07-30,1031.46,499.487311,,,
2021-07-31,,,130.01032258064512,56.993935032258065,35440.39
2021-08-02,1029.71,499.487311,,,
2021-08-03,1027.97,499.381854,,,
2021-08-04,1027.97,499.381854,,,
2021-08-05,1027.61,498.789695,,,
2021-08-06,1025.28,498.789695,,,
2021-08-09,1023.54,498.671265,,,
2021-08-10,1023.54,498.671265,,,
2021-08-11,1023.54,497.960704,,,
2021-08-12,1023.54,497.960704,,,
2021-08-13,1021.79,497.960704,,,
2021-08-16,1020.63,497.960704,,,
2021-08-17,1017.14,497.309382,,,
2021-08-18,1015.1,496.362011,,,
2021-08-19,1015.1,495.710697,,,
2021-08-20,1011.61,495.710697,,,
2021-08-23,1006.66,495.710697,,,
2021-08-24,1004.63,495.710697,,,
2021-08-25,1001.72,495.710697,,,
2021-08-26,1001.72,495.710697,,,
2021-08-27,1001.72,495.710697,,,
2021-08-30,1001.72,495.710697,,,
2021-08-31,1000.26,495.710697,124.1441935483871,87.94968306451615,35544.28
2021-09-01,1000.26,495.710697,,,
2021-09-02,998.52,495.606673,,,
2021-09-03,998.52,496.553943,,,
2021-09-07,998.52,496.553943,,,
2021-09-08,998.52,496.553943,,,
2021-09-09,998.17,497.264366,,,
2021-09-10,998.17,497.264366,,,
2021-09-13,1000.21,498.152383,,,
2021-09-14,1000.21,498.152383,,,
2021-09-15,998.46,498.862781,,,
2021-09-16,999.92,498.862781,,,
2021-09-17,1001.66,498.862781,,,
2021-09-20,1001.66,498.862781,,,
2021-09-21,1000.79,498.862781,,,
2021-09-22,1000.79,498.862781,,,
2021-09-23,992.65,500.224294,,,
2021-09-24,993.52,500.224294,,,
2021-09-27,990.32,499.454757,,,
2021-09-28,990.03,499.454757,,,
2021-09-29,990.03,499.454757,,,
2021-09-30,990.03,498.093323,120.22966666666669,79.08872133333334,35527.16
2021-10-01,986.54,498.093323,,,
2021-10-04,986.54,496.953755,,,
2021-10-05,986.54,496.953755,,,
2021-10-06,986.54,496.953755,,,
2021-10-07,986.54,496.006708,,,
2021-10-08,985.05,496.006708,,,
2021-10-11,985.05,496.006708,,,
2021-10-12,985.05,495.059693,,,
2021-10-13,982.72,495.059693,,,
2021-10-14,982.72,495.059693,,,
2021-10-15,980.1,495.059693,,,
2021-10-18,980.1,495.059693,,,
2021-10-19,980.1,495.059693,,,
2021-10-20,980.1,495.059693,,,
2021-10-21,978.07,495.059693,,,
2021-10-22,978.07,495.059693,,,
2021-10-25,978.07,495.059693,,,
2021-10-26,979.81,495.059693,,,
2021-10-27,983.01,495.059693,,,
2021-10-28,982.14,495.059693,,,
2021-10-29,982.14,495.059693,,,
2021-10-31,,,109.64838709677417,78.00937835483872,35570.49
2021-11-01,979.52,495.059693,,,
2021-11-02,979.52,495.665658,,,
2021-11-03,978.07,496.671711,,,
2021-11-04,975.41,496.316635,,,
2021-11-05,975.41,496.316635,,,
2021-11-08,975.41,495.665673,,,
2021-11-09,975.41,495.665673,,,
2021-11-10,975.41,495.665673,,,
2021-11-11,975.99,495.665673,,,
2021-11-12,975.99,495.665673,,,
2021-11-15,975.99,495.665673,,,
2021-11-16,975.99,495.665673,,,
2021-11-17,976.87,495.665673,,,
2021-11-18,976.87,495.665673,,,
2021-11-19,985.0,496.967484,,,
2021-11-22,990.53,496.967484,,,
2021-11-23,991.11,496.967484,,,
2021-11-24,991.11,496.967484,,,
2021-11-26,992.85,496.967484,,,
2021-11-29,992.85,496.967484,,,
2021-11-30,992.85,496.967484,135.15266666666665,85.21195559999998,35553.75
2021-12-01,990.82,496.079962,,,
2021-12-02,986.17,495.97616,,,
2021-12-03,984.38,495.97616,,,
2021-12-06,982.64,495.97616,,,
2021-12-07,982.64,495.177424,,,
2021-12-08,982.64,495.177424,,,
2021-12-09,982.64,495.177424,,,
2021-12-10,982.64,495.177424,,,
2021-12-13,982.64,494.408293,,,
2021-12-14,980.6,494.408293,,,
2021-12-15,977.7,493.905413,,,
2021-12-16,977.7,492.722174,,,
2021-12-17,978.57,492.722174,,,
2021-12-20,978.57,492.722174,,,
2021-12-21,978.57,492.722174,,,
2021-12-22,973.63,490.947387,,,
2021-12-23,973.63,490.947387,,,
2021-12-27,973.63,490.947387,,,
2021-12-28,975.66,490.947387,,,
2021-12-29,975.66,489.231843,,,
2021-12-30,975.66,489.586781,,,
2021-12-31,975.66,490.947365,137.1274193548387,100.07792432258064,35582.28
2022-01-03,975.66,490.947365,,,
2022-01-04,980.31,492.130454,,,
2022-01-05,979.99,492.026998,,,
2022-01-06,978.82,492.026998,,,
2022-01-07,977.08,491.49462,,,
2022-01-10,977.08,491.49462,,,
2022-01-11,976.21,491.49462,,,
2022-01-12,976.21,491.49462,,,
2022-01-13,976.21,491.49462,,,
2022-01-14,976.21,491.49462,,,
2022-01-18,976.21,491.49462,,,
2022-01-19,981.44,491.49462,,,
2022-01-20,980.86,492.500136,,,
2022-01-21,1008.45,492.500136,,,
2022-01-24,1008.45,492.500136,,,
2022-01-25,1013.1,490.725756,,,
2022-01-26,1014.26,490.844047,,,
2022-01-27,1014.26,490.252595,,,
2022-01-28,1014.26,490.252595,,,
2022-01-31,1017.75,490.252595,145.67000000000002,130.11211332258065,35571.33
2022-02-01,1018.04,490.725739,,,
2022-02-02,1016.59,490.620448,,,
2022-02-03,1014.84,488.905326,,,
2022-02-04,1011.6,488.905326,,,
2022-02-07,1011.6,492.217241,,,
2022-02-08,1015.96,493.104343,,,
2022-02-09,1015.96,493.104343,,,
2022-02-10,1015.96,493.104343,,,
2022-02-11,1019.44,493.104343,,,
2022-02-14,1019.44,493.814006,,,
2022-02-15,1019.44,495.82468,,,
2022-02-16,1019.44,495.82468,,,
2022-02-17,1019.44,496.770867,,,
2022-02-18,1024.09,498.249276,,,
2022-02-22,1024.09,498.249276,,,
2022-02-23,1029.31,498.249276,,,
2022-02-24,1029.31,498.249276,,,
2022-02-25,1026.99,498.249276,,,
2022-02-28,1029.02,498.249276,127.98964285714284,213.19590882142856,35567.82
2022-03-01,1042.38,500.023236,,,
2022-03-02,1050.22,502.297165,,,
2022-03-03,1050.22,503.538921,,,
2022-03-04,1054.28,503.538921,,,
2022-03-07,1062.7,503.538921,,,
2022-03-08,1067.34,503.538921,,,
2022-03-09,1063.28,503.538921,,,
2022-03-10,1061.53,507.382271,,,
2022-03-11,1064.15,508.387449,,,
2022-03-14,1064.15,510.516044,,,
2022-03-15,1061.83,510.516044,,,
2022-03-16,1070.53,510.870799,,,
2022-03-17,1073.44,510.870799,,,
2022-03-18,1082.44,511.314238,,,
2022-03-21,1083.6,513.354041,,,
2022-03-22,1083.6,514.713881,,,
2022-03-23,1087.66,514.713881,,,
2022-03-24,1087.66,515.245985,,,
2022-03-25,1093.18,515.245985,,,
2022-03-28,1093.18,514.891253,,,
2022-03-29,1091.44,514.891253,,,
2022-03-30,1091.44,514.891253,,,
2022-03-31,1091.44,516.576167,186.61451612903227,306.9907064838709,35536.8
2022-04-01,1091.73,516.576167,,,
2022-04-04,1089.98,517.176454,,,
2022-04-05,1087.3,517.176454,,,
2022-04-06,1087.3,516.762632,,,
2022-04-07,1088.75,516.9991,,,
2022-04-08,1090.49,516.112352,,,
2022-04-11,1090.49,516.821745,,,
2022-04-12,1093.1,517.531125,,,
2022-04-13,1104.42,517.531125,,,
2022-04-14,1099.49,517.531125,,,
2022-04-18,1100.36,518.417831,,,
2022-04-19,1106.74,518.417831,,,
2022-04-20,1106.74,519.068061,,,
2022-04-21,1104.13,518.536059,,,
2022-04-22,1104.13,518.536059,,,
2022-04-25,1101.23,518.536059,,,
2022-04-26,1099.49,520.309329,,,
2022-04-27,1095.71,520.309329,,,
2022-04-28,1095.71,520.309329,,,
2022-04-29,1094.55,520.309329,,,
2022-04-30,,,136.31366666666668,188.66490720000004,35616.48
2022-05-02,1092.23,520.900404,,,
2022-05-03,1089.04,520.900404,,,
2022-05-04,1089.04,521.026509,,,
2022-05-05,1084.98,521.440245,,,
2022-05-06,1082.0,520.730988,,,
2022-05-09,1075.9,521.794867,,,
2022-05-10,1068.65,520.671907,,,
2022-05-11,1066.62,520.671907,,,
2022-05-12,1060.82,520.080884,,,
2022-05-13,1055.89,518.839746,,,
2022-05-16,1053.28,518.839746,,,
2022-05-17,1049.21,518.248744,,,
2022-05-18,1049.21,517.539547,,,
2022-05-19,1056.18,517.539547,,,
2022-05-20,1063.43,518.160087,,,
2022-05-23,1068.07,518.160087,,,
2022-05-24,1068.07,518.160087,,,
2022-05-25,1069.81,518.691961,,,
2022-05-26,1069.81,518.691961,,,
2022-05-27,1069.81,518.957894,,,
2022-05-31,1068.36,518.957894,133.77838709677417,138.14231574193548,35589.78
2022-06-01,1067.2,519.962496,,,
2022-06-02,1066.04,518.315245,,,
2022-06-03,1066.04,518.315245,,,
2022-06-06,1063.06,518.315245,,,
2022-06-07,1063.06,516.572038,,,
2022-06-08,1065.39,516.572038,,,
2022-06-09,1065.39,517.162947,,,
2022-06-10,1068.87,515.035687,,,
2022-06-13,1068.87,515.715223,,,
2022-06-14,1063.94,515.331146,,,
2022-06-15,1063.94,515.094791,,,
2022-06-16,1063.94,514.149382,,,
2022-06-17,1075.54,513.794857,,,
2022-06-21,1073.8,513.794857,,,
2022-06-22,1071.77,512.731314,,,
2022-06-23,1063.07,512.731314,,,
2022-06-24,1061.04,511.963209,,,
2022-06-27,1056.4,511.963209,,,
2022-06-28,1054.37,510.899711,,,
2022-06-29,1052.63,510.899711,,,
2022-06-30,1050.31,510.161182,133.46733333333333,127.80853870000001,35568.4
2022-07-01,1041.9,510.161182,,,
2022-07-05,1032.04,509.462292,,,
2022-07-06,1024.43,509.462292,,,
2022-07-07,1024.43,508.162547,,,
2022-07-08,1023.27,507.51268,,,
2022-07-11,1023.27,507.51268,,,
2022-07-12,1021.53,507.335448,,,
2022-07-13,1019.79,507.158217,,,
2022-07-14,1016.89,506.833297,,,
2022-07-15,1014.28,506.833297,,,
2022-07-18,1009.06,505.061032,,,
2022-07-19,1009.06,504.706585,,,
2022-07-20,1005.87,504.293068,,,
2022-07-21,1005.87,502.99345,,,
2022-07-22,1005.87,502.99345,,,
2022-07-25,1005.29,502.66855,,,
2022-07-26,1005.29,501.398511,,,
2022-07-27,1005.29,501.398511,,,
2022-07-28,1005.29,501.398511,,,
2022-07-29,1005.87,501.103159,,,
2022-07-31,,,146.90064516129033,113.90325154838712,35436.95
2022-08-01,1005.87,500.807808,,,
2022-08-02,1002.97,500.406925,,,
2022-08-03,1000.65,500.406925,,,
2022-08-04,1000.32,498.812083,,,
2022-08-05,999.16,498.812083,,,
2022-08-08,999.16,497.926071,,,
2022-08-09,999.16,497.571673,,,
2022-08-10,997.42,497.571673,,,
2022-08-11,997.42,497.335412,,,
2022-08-12,995.97,497.099152,,,
2022-08-15,993.94,497.099152,,,
2022-08-16,992.2,496.892429,,,
2022-08-17,989.01,496.892429,,,
2022-08-18,985.83,496.419929,,,
2022-08-19,989.01,496.419929,,,
2022-08-22,987.56,496.124621,,,
2022-08-23,984.38,496.951466,,,
2022-08-24,984.38,497.128646,,,
2022-08-25,984.38,497.128646,,,
2022-08-26,982.64,496.774291,,,
2022-08-29,980.61,496.774291,,,
2022-08-30,976.26,496.360887,,,
2022-08-31,973.37,495.947488,119.16322580645159,131.2840062258065,35427.78
2022-09-01,973.08,495.652205,,,
2022-09-02,973.08,494.951477,,,
2022-09-06,971.05,494.301866,,,
2022-09-07,971.05,493.918015,,,
2022-09-08,968.15,493.770381,,,
2022-09-09,966.64,493.770381,,,
2022-09-12,964.91,493.120801,,,
2022-09-13,962.88,492.648388,,,
2022-09-14,960.56,492.471235,,,
2022-09-15,962.01,492.264558,,,
2022-09-16,960.85,492.264558,,,
2022-09-19,957.95,491.91026,,,
2022-09-20,953.32,491.91026,,,
2022-09-21,952.16,490.138817,,,
2022-09-22,950.13,488.898815,,,
2022-09-23,947.23,488.308342,,,
2022-09-26,943.47,486.536938,,,
2022-09-27,940.86,484.588436,,,
2022-09-28,943.18,481.4,,,
2022-09-29,941.15,479.215343,,,
2022-09-30,939.7,478.949643,109.55599999999998,128.05144833333333,35392.93
2022-10-03,942.89,478.949643,,,
2022-10-04,944.63,476.515533,,,
2022-10-05,946.34,476.515533,,,
2022-10-06,946.34,476.810744,,,
2022-10-07,944.31,476.810744,,,
2022-10-10,944.31,476.663141,,,
2022-10-11,944.31,476.663141,,,
2022-10-12,945.47,476.663141,,,
2022-10-13,944.31,475.364278,,,
2022-10-14,941.13,475.069085,,,
2022-10-17,939.1,474.360625,,,
2022-10-18,938.81,467.276161,,,
2022-10-19,932.73,463.497812,,,
2022-10-20,930.99,462.258052,,,
2022-10-21,928.1,461.726729,,,
2022-10-24,928.39,459.955666,,,
2022-10-25,928.39,460.132769,,,
2022-10-26,928.39,460.664074,,,
2022-10-27,925.2,458.627415,,,
2022-10-28,922.59,458.479832,,,
2022-10-31,920.57,458.243702,139.82999999999998,138.94034180645158,35328.68
2022-11-01,919.12,457.476294,,,
2022-11-02,915.07,457.080144,,,
2022-11-03,911.59,456.076624,,,
2022-11-04,906.96,454.984565,,,
2022-11-07,905.48,453.922029,,,
2022-11-08,908.38,453.331743,,,
2022-11-09,908.38,453.09563,,,
2022-11-10,911.57,452.918547,,,
2022-11-11,910.12,452.033133,,,
2022-11-14,910.41,452.269242,,,
2022-11-15,904.62,452.269242,,,
2022-11-16,906.35,452.269242,,,
2022-11-17,906.35,451.856066,,,
2022-11-18,904.62,451.501917,,,
2022-11-21,906.06,451.501917,,,
2022-11-22,906.93,451.501917,,,
2022-11-23,906.93,451.974098,,,
2022-11-25,908.96,451.088765,,,
2022-11-28,908.09,451.088765,,,
2022-11-29,908.09,451.442886,,,
2022-11-30,908.09,451.088767,147.65466666666669,113.91822810000002,35363.61
2022-12-01,906.64,450.498573,,,
2022-12-02,905.49,451.058803,,,
2022-12-05,903.46,451.058803,,,
2022-12-06,906.06,451.058803,,,
2022-12-07,908.09,451.058803,,,
2022-12-08,908.09,450.409616,,,
2022-12-09,910.4,450.409616,,,
2022-12-12,910.4,450.409616,,,
2022-12-13,912.72,450.409616,,,
2022-12-14,911.56,449.494889,,,
2022-12-15,913.88,449.494889,,,
2022-12-16,910.4,449.494889,,,
2022-12-19,912.14,449.494889,,,
2022-12-20,913.88,449.494889,,,
2022-12-21,913.88,449.494889,,,
2022-12-22,913.88,449.494889,,,
2022-12-23,913.01,448.816263,,,
2022-12-27,918.51,448.816263,,,
2022-12-28,918.51,448.816263,,,
2022-12-29,918.51,448.816263,,,
2022-12-30,917.64,448.816263,,,
2022-12-31,,,132.44451612903228,108.7284824516129,36745.8
2023-01-03,917.64,448.963783,,,
2023-01-04,916.77,449.578855,,,
2023-01-05,916.77,450.168915,,,
2023-01-06,915.33,450.168915,,,
2023-01-09,915.33,450.168915,,,
2023-01-10,914.17,450.729453,,,
2023-01-11,912.43,450.758955,,,
2023-01-12,912.14,450.758955,,,
2023-01-13,912.14,450.758955,,,
2023-01-17,909.24,450.758955,,,
2023-01-18,910.98,451.584968,,,
2023-01-19,912.43,451.584968,,,
2023-01-20,917.05,452.056969,,,
2023-01-23,917.05,452.410968,,,
2023-01-24,917.34,452.410968,,,
2023-01-25,919.37,452.410968,,,
2023-01-26,919.37,452.410968,,,
2023-01-27,918.5,452.410968,,,
2023-01-30,917.05,452.410968,,,
2023-01-31,917.05,451.762015,186.76645161290318,100.22495935483872,35369.11
2023-02-01,918.5,451.762015,,,
2023-02-02,920.24,453.142923,,,
2023-02-03,920.24,453.142923,,,
2023-02-06,917.92,451.845053,,,
2023-02-07,920.82,449.957283,,,
2023-02-08,921.1,450.488214,,,
2023-02-09,920.79,450.488214,,,
2023-02-10,920.79,450.488214,,,
2023-02-13,920.79,450.488214,,,
2023-02-14,920.79,450.016294,,,
2023-02-15,921.08,450.016294,,,
2023-02-16,921.08,447.922183,,,
2023-02-17,919.92,445.444659,,,
2023-02-21,919.92,445.149717,,,
2023-02-22,919.06,445.149717,,,
2023-02-23,917.32,445.149717,,,
2023-02-24,917.32,445.149717,,,
2023-02-27,917.61,444.559864,,,
2023-02-28,915.3,444.559864,120.97035714285713,118.78111328571428,35494.52
2023-03-01,912.69,444.146978,,,
2023-03-02,912.69,444.06027,,,
2023-03-03,912.12,442.880609,,,
2023-03-06,912.12,441.288076,,,
2023-03-07,906.62,441.288076,,,
2023-03-08,906.62,440.934189,,,
2023-03-09,903.15,440.462345,,,
2023-03-10,901.42,440.462345,,,
2023-03-13,913.27,439.872546,,,
2023-03-14,913.27,440.462334,,,
2023-03-15,914.72,440.462334,,,
2023-03-16,914.72,440.698247,,,
2023-03-17,921.08,440.698247,,,
2023-03-20,924.55,441.523929,,,
2023-03-21,923.11,441.995739,,,
2023-03-22,923.11,442.408569,,,
2023-03-23,925.42,441.612402,,,
2023-03-24,923.97,441.612402,,,
2023-03-27,923.97,442.497022,,,
2023-03-28,927.73,443.145728,,,
2023-03-29,929.47,443.440593,,,
2023-03-30,929.47,443.823914,,,
2023-03-31,928.02,444.354664,140.28096774193546,102.28556751612903,35362.77
2023-04-03,930.04,444.354664,,,
2023-04-04,930.04,445.266922,,,
2023-04-05,930.91,447.03603,,,
2023-04-06,930.91,447.153969,,,
2023-04-10,933.22,447.153969,,,
2023-04-11,932.93,447.743648,,,
2023-04-12,934.08,448.333322,,,
2023-04-13,930.61,448.333322,,,
2023-04-14,927.72,448.746089,,,
2023-04-17,925.7,450.456109,,,
2023-04-18,924.25,452.225058,,,
2023-04-19,926.57,452.225058,,,
2023-04-20,926.57,452.578843,,,
2023-04-21,923.68,452.873662,,,
2023-04-24,927.43,452.873662,,,
2023-04-25,930.04,453.168472,,,
2023-04-26,930.04,453.168472,,,
2023-04-27,926.28,453.168472,,,
2023-04-28,926.28,453.168472,,,
2023-04-30,,,138.75733333333338,104.48280359999997,35587.83
2023-05-01,924.83,453.168472,,,
2023-05-02,928.3,452.225124,,,
2023-05-03,928.3,452.427503,,,
2023-05-04,930.03,452.427503,,,
2023-05-05,931.77,452.427503,,,
2023-05-08,937.55,453.311868,,,
2023-05-09,934.95,453.311868,,,
2023-05-10,938.99,454.284645,,,
2023-05-11,937.84,454.756291,,,
2023-05-12,937.54,454.756291,,,
2023-05-15,934.07,454.756291,,,
2023-05-16,934.94,455.286874,,,
2023-05-17,936.96,455.286874,,,
2023-05-18,936.96,455.581638,,,
2023-05-19,942.74,455.581638,,,
2023-05-22,943.89,455.581638,,,
2023-05-23,941.29,455.581638,,,
2023-05-24,941.29,455.581638,,,
2023-05-25,941.29,455.699538,,,
2023-05-26,941.29,455.699538,,,
2023-05-30,939.56,455.463742,,,
2023-05-31,939.56,455.463742,190.4554838709677,104.39919345161287,35682.18
2023-06-01,938.11,455.19848,,,
2023-06-02,938.11,454.452934,,,
2023-06-05,939.56,454.452934,,,
2023-06-06,938.11,454.452934,,,
2023-06-07,934.65,454.099266,,,
2023-06-08,934.65,453.981377,,,
2023-06-09,931.76,453.981377,,,
2023-06-12,931.43,453.981377,,,
2023-06-13,931.43,453.981377,,,
2023-06-14,929.7,453.981377,,,
2023-06-15,929.7,453.156197,,,
2023-06-16,934.03,452.861492,,,
2023-06-20,934.03,452.419437,,,
2023-06-21,932.3,451.388006,,,
2023-06-22,929.7,450.798621,,,
2023-06-23,927.1,450.798621,,,
2023-06-26,925.66,450.798621,,,
2023-06-27,925.66,449.855637,,,
2023-06-28,926.81,449.089469,,,
2023-06-29,924.5,448.735855,,,
2023-06-30,921.9,448.735855,122.38633333333333,109.05524893333335,35695.12
2023-07-03,921.9,448.735855,,,
2023-07-05,917.86,446.785486,,,
2023-07-06,917.86,446.785486,,,
2023-07-07,915.26,446.372959,,,
2023-07-10,915.26,446.372959,,,
2023-07-11,914.95,446.372959,,,
2023-07-12,914.66,445.665793,,,
2023-07-13,914.66,445.665793,,,
2023-07-14,914.66,445.253285,,,
2023-07-17,912.93,445.253285,,,
2023-07-18,912.07,446.019346,,,
2023-07-19,913.8,446.019346,,,
2023-07-20,913.8,446.019346,,,
2023-07-21,919.0,446.019346,,,
2023-07-24,919.0,444.811352,,,
2023-07-25,919.0,444.811352,,,
2023-07-26,917.26,444.811352,,,
2023-07-27,915.82,444.811352,,,
2023-07-28,912.93,444.281036,,,
2023-07-31,912.93,444.281036,101.65290322580644,103.9361161935484,35669.42
2023-08-01,909.18,443.809656,,,
2023-08-02,909.18,443.125871,,,
2023-08-03,906.0,441.358224,,,
2023-08-04,906.0,440.592249,,,
2023-08-07,903.69,440.179804,,,
2023-08-08,903.69,439.708447,,,
2023-08-09,903.38,439.708447,,,
2023-08-10,903.38,440.003041,,,
2023-08-11,899.63,440.003041,,,
2023-08-14,895.87,440.003041,,,
2023-08-15,894.43,440.003041,,,
2023-08-16,894.43,440.003041,,,
2023-08-17,887.5,439.296051,,,
2023-08-18,890.1,438.765812,,,
2023-08-21,889.23,438.323949,,,
2023-08-22,884.9,438.323949,,,
2023-08-23,884.9,439.266564,,,
2023-08-24,884.04,437.027866,,,
2023-08-25,884.04,433.493107,,,
2023-08-28,886.64,430.429668,,,
2023-08-29,889.23,430.429668,,,
2023-08-30,890.1,430.900954,,,
2023-08-31,890.1,430.046753,97.61935483870964,98.63547148387097,35730.73
2023-09-01,890.97,430.046753,,,
2023-09-05,889.81,429.247716,,,
2023-09-06,886.64,428.658636,,,
2023-09-07,886.64,428.305191,,,
2023-09-08,886.64,428.305191,,,
2023-09-11,884.89,428.305191,,,
2023-09-12,884.89,427.892852,,,
2023-09-13,882.0,427.892852,,,
2023-09-14,879.7,427.892852,,,
2023-09-15,880.27,426.950384,,,
2023-09-18,880.27,426.066825,,,
2023-09-19,878.83,426.066825,,,
2023-09-20,878.25,426.066825,,,
2023-09-21,878.83,426.066825,,,
2023-09-22,877.39,426.066825,,,
2023-09-25,876.52,426.066825,,,
2023-09-26,872.77,413.903994,,,
2023-09-27,873.64,413.256101,,,
2023-09-28,873.64,412.843809,,,
2023-09-29,873.64,411.960334,,,
2023-09-30,,,89.22933333333334,96.74180506666671,35664.54
2023-10-02,875.08,410.0756,,,
2023-10-03,873.35,410.572846,,,
2023-10-04,869.31,410.572846,,,
2023-10-05,867.58,410.337263,,,
2023-10-06,865.85,408.982673,,,
2023-10-09,861.81,408.570409,,,
2023-10-10,861.51,408.570409,,,
2023-10-11,862.37,408.099263,,,
2023-10-12,862.37,406.862513,,,
2023-10-13,862.37,406.509158,,,
2023-10-16,855.45,406.509158,,,
2023-10-17,853.43,406.509158,,,
2023-10-18,848.24,406.509158,,,
2023-10-19,848.24,405.920255,,,
2023-10-20,863.24,404.212446,,,
2023-10-23,860.07,403.093543,,,
2023-10-24,860.07,402.828545,,,
2023-10-25,861.8,402.357441,,,
2023-10-26,861.8,402.357441,,,
2023-10-27,861.8,402.357441,,,
2023-10-30,859.49,402.357441,,,
2023-10-31,859.49,402.357441,140.11,193.91779690322582,35683.83
2023-11-01,861.51,402.357441,,,
2023-11-02,861.51,402.274441,,,
2023-11-03,863.24,402.009461,,,
2023-11-06,867.57,402.009461,,,
2023-11-07,867.28,402.009461,,,
2023-11-08,867.28,402.009461,,,
2023-11-09,867.28,402.009461,,,
2023-11-10,868.14,401.155678,,,
2023-11-13,870.45,401.155678,,,
2023-11-14,870.45,401.155678,,,
2023-11-15,870.45,400.743521,,,
2023-11-16,870.45,400.478565,,,
2023-11-17,883.43,398.064534,,,
2023-11-20,883.43,398.064534,,,
2023-11-21,883.43,397.681832,,,
2023-11-22,882.28,397.063625,,,
2023-11-24,882.28,396.592613,,,
2023-11-27,882.28,396.592613,,,
2023-11-28,880.55,396.592613,,,
2023-11-29,878.53,396.592613,,,
2023-11-30,876.51,396.180496,114.53366666666668,154.0095962,35821.36
2023-12-01,878.82,396.180496,,,
2023-12-04,881.12,396.100895,,,
2023-12-05,880.83,396.100895,,,
2023-12-06,880.83,396.100895,,,
2023-12-07,880.55,398.602914,,,
2023-12-08,880.55,398.602914,,,
2023-12-11,878.54,398.602914,,,
2023-12-12,875.65,398.602914,,,
2023-12-13,877.96,398.602914,,,
2023-12-14,877.67,398.897255,,,
2023-12-15,879.69,398.897255,,,
2023-12-18,879.69,398.897255,,,
2023-12-19,877.67,398.897255,,,
2023-12-20,878.25,398.897255,,,
2023-12-21,878.25,398.897255,,,
2023-12-22,878.25,398.897255,,,
2023-12-26,878.25,398.602931,,,
2023-12-27,881.71,398.602931,,,
2023-12-28,880.55,398.602931,,,
2023-12-29,879.11,398.602931,,,
2023-12-31,,,128.02548387096772,139.744903,35827.5
2024-01-02,878.54,398.602931,,,
2024-01-03,874.21,397.813377,,,
2024-01-04,874.21,394.870379,,,
2024-01-05,869.6,394.870379,,,
2024-01-08,869.6,394.870379,,,
2024-01-09,869.6,394.870379,,,
2024-01-10,864.99,394.870379,,,
2024-01-11,863.84,394.752665,,,
2024-01-12,863.84,394.752665,,,
2024-01-16,864.4,394.399526,,,
2024-01-17,862.1,394.399526,,,
2024-01-18,862.1,394.399526,,,
2024-01-19,860.95,394.046403,,,
2024-01-22,858.93,394.046403,,,
2024-01-23,858.93,395.870823,,,
2024-01-24,858.93,395.517712,,,
2024-01-25,858.93,395.517712,,,
2024-01-26,856.05,395.164605,,,
2024-01-29,854.89,395.164605,,,
2024-01-30,852.88,395.164605,,,
2024-01-31,851.15,395.164605,143.06548387096777,157.20400561290327,35809.27
2024-02-01,851.72,394.870361,,,
2024-02-02,851.72,394.610491,,,
2024-02-05,851.72,394.610491,,,
2024-02-06,847.69,394.610491,,,
2024-02-07,842.22,394.610491,,,
2024-02-08,843.66,394.610491,,,
2024-02-09,841.92,391.962442,,,
2024-02-12,841.92,391.226878,,,
2024-02-13,840.48,391.226878,,,
2024-02-14,839.04,390.697286,,,
2024-02-15,837.31,390.108856,,,
2024-02-16,837.89,390.108856,,,
2024-02-20,836.16,389.814644,,,
2024-02-21,829.82,389.638122,,,
2024-02-22,827.81,389.461601,,,
2024-02-23,827.81,389.167401,,,
2024-02-26,827.81,389.167401,,,
2024-02-27,826.94,388.902629,,,
2024-02-28,825.5,388.902629,,,
2024-02-29,822.91,388.902629,133.40724137931036,144.16961431034483,35927.39
2024-03-01,823.77,388.226,,,
2024-03-04,821.47,388.884954,,,
2024-03-05,821.47,388.884954,,,
2024-03-06,817.44,388.884954,,,
2024-03-07,816.57,388.708449,,,
2024-03-08,815.13,388.120104,,,
2024-03-11,815.13,388.120104,,,
2024-03-12,815.13,388.120104,,,
2024-03-13,816.86,387.737693,,,
2024-03-14,816.86,387.737693,,,
2024-03-15,831.84,387.737693,,,
2024-03-18,833.32,387.737693,,,
2024-03-19,837.35,387.737693,,,
2024-03-20,838.5,387.23764,,,
2024-03-21,838.5,387.23764,,,
2024-03-22,835.33,387.119982,,,
2024-03-25,835.33,387.119982,,,
2024-03-26,830.15,387.119982,,,
2024-03-27,830.15,387.119982,,,
2024-03-28,830.15,387.119982,,,
2024-03-31,,,112.76225806451615,131.2454458064516,35938.59
2024-04-01,826.98,387.119982,,,
2024-04-02,829.0,386.796446,,,
2024-04-03,830.72,385.012459,,,
2024-04-04,832.45,384.688926,,,
2024-04-05,826.41,383.100682,,,
2024-04-08,827.85,383.100682,,,
2024-04-09,828.71,383.100682,,,
2024-04-10,828.45,383.100682,,,
2024-04-11,830.75,383.100682,,,
2024-04-12,826.72,383.394788,,,
2024-04-15,828.45,383.394788,,,
2024-04-16,830.18,383.394788,,,
2024-04-17,827.59,383.394788,,,
2024-04-18,827.59,382.983056,,,
2024-04-19,831.9,382.983056,,,
2024-04-22,831.9,382.688966,,,
2024-04-23,833.63,383.277133,,,
2024-04-24,833.63,382.571336,,,
2024-04-25,834.78,382.571336,,,
2024-04-26,832.19,382.571336,,,
2024-04-29,832.19,382.571336,,,
2024-04-30,832.19,383.453545,119.90033333333332,160.86340176666667,35976.21
2024-05-01,831.04,383.218291,,,
2024-05-02,829.6,382.904555,,,
2024-05-03,830.47,382.904555,,,
2024-05-06,832.19,382.904555,,,
2024-05-07,830.47,382.551689,,,
2024-05-08,830.47,382.551689,,,
2024-05-09,830.47,381.610726,,,
2024-05-10,831.92,381.022628,,,
2024-05-13,831.92,381.022628,,,
2024-05-14,831.92,381.757731,,,
2024-05-15,833.36,381.757731,,,
2024-05-16,833.36,381.757731,,,
2024-05-17,838.54,381.992959,,,
2024-05-20,838.54,381.992959,,,
2024-05-21,838.54,381.992959,,,
2024-05-22,838.54,381.463712,,,
2024-05-23,833.36,381.463712,,,
2024-05-24,832.21,,,,
2024-05-28,832.21,,,,
2024-05-29,832.21,380.875691,,,
2024-05-30,832.21,380.669885,,,
2024-05-31,832.21,381.199097,91.20129032258063,128.4311297419355,35938.91
2024-06-03,832.21,381.199097,,,
2024-06-04,832.21,381.117853,,,
2024-06-05,833.65,381.117853,,,
2024-06-06,837.1,381.117853,,,
2024-06-07,835.67,381.117853,,,
2024-06-10,835.67,381.117853,,,
2024-06-11,830.77,380.647478,,,
2024-06-12,830.77,380.647478,,,
2024-06-13,829.34,379.471558,,,
2024-06-14,825.31,379.471558,,,
2024-06-17,825.31,379.118786,,,
2024-06-18,825.31,379.118786,,,
2024-06-20,833.65,379.118786,,,
2024-06-21,831.93,378.530857,,,
2024-06-24,829.05,378.530857,,,
2024-06-25,829.05,378.530857,,,
2024-06-26,829.05,378.530857,,,
2024-06-27,829.05,378.530857,,,
2024-06-28,829.05,378.530857,,,
2024-06-30,,,86.59966666666669,111.85838183333333,36004.18
2024-07-01,827.61,378.530857,,,
2024-07-02,833.37,378.530857,,,
2024-07-03,834.8,378.45314,,,
2024-07-05,834.8,377.688901,,,
2024-07-08,834.8,378.041622,,,
2024-07-09,833.37,378.041622,,,
2024-07-10,833.37,378.041622,,,
2024-07-11,835.09,378.511901,,,
2024-07-12,835.09,378.511901,,,
2024-07-15,836.53,378.511901,,,
2024-07-16,842.02,378.717642,,,
2024-07-17,842.02,379.217293,,,
2024-07-18,840.01,380.040245,,,
2024-07-19,840.01,380.040245,,,
2024-07-22,840.01,380.598668,,,
2024-07-23,841.74,381.450978,,,
2024-07-24,841.74,381.450978,,,
2024-07-25,845.19,381.450978,,,
2024-07-26,843.17,381.450978,,,
2024-07-29,843.17,381.450978,,,
2024-07-30,843.17,381.450978,,,
2024-07-31,846.05,381.744862,144.07193548387096,91.70735277419357,36039.75
2024-08-01,845.47,381.979968,,,
2024-08-02,845.47,381.666574,,,
2024-08-05,844.9,381.666574,,,
2024-08-06,848.06,381.578412,,,
2024-08-07,844.04,370.264369,,,
2024-08-08,846.91,370.264369,,,
2024-08-09,846.91,370.264369,,,
2024-08-12,849.79,369.852958,,,
2024-08-13,845.76,369.794186,,,
2024-08-14,845.76,368.031038,,,
2024-08-15,847.78,367.443327,,,
2024-08-16,854.97,363.858314,,,
2024-08-19,859.0,363.858314,,,
2024-08-20,857.27,364.387237,,,
2024-08-21,856.7,364.387237,,,
2024-08-22,857.85,364.769232,,,
2024-08-23,856.12,365.327527,,,
2024-08-26,856.12,365.973972,,,
2024-08-27,856.12,365.973972,,,
2024-08-28,856.12,365.973972,,,
2024-08-29,857.27,366.561628,,,
2024-08-30,862.74,366.796689,,,
2024-08-31,,,104.58612903225806,138.5596251935484,36089.2
2024-09-03,862.74,366.796689,,,
2024-09-04,862.74,367.012476,,,
2024-09-05,862.74,367.570721,,,
2024-09-06,862.74,367.982057,,,
2024-09-09,862.74,367.982057,,,
2024-09-10,864.46,367.982057,,,
2024-09-11,866.18,367.982057,,,
2024-09-12,870.78,367.982057,,,
2024-09-13,870.51,368.540273,,,
2024-09-16,872.23,369.069107,,,
2024-09-17,872.23,369.069107,,,
2024-09-18,872.23,369.069107,,,
2024-09-19,873.96,369.509786,,,
2024-09-20,875.39,369.97984,,,
2024-09-23,875.39,369.97984,,,
2024-09-24,877.12,370.684905,,,
2024-09-25,877.12,370.684905,,,
2024-09-26,877.12,370.684905,,,
2024-09-27,871.94,371.360579,,,
2024-09-30,871.94,370.361763,100.904,128.25949740000001,36089.8
2024-10-01,874.82,370.361763,,,
2024-10-02,874.82,370.700285,,,
2024-10-03,877.4,372.051579,,,
2024-10-04,876.26,373.285361,,,
2024-10-07,876.26,375.782284,,,
2024-10-08,876.26,375.782284,,,
2024-10-09,876.26,375.782284,,,
2024-10-10,876.26,375.782284,,,
2024-10-11,877.98,375.782284,,,
2024-10-14,880.57,375.782284,,,
2024-10-15,884.59,375.782284,,,
2024-10-16,884.59,375.782284,,,
2024-10-17,884.59,376.428494,,,
2024-10-18,888.63,377.133446,,,
2024-10-21,891.79,378.073377,,,
2024-10-22,895.24,378.073377,,,
2024-10-23,893.8,379.718213,,,
2024-10-24,893.8,379.718213,,,
2024-10-25,889.78,380.158788,,,
2024-10-28,891.5,380.158788,,,
2024-10-29,889.78,380.158788,,,
2024-10-30,892.65,380.158788,,,
2024-10-31,891.79,380.158788,117.26580645161292,129.36137712903223,36113.96
2024-11-01,888.63,380.922415,,,
2024-11-04,888.63,380.844437,,,
2024-11-05,886.91,380.844437,,,
2024-11-06,883.46,380.844437,,,
2024-11-07,880.58,380.844437,,,
2024-11-08,876.85,380.844437,,,
2024-11-11,871.97,384.192463,,,
2024-11-12,870.53,385.543391,,,
2024-11-13,868.52,386.130747,,,
2024-11-14,867.37,389.243711,,,
2024-11-15,869.93,389.860425,,,
2024-11-18,871.65,389.860425,,,
2024-11-19,872.23,389.860425,,,
2024-11-20,875.39,389.860425,,,
2024-11-21,877.97,391.622401,,,
2024-11-22,877.97,392.591482,,,
2024-11-25,879.41,392.885141,,,
2024-11-26,879.41,392.415298,,,
2024-11-27,878.55,392.767677,,,
2024-11-29,878.55,392.767677,,,
2024-11-30,,,232.69233333333338,127.36047626666667,36130.35
2024-12-02,875.96,392.767677,,,
2024-12-03,873.66,392.452974,,,
2024-12-04,873.66,392.452974,,,
2024-12-05,871.94,392.452974,,,
2024-12-06,871.94,392.452974,,,
2024-12-09,870.79,392.452974,,,
2024-12-10,870.79,392.452974,,,
2024-12-11,873.38,392.452974,,,
2024-12-12,868.5,393.275113,,,
2024-12-13,863.9,393.275113,,,
2024-12-16,864.19,392.68788,,,
2024-12-17,864.19,392.68788,,,
2024-12-18,863.9,392.68788,,,
2024-12-19,860.74,392.570438,,,
2024-12-20,877.4,392.570438,,,
2024-12-23,873.95,392.570438,,,
2024-12-24,873.95,392.570438,,,
2024-12-26,872.8,392.570438,,,
2024-12-27,872.52,392.570438,,,
2024-12-30,872.52,392.687873,,,
2024-12-31,872.52,392.687873,184.918064516129,138.00500170967743,36320.79
2025-01-02,872.52,392.687873,,,
2025-01-03,871.08,393.192134,,,
2025-01-06,871.08,393.192134,,,
2025-01-07,871.08,393.192134,,,
2025-01-08,871.08,393.192134,,,
2025-01-10,876.82,393.192134,,,
2025-01-13,874.52,393.192134,,,
2025-01-14,872.52,394.190218,,,
2025-01-15,872.52,394.190218,,,
2025-01-16,868.78,394.190218,,,
2025-01-17,879.12,394.190218,,,
2025-01-21,871.66,394.190218,,,
2025-01-22,869.36,391.841906,,,
2025-01-23,864.19,391.841906,,,
2025-01-24,860.17,391.841906,,,
2025-01-27,857.02,391.841906,,,
2025-01-28,861.04,391.841906,,,
2025-01-29,865.34,391.841906,,,
2025-01-30,864.19,391.841906,,,
2025-01-31,864.77,391.929962,252.38225806451612,112.2118931935484,36165.26
2025-02-03,865.63,391.929962,,,
2025-02-04,863.05,392.730824,,,
2025-02-05,864.19,392.730824,,,
2025-02-06,864.19,392.730824,,,
2025-02-07,868.5,392.730824,,,
2025-02-10,871.08,392.730824,,,
2025-02-11,871.94,392.730824,,,
2025-02-12,866.5,393.141722,,,
2025-02-13,864.2,393.758066,,,
2025-02-14,863.06,394.75595,,,
2025-02-18,869.94,394.75595,,,
2025-02-19,877.98,395.34292,,,
2025-02-20,883.72,398.395148,,,
2025-02-21,904.38,399.275592,,,
2025-02-24,907.53,400.390813,,,
2025-02-25,907.82,401.85818,,,
2025-02-26,906.96,401.85818,,,
2025-02-27,906.1,401.85818,,,
2025-02-28,904.38,411.307794,328.4260714285714,133.36347517857143,36213.3
2025-03-03,900.93,412.246878,,,
2025-03-04,901.8,414.987981,,,
2025-03-05,900.36,416.631338,,,
2025-03-06,898.64,417.863847,,,
2025-03-07,894.34,418.802895,,,
2025-03-10,891.75,419.829973,,,
2025-03-11,895.2,419.829973,,,
2025-03-12,898.64,419.301776,,,
2025-03-13,905.81,420.475538,,,
2025-03-14,906.41,424.055493,,,
2025-03-17,907.27,422.969776,,,
2025-03-18,907.27,422.969776,,,
2025-03-19,909.28,423.850064,,,
2025-03-20,910.43,423.850064,,,
2025-03-21,930.51,424.466258,,,
2025-03-24,929.07,424.466258,,,
2025-03-25,929.36,424.055474,,,
2025-03-26,929.36,424.055474,,,
2025-03-27,929.65,424.055474,,,
2025-03-28,931.94,424.055474,,,
2025-03-31,933.38,424.877023,503.6670967741936,168.74001158064516,36197.33
2025-04-01,931.37,424.877023,,,
2025-04-02,931.94,425.320537,,,
2025-04-03,936.24,425.643278,,,
2025-04-04,932.8,426.904896,,,
2025-04-07,926.78,427.961126,,,
2025-04-08,925.92,427.315666,,,
2025-04-09,937.09,427.315666,,,
2025-04-10,949.71,428.782602,,,
2025-04-11,953.15,430.073499,,,
2025-04-14,953.15,431.100345,,,
2025-04-15,953.15,431.100345,,,
2025-04-16,957.17,431.100345,,,
2025-04-17,952.29,433.329996,,,
2025-04-21,959.17,434.063428,,,
2025-04-22,947.7,435.14888,,,
2025-04-23,949.14,436.204992,,,
2025-04-24,948.56,435.236902,,,
2025-04-25,946.27,435.236902,,,
2025-04-28,946.27,435.236902,,,
2025-04-29,947.13,436.20496,,,
2025-04-30,944.26,437.319687,560.876,140.3828182,36194.82
2025-05-01,945.41,437.319687,,,
2025-05-02,944.26,437.553931,,,
2025-05-05,939.39,437.553931,,,
2025-05-06,937.95,437.553931,,,
2025-05-07,937.67,437.553931,,,
2025-05-08,939.67,438.169928,,,
2025-05-09,937.94,439.489911,,,
2025-05-12,939.09,439.489911,,,
2025-05-13,936.51,439.489911,,,
2025-05-14,931.92,440.164544,,,
2025-05-15,927.62,438.991279,,,
2025-05-16,918.73,438.521975,,,
2025-05-19,921.03,437.524714,,,
2025-05-20,921.6,437.524714,,,
2025-05-21,919.88,435.06095,,,
2025-05-22,923.89,435.06095,,,
2025-05-23,922.46,434.738319,,,
2025-05-27,922.46,434.738319,,,
2025-05-28,925.61,434.738319,,,
2025-05-29,930.2,431.805422,,,
2025-05-30,930.2,431.805422,,,
2025-05-31,,,499.3090322580646,166.12035548387095,36233.86
2025-06-02,933.07,432.714606,,,
2025-06-03,935.64,432.741665,,,
2025-06-04,935.64,432.741665,,,
2025-06-05,935.64,432.741665,,,
2025-06-06,934.21,433.680145,,,
2025-06-09,936.22,433.680145,,,
2025-06-10,935.91,433.680145,,,
2025-06-11,934.19,434.325328,,,
2025-06-12,937.91,434.765222,,,
2025-06-13,940.49,435.996918,,,
2025-06-16,941.93,437.199281,,,
2025-06-17,945.94,437.199281,,,
2025-06-18,947.37,437.756458,,,
2025-06-20,950.24,437.756458,,,
2025-06-23,957.4,437.756458,,,
2025-06-24,955.68,439.04671,,,
2025-06-25,953.39,440.307624,,,
2025-06-26,953.39,441.92041,,,
2025-06-27,954.82,441.92041,,,
2025-06-30,952.53,441.92041,399.6626666666668,219.1391912,36274.29
2025-07-01,948.23,441.92041,,,
2025-07-02,947.66,441.772095,,,
2025-07-03,947.66,442.241248,,,
2025-07-07,947.66,442.241248,,,
2025-07-08,946.51,442.241248,,,
2025-07-09,947.37,442.241248,,,
2025-07-10,948.8,442.241248,,,
2025-07-11,947.64,443.06222,,,
2025-07-14,947.64,443.06222,,,
2025-07-15,947.64,443.531335,,,
2025-07-16,950.79,445.173226,,,
2025-07-17,948.5,446.082122,,,
2025-07-18,943.62,446.961694,,,
2025-07-21,947.06,448.427638,,,
2025-07-22,954.8,449.307187,,,
2025-07-23,954.8,450.069459,,,
2025-07-24,957.09,449.600372,,,
2025-07-25,957.09,449.600372,,,
2025-07-28,956.23,449.307197,,,
2025-07-29,956.23,449.307197,,,
2025-07-30,955.37,449.307197,,,
2025-07-31,954.51,450.040106,371.98516129032254,132.7243123548387,36305.84
2025-08-01,953.08,450.040106,,,
2025-08-04,954.8,449.945867,,,
2025-08-05,955.94,450.444229,,,
2025-08-06,952.79,451.089165,,,
2025-08-07,959.09,452.144507,,,
2025-08-08,959.64,452.613545,,,
2025-08-11,964.22,452.613545,,,
2025-08-12,964.22,452.613545,,,
2025-08-13,964.22,453.287763,,,
2025-08-14,961.35,453.287763,,,
2025-08-15,965.36,453.287763,,,
2025-08-18,965.36,453.287763,,,
2025-08-19,962.21,451.998009,,,
2025-08-20,958.2,452.49632,,,
2025-08-21,956.77,453.141189,,,
2025-08-22,956.77,451.675588,,,
2025-08-25,958.49,451.675588,,,
2025-08-26,959.92,454.548086,,,
2025-08-27,962.5,455.456729,,,
2025-08-28,967.94,455.896391,,,
2025-08-29,977.68,456.336052,,,
2025-08-31,,,306.94483870967747,136.50153658064517,36344.49
2025-09-02,990.56,456.71709,,,
2025-09-03,984.26,456.9177,,,
2025-09-04,981.97,457.855609,,,
2025-09-05,981.97,459.936583,,,
2025-09-08,979.68,460.727934,,,
2025-09-09,979.68,462.86747,,,
2025-09-10,979.95,,,,
2025-09-11,977.95,,,,
2025-09-12,974.8,,,,
2025-09-15,976.8,464.567356,,,
2025-09-16,979.95,464.567356,,,
2025-09-17,975.66,471.132159,,,
2025-09-18,975.66,473.476714,,,
2025-09-19,994.56,474.473142,,,
2025-09-22,1000.57,474.473142,,,
2025-09-23,1000.57,474.473142,,,
2025-09-24,996.85,477.16928,,,
2025-09-25,996.85,478.898312,,,
2025-09-26,1005.72,478.898312,,,
2025-09-29,1011.73,478.898312,,,
2025-09-30,1012.88,481.066862,341.92299999999994,123.28822103333333,36359.73
2025-10-01,1018.89,481.066862,,,
2025-10-02,1015.74,482.265617,,,
2025-10-03,1014.88,483.555002,,,
2025-10-06,1013.16,484.34621,,,
2025-10-07,1013.15,484.404817,,,
2025-10-08,1014.58,484.404817,,,
2025-10-09,1013.44,484.756453,,,
2025-10-10,1017.16,484.756453,,,
2025-10-13,1018.88,484.756453,,,
2025-10-14,1021.45,487.422943,,,
2025-10-15,1022.6,487.979679,,,
2025-10-16,1034.62,488.82943,,,
2025-10-17,1047.21,487.188541,,,
2025-10-20,1058.66,487.540157,,,
2025-10-21,1058.66,488.419183,,,
2025-10-22,1052.37,488.419183,,,
2025-10-23,1052.37,485.196162,,,
2025-10-24,1046.93,484.258559,,,
2025-10-27,1038.92,484.08276,,,
2025-10-28,1038.92,483.320984,,,
2025-10-29,1036.05,482.998697,,,
2025-10-30,1040.35,482.998697,,,
2025-10-31,1039.2,482.998697,354.1867741935484,151.95104761290324,36359.45
2025-11-03,1041.78,482.998697,,,
2025-11-04,1038.63,481.606101,,,
2025-11-05,1038.63,481.606101,,,
2025-11-06,1040.35,481.606101,,,
2025-11-07,1042.06,481.840478,,,
2025-11-10,1042.06,482.309229,,,
2025-11-11,1046.36,482.309229,,,
2025-11-12,1046.64,482.895153,,,
2025-11-13,1048.93,483.276,,,
2025-11-14,1044.0,484.242763,,,
2025-11-17,1041.43,484.242763,,,
2025-11-18,1041.43,484.242763,,,
2025-11-19,1043.72,484.242763,,,
2025-11-20,1039.43,484.008406,,,
2025-11-21,1040.57,484.008406,,,
2025-11-24,1040.86,484.008406,,,
2025-11-25,1040.86,484.008406,,,
2025-11-26,1045.43,484.008406,,,
2025-11-28,1045.43,484.008406,,,
2025-11-30,,,335.87700000000007,103.35834776666668,36392.69
2025-12-01,1050.01,484.008406,,,
2025-12-02,1048.3,484.908969,,,
2025-12-03,1046.58,485.494813,,,
2025-12-04,1050.58,485.494813,,,
2025-12-05,1050.25,485.729147,,,
2025-12-08,1049.11,486.022063,,,
2025-12-09,1047.97,486.25639,,,
2025-12-10,1046.82,486.25639,,,
2025-12-11,1050.83,486.490715,,,
2025-12-12,1053.11,488.423878,,,
2025-12-15,1051.68,489.302586,,,
2025-12-16,1051.68,489.771219,,,
2025-12-17,1052.54,490.357007,,,
2025-12-18,1052.54,491.118527,,,
2025-12-19,1052.54,491.821463,,,
2025-12-22,1064.56,491.821463,,,
2025-12-23,1064.56,492.641536,,,
2025-12-24,1068.27,492.641536,,,
2025-12-26,1071.13,492.641536,,,
2025-12-29,1071.99,493.520163,,,
2025-12-30,1071.99,493.783744,,,
2025-12-31,1070.56,493.783744,351.91709677419345,131.00608348387098,36457.39
2026-01-02,1065.13,493.783744,,,
2026-01-05,1065.13,492.333496,,,
2026-01-06,1067.13,491.864929,,,
2026-01-07,1067.13,491.864929,,,
2026-01-08,1067.13,491.864929,,,
2026-01-09,1064.56,492.157777,,,
2026-01-12,1070.8,491.689223,,,
2026-01-13,1074.23,491.689223,,,
2026-01-14,1074.23,491.689223,,,
2026-01-15,1074.8,492.333464,,,
2026-01-16,1085.67,492.977701,,,
2026-01-20,1081.66,494.149031,,,
2026-01-21,1077.66,494.149031,,,
2026-01-22,1079.66,494.149031,,,
2026-01-23,1086.53,494.558983,,,
2026-01-26,1086.53,494.558983,,,
2026-01-27,1087.38,494.558983,,,
2026-01-28,1089.96,494.558983,,,
2026-01-29,1086.53,494.558983,,,
2026-01-30,1087.1,497.984907,,,
2026-01-31,,,349.7509677419354,166.94677287096775,36492.07
2026-02-02,1087.1,497.984907,,,
2026-02-03,1083.38,497.38322,,,
2026-02-04,1081.95,500.54542,,,
2026-02-05,1077.95,500.54542,,,
2026-02-06,1076.23,500.54542,,,
2026-02-09,1079.66,499.432816,,,
2026-02-10,1079.32,499.432816,,,
2026-02-11,1081.32,499.842712,,,
2026-02-12,1076.18,500.194049,,,
2026-02-13,1077.03,500.194049,,,
2026-02-17,1075.61,500.194049,,,
2026-02-18,1075.61,500.194049,,,
2026-02-19,1078.75,499.784176,,,
2026-02-20,1078.75,499.784176,,,
2026-02-23,1086.47,499.315756,,,
2026-02-24,1094.19,499.315756,,,
2026-02-25,1097.62,499.315756,,,
2026-02-26,1097.9,499.315756,,,
2026-02-27,1101.33,499.315756,,,
2026-02-28,,,360.2289285714285,117.48928321428569,36520.7
2026-03-02,1101.33,499.608506,,,
2026-03-03,1099.04,498.815528,,,
2026-03-04,1081.04,498.464237,,,
2026-03-05,1075.89,498.464237,,,
2026-03-06,1073.32,494.21952,,,
2026-03-09,1070.71,494.043878,,,
2026-03-10,1073.57,494.043878,,,
2026-03-11,1077.28,494.043878,,,
2026-03-12,1075.85,494.043878,,,
2026-03-13,1071.56,487.135566,,,
2026-03-16,1070.71,485.730497,,,
2026-03-17,1069.56,482.276444,,,
2026-03-18,1066.99,479.876185,,,
2026-03-19,1062.13,477.768665,,,
2026-03-20,1056.99,477.329605,,,
2026-03-23,1052.7,475.866084,,,
2026-03-24,1052.99,474.314789,,,
2026-03-25,1052.42,474.314789,,,
2026-03-26,1052.7,474.314789,,,
2026-03-27,1049.56,474.666018,,,
2026-03-30,1046.13,475.017246,,,
2026-03-31,1047.28,476.070909,406.25258064516123,325.286060483871,36535.39
2026-04-01,1050.99,476.656275,,,
2026-04-02,1050.99,478.920612,,,
2026-04-06,1054.42,478.920612,,,
2026-04-07,1054.42,478.920612,,,
2026-04-08,1052.99,479.388885,,,
2026-04-09,1052.42,481.496107,,,
2026-04-10,1052.42,481.876575,,,
2026-04-13,1047.19,481.876575,,,
2026-04-14,1049.48,481.876575,,,
2026-04-15,1051.76,481.730246,,,
2026-04-16,1052.91,481.730246,,,
2026-04-17,1060.62,481.730246,,,
2026-04-20,1059.76,481.730246,,,
2026-04-21,1055.48,481.408336,,,
2026-04-22,1050.91,481.759508,,,
2026-04-23,1049.19,481.759508,,,
2026-04-24,1046.62,481.759508,,,
2026-04-27,1044.34,481.759508,,,
2026-04-28,1040.91,481.759508,,,
2026-04-29,1039.2,482.11066,,,
2026-04-30,1035.77,482.11066,345.6140000000001,246.2011817666667,36615.81
2026-05-01,1035.77,483.456728,,,
2026-05-04,1035.77,482.507474,,,
2026-05-05,1034.05,481.951504,,,
2026-05-06,1033.2,481.512584,,,
2026-05-07,1033.48,481.512584,,,
2026-05-08,1034.0,481.629628,,,
2026-05-11,1036.28,481.629628,,,
2026-05-12,1038.28,481.629628,,,
2026-05-13,1039.99,481.629628,,,
2026-05-14,1039.99,481.27851,,,
2026-05-15,1037.42,481.27851,,,
2026-05-18,1038.85,480.99,,,
2026-05-19,1036.85,480.985917,,,
2026-05-20,1036.85,479.288927,,,
2026-05-21,1037.71,478.703762,,,
2026-05-22,1034.85,478.703762,,,
2026-05-26,1034.85,478.703762,,,
2026-05-27,1034.85,478.703762,,,
2026-05-28,1032.57,479.054843,,,
2026-05-29,1029.14,478.469712,,,
2026-05-31,,,372.1480645161292,199.50393412903227,36660.84
2026-06-01,1028.86,478.469712,,,
2026-06-02,1028.0,478.364598,,,
2026-06-03,1026.86,477.925765,,,
2026-06-04,1025.14,477.516011,,,
2026-06-05,1019.92,478.803239,,,
2026-06-08,1019.92,478.803239,,,
2026-06-09,1016.49,478.247407,,,
2026-06-10,1013.64,477.369783,,,
2026-06-11,1013.64,475.877837,,,
2026-06-12,1013.64,474.35665,,,
2026-06-15,1012.21,472.308907,,,
2026-06-16,1012.21,470.699993,,,
2026-06-17,1013.07,470.699993,,,
2026-06-18,1020.49,472.104117,,,
2026-06-22,1022.2,470.348979,,,
2026-06-23,1017.64,469.646945,,,
2026-06-24,1013.35,469.295931,,,
2026-06-25,1007.08,466.42935,,,
2026-06-26,1005.08,465.551832,,,
2026-06-29,1005.08,465.142325,,,
2026-06-30,1005.08,464.703578,354.8370000000001,176.00127310000002,36558.5405
2026-07-01,1005.36,464.352583,,,
2026-07-02,1001.37,463.052205,,,
2026-07-06,1002.79,462.701214,,,
2026-07-07,1002.51,463.432427,,,
2026-07-08,1002.51,463.432427,,,
2026-07-09,1005.65,462.847465,,,
2026-07-10,1002.45,462.467242,,,
2026-07-13,1002.45,461.940784,,,
2026-07-14,1004.45,461.940784,,,
2026-07-15,1001.88,461.736056,,,
2026-07-16,1001.88,461.736056,,,
2026-07-17,999.02,461.355852,,,
2026-07-20,1003.59,460.887913,,,
2026-07-21,1005.87,460.887913,,,
2026-07-22,1007.87,462.057732,,,
2026-07-23,1009.3,461.706787,,,
2026-07-24,1009.3,462.233199,,,
2026-07-27,1009.3,461.88226,,,
2026-07-28,1008.73,461.88226,,,
2026-07-29,1009.3,461.88226,,,
2026-07-30,1007.87,461.88226,,,
2026-07-31,1007.01,461.589822,287.1525806451613,166.32179641935483,36664.4525
2026-08-03,1005.87,461.326631,,,
2026-08-04,1009.3,460.759509,,,
2026-08-05,1014.15,459.00495,,,
2026-08-06,1014.72,459.00495,,,
2026-08-07,1017.54,457.893744,,,
2026-08-10,1020.96,456.841027,,,
2026-08-11,1022.67,456.841027,,,
2026-08-12,1025.81,456.841027,,,
2026-08-13,1023.24,456.314687,,,
2026-08-14,1023.53,456.490132,,,
2026-08-17,1030.66,456.197725,,,
2026-08-18,1025.24,456.197725,,,
2026-08-19,1034.65,456.753284,,,
2026-08-20,1038.93,457.805916,,,
2026-08-21,1047.21,458.653865,,,
2026-08-24,1049.49,460.115838,,,
2026-08-25,1048.35,460.495945,,,
2026-08-26,1045.5,460.495945,,,
2026-08-27,1046.64,460.846807,,,
2026-08-28,1042.36,460.846807,,,
2026-08-31,1042.36,460.495951,234.2645161290323,126.59355574193545,36705.43
2026-09-01,1046.64,460.495951,,,
2026-09-02,1056.62,460.397781,,,
2026-09-03,1053.48,460.573201,,,
2026-09-04,1052.06,460.777858,,,
2026-09-08,1050.63,460.777858,,,
2026-09-09,1050.63,460.777858,,,
2026-09-10,1050.28,461.362565,,,
2026-09-11,1047.42,461.537976,,,
2026-09-14,1047.42,462.590434,,,
2026-09-15,1050.28,464.19832,,,
2026-09-16,1051.99,464.19832,,,
2026-09-17,1052.84,464.666063,,,
2026-09-18,1057.12,464.49066,,,
2026-09-21,1055.41,464.724528,,,
